35.93223347092617 18.99395343288498 1.002143276956988
14.09935851632588 6.327902031749441 0.9824731785826329
56.87892815837586 12.55698166115069 1.004078694801803
26.8184720793825 6.923912319319282 0.9387865847231701
15.81803985071277 5.474287817941181 0.9881977767805517
46.98944070655361 52.01113247033727 0.9585928886251693
46.47470621647066 4.743466686337938 0.9364968779366921
14.48205536952338 41.097887282771 1.090788731965858
12.50691545266049 22.39786806115781 0.9802079149231403
49.89955427073853 26.04948749162698 1.007192466497059
25.55631647145204 28.831787715122 0.9917882083831595
3.684963290898578 2.142799440837837 1.072860118105964
32.96335265830315 3.563891422731751 1.043663646375814
33.36436442116479 41.51825318137102 0.9551852132834249
48.869650255828 49.18240427187756 1.037421685228779
49.61030165972668 3.666865394295596 0.9368751863509266
41.72544841874645 27.9534332426048 1.016534930255834
12.05132052537581 39.88728132792156 0.9993318390459827
21.60537184942764 49.86319717758484 0.9582676049592335
18.91268464266913 11.31936235787317 1.042531469958548
43.33671380874548 6.956125567181094 1.050002357146427
9.098925008018933 13.91816558964465 1.025524844810321
50.5855685489185 23.79870611000746 0.9988820043801834
8.316959291378483 47.73355378198137 1.019736387970892
19.13233721541815 55.30950031723338 1.019229405394611
35.29148199655651 37.94302460455476 1.067091614491454
36.99136184062407 20.01693038876025 0.9411678926271756
47.2590090438067 40.82980602645772 0.9277429729368298
13.81097549703483 33.02205490368514 1.003405405715527
44.34141726155831 41.67144590228398 1.021636009181482
39.67978573342775 25.2962302194425 1.05658168628374
39.21439580908716 25.27869155084653 1.008909456141668
15.57741682491145 38.07829933524052 0.9922665367620983
28.8118530906792 14.36096170980528 1.039843558669137
22.20387640698062 17.14457603550729 0.9991872267506173
20.51228879229738 6.984058434136239 1.026251475720518
35.04854765955757 39.73672296932746 0.8548519343087599
23.56652896924248 41.74281230370645 0.9741678143790922
1.329611580506718 21.90126106278098 1.048610332092877
6.572706965064959 0.1462581502954746 0.9687646300280031
13.96725903496484 38.26582996699299 0.9800770953645915
31.39676183294354 6.071807243429035 1.004293622352893
16.13410772203193 53.60063826646685 0.9519447216794672
54.09599667000398 21.30398389245569 0.9882887182824822
34.49638582183811 17.60828543575866 0.9238464002948721
0.3450084050861226 56.21987913326355 0.9989883251336198
37.85249015821726 23.91153737432861 1.048340484784865
45.81279846365229 1.429163853837719 1.05639831566136
27.85313055424631 52.38550542871724 1.046913747992729
38.00204445980584 40.19585688700707 1.010984734325284
1.002776612528961 15.26199861255567 1.023420901340829
21.33380585598471 1.103110568180266 1.080895775155057
29.00017671193936 44.55018913492103 0.9934472510672898
8.854173000834031 42.41906224164137 0.943906922143864
43.7044587911593 37.14221532742596 1.067300618536524
10.96100457057404 20.32478587111681 1.072319393586505
17.99858756689289 56.77380303422632 1.060820816326598
52.15930843640086 23.32937175563042 0.9763539102096942
30.67210771035036 28.81064377902571 0.9527536415301374
12.00650063949008 17.83253929057743 0.9672304052284647
26.93615075616918 53.97550353872381 0.9952550513805504
35.82014572053223 6.001290526707327 1.020121135624751
48.32842780338993 44.67431872136626 1.017268569442306
24.81653404879222 46.38434846484305 1.05265604876449
22.08235376425197 4.178628482939037 1.103132778618069
24.50341435405585 43.19942185990485 0.9251099954245292
32.81716134250963 46.25736407901038 0.9790063593685129
12.58673583464079 5.723247664851717 1.1424012402938
56.78711355793621 29.41649851268926 0.9506420920136095
47.24903780326668 44.3335505911771 0.9671981047870755
8.769117683064714 40.4811155658593 0.9550615744551091
5.713369987305891 14.42365289732053 1.014743048001622
12.84902231667611 54.04179781723851 0.9428593120958942
50.65372354986785 54.15703814949703 1.12883043516667
31.09313415041805 18.85455781633712 1.02198686885515
5.053979676241977 6.017557800289969 1.001379747479514
44.85391255694158 37.10511965728603 1.027318252175576
29.85714687772894 3.225767130602974 1.074117684715002
45.57475528147759 20.10618468099562 0.9966303757146392
4.191604754511083 9.300670207618117 0.9640820924827265
40.58647782243158 17.04062707118719 1.01524943718138
21.3100021296693 38.41715238355899 0.9761788503842356
12.59895508205469 14.96372565299446 1.066059361455439
33.81828349587428 8.774586990836349 1.030760516363273
42.28863771040395 38.87226317211626 1.010128956297063
18.97738280285959 48.78617237032679 0.9154690915112523
30.58319863238521 4.80575009845465 0.9653305009202328
8.031517255600317 14.14206873585566 0.995942690529284
23.54653019110976 55.59083500392308 0.9942692441163903
24.75365990249145 15.67754645490905 0.9286300796623576
36.4345006190401 8.340137698380341 1.077283478723617
51.02458716604141 54.02817565576554 1.022833637313894
24.19412100091303 6.623542221553411 1.009448876171637
11.5428984982627 35.6042691644301 1.011908203337654
27.68244795020784 26.33504331593171 1.016619483450194
18.1212156597158 39.33001806416084 0.9819223173141093
51.46558085152208 43.68852914063657 0.9649223013987447
27.99408600525655 15.88522474276145 1.104909858142737
34.18173068537457 3.712259504810096 0.9997318991144025
0.7404351340329438 25.85631438757121 0.9754999099807683
34.8298600464267 12.73233644279295 0.8037208516198274
1.542521220884528 40.16752441980295 1.069001066455349
6.749760664882959 29.22496917109236 0.9739027099463097
18.8847998976171 27.62378336890777 0.9618729916097558
54.82659813427674 13.35038074913918 1.042264536696804
15.84747882971888 15.14291033295119 0.9504308556588417
49.91385542085108 16.93541191422167 1.111566891558023
42.77700487467321 55.45353588855524 0.8657255509230043
45.24980431387657 19.95873553350509 0.9828751866664206
15.63856697019123 44.39293795656084 0.9129659708211855
54.14040490525794 17.18108821761845 0.9618139820989046
46.40605738871081 37.06303005901307 0.9985421599811228
19.38674564025679 8.290857286327917 0.9794729580449674
21.6412380354671 21.99912591092248 0.9621470571098697
0.8103054299998588 37.48871686518599 1.039356748709229
54.42412877940765 7.601486127172357 1.01530417508534
23.08874039542337 40.20113365408086 0.9943454914115253
3.159869161043255 8.220817382550248 0.9926046294685297
1.250542330206624 51.32492254596433 0.9691148478375832
20.31983592422672 26.76561488013976 0.9532654416971259
4.411792321788051 17.46024080294196 1.016815461984619
21.35040637308285 33.35276048646903 1.07480541414541
12.03528470407952 40.73715201333964 0.9573564306341406
0.9504957347877769 6.284855781721349 1.063852476701875
41.72122401638013 1.760801164787636 0.9707875954973433
52.48496204218127 41.19770142631499 1.067228458529132
29.46474638742616 18.57370241106194 1.096703307950612
29.9122470938192 27.5587042148964 0.9435029483216425
43.74058575916131 31.16278942402582 1.021080281335238
48.18164381579572 42.20346265854475 0.9947103706153608
24.6332485492496 52.59343613758377 0.8676464977830394
44.93271210693415 39.60097548672975 0.9724337662070325
7.751261821366503 29.5763298531884 1.064228327835375
10.46255874748461 22.63475828181708 1.030416082869865
8.907557842278647 5.947520763123185 1.017579667928199
24.52122317418513 31.23129473544252 0.9614164885161853
16.89207260631587 54.43347026800433 0.866774488877267
1.500292008044334 19.77790348128318 1.002657117392304
8.877088316659018 26.13354055729394 0.9578362977328988
37.71349217775906 42.93703040151718 0.9673597421911602
35.55490161271528 25.64620428469321 1.078153432104665
55.22253413788161 27.86107945389164 0.9843652943037996
52.00792101677876 34.08371977279136 0.9782753955203057
56.71847805460844 23.81293490473783 0.987175685684934
11.41800050084386 6.550937709655118 1.011864517850089
37.78223244509763 22.07731174075851 0.9628162280711519
33.37269391649063 39.57223136889387 0.9573333933760915
6.245857027008132 27.21026208773733 0.9949411043253382
24.74685703671857 15.12294537020984 1.00830168938239
26.66373714835557 34.05729482279033 1.017751940232246
26.05522703056002 5.218638761070855 1.069720496854912
35.00975296507112 37.35968940861509 0.971960612734138
49.00320292310938 34.72823099313687 0.9615507323861276
39.36042707243954 22.06140112134693 1.025668486655873
31.43517516201137 15.73312096238747 0.9427890586626367
27.3554073294417 45.44893158108412 0.9746814000518229
26.00243488745877 23.69920997447297 1.04061343988743
0.7565047707206126 54.62235524068696 1.00011281503416
0.8848107968851974 3.46000385166146 0.9921457286598551
35.94233617742655 39.39579003555504 0.9863054052869628
52.02958986117951 27.94553907399324 0.9789226476227022
8.560077569242603 13.72716954384333 1.00222990607183
23.46459082628814 39.99525273125398 0.9297813430526126
40.14039797295835 50.16236507713905 1.167830325314292
38.97771286032056 10.49580530240005 0.9579432795436793
34.19501527687303 10.17842484180742 1.020723734757566
3.646319757050983 34.95152004759364 1.024871421658252
25.19335095220867 9.715858449561456 0.9216151291709832
3.828618770851111 42.31737198090058 1.018301890591352
43.72056168584179 17.4781501667938 0.9464724488344478
48.92253083918362 10.18515248558724 1.060486111847029
14.54518639601077 20.26108866243674 1.048849933304594
51.10960617340617 53.15648302769124 0.8725134667931251
6.334907842955975 31.88755616726706 0.8311540753523337
6.256141444787449 14.13568792545036 1.060868738829661
14.15205608781057 33.35943026717726 1.029812620662911
30.46522626069618 28.8383247292779 0.9446344498133075
40.97594919380543 47.47225577639055 1.036078814500871
48.26649003022653 27.69651085310453 1.021375210983771
37.88166333869177 8.423808814689428 0.9624218388291554
4.571842161739172 19.16503914080795 0.9799471815270292
39.42612780324469 43.14721583255903 1.04389195484935
15.27351158544119 10.66736418691807 0.9658963149294358
42.55492035418512 20.70797867454029 0.9304812424437625
35.74410735384753 21.97360704884567 0.9515509907726767
37.49944746564117 3.288671323232665 0.9843349620933457
20.64667604148699 21.47539663290391 0.9903154140067854
49.17190748600844 1.711333016264873 1.012997529484779
52.10218691458096 30.05357082470021 1.031226864483084
45.31996732266618 34.06456921951127 0.9035913803219275
42.31210195567091 2.771804525876327 0.9994929327229904
23.47978320041661 34.41709600175596 1.021767801633666
49.840629332159 31.85542719245676 1.06061929904585
13.69629744519307 49.04774761435005 0.9963433668987082
55.74921395478268 51.19574491083424 0.9881338077054382
15.67114154373814 46.09734606374863 1.031068114302389
31.30905604144049 7.843049003203888 0.9933394525213758
37.8966198279041 0.9438209109678031 1.061570767233409
26.08527203234158 30.11522979341225 1.057314966392119
51.20834427616016 20.61388753383136 0.9797580630369664
17.93909174806396 17.68812747657677 0.9919834459603628
1.953387701862207 6.239852087683907 1.053456838428259
17.39199056680873 0.7026016301021919 0.9335913013906582
1.825755541597379 51.40754766781235 0.9549809191782859
23.94978754546018 49.63443464815357 0.9648912754848357
50.57825555912138 46.90406262963268 0.9885988792857064
34.96163716677653 53.69482796019633 1.077846037836964
45.13136768393748 56.72129115542457 1.043568069559435
29.79367416714955 39.33971196009764 1.051286701769612
0.02783941013172241 18.36616219830055 0.9782274292333401
1.512486942351091 49.57139407916525 0.9689112470283755
15.35358170762359 18.65656079009947 0.9142976702052406
18.674515541957 39.30336925308377 1.031082379985256
44.14977662644804 4.86925094428903 0.9513434072511131
29.39736874233809 22.11141376668187 1.013325313206391
29.03515852197779 27.23423080343484 0.9530187959283841
25.35945849835847 29.06299793210951 0.9932562171674071
21.63439201127477 32.31079815249461 1.070833829233633
30.33782011146556 20.44563817812393 1.062066703773051
19.69248134349123 53.24399914510735 1.081771832051376
1.773264286468394 35.04606305111482 0.9608784740755778
17.3494322776559 26.19155534691716 0.9339274340797383
2.941085941130801 4.499208904103939 1.112248084930278
26.61062267078582 32.62488519569155 1.074885761528785
39.51621566876593 31.44364113986662 1.060386536906864
9.070333723011583 51.35549030609219 0.9791703497397271
16.64949861292238 34.42979224791275 0.9585216883390961
4.301737688622315 45.05288024947647 0.9909345571714979
37.56068976715239 34.63955780008787 0.9770799197734887
12.14585418586892 28.19099974454893 0.960226363462977
13.21788275577961 13.91911847233731 0.9991486345514831
34.36689830076271 23.58649504677695 0.9503249085403173
54.30999801136088 37.30798424189351 0.9391001698123281
12.6464388988197 54.69632664820939 0.8047105318513192
3.995689471715917 52.16265459412833 0.8474320553446988
41.57792237707317 38.2103014845449 1.044706738233349
20.6715115619225 1.227420963452859 1.045228365664968
6.477312578110635 19.94183139453727 0.9626919466489368
32.14288002305798 44.03800234526303 0.9669481107208427
23.64636187937407 18.06946091124297 0.9511193943527767
45.34821137615862 1.013260153594082 1.045654389467793
38.32124442203028 12.74165990890081 1.042422535271871
14.02901366354386 50.96768332084999 0.9720164675266644
46.13033788843562 39.57795429210083 0.9517494399459939
44.34072441763279 30.70826026550879 0.9519287852347776
31.93568122896165 36.42834948256069 0.9819056431340649
52.1022357531368 38.41299380707228 0.9993430060789622
25.45099612579262 53.95157007172311 1.014591417024639
10.88651414722507 29.46288208172791 0.9876354724831378
46.69265079344281 30.32517533159124 0.9533290835523116
40.78837320058997 35.04086216960143 0.8984293746624243
20.69907153057823 12.65967988067292 1.094349712279607
38.185989040968 34.72808519412209 1.090996601629356
26.46596132892461 51.99018561373939 1.021207242269405
48.10574867348454 1.401642557886263 1.078605005547164
39.81463636495855 30.78871592031267 1.015597750113649
13.45310012318804 8.265632490751162 0.8641202936092516
37.72851457247907 34.41909944425295 0.9751874650446491
47.05852655976011 27.42116536592188 1.006263100291474
5.462027508980607 39.08271023448683 0.9446098241885608
56.29122889241727 26.16109903955883 1.013208890019682
3.889184207138225 1.369753316682649 1.034198365057207
29.10119347837809 56.64197253652009 0.9632429874021811
55.29330890266844 30.84123390393389 1.084169118652951
24.99505829345205 29.71184394588314 0.9622006062228825
3.500559866195805 30.50231842720058 0.9790804147797112
16.07532712261906 31.24084585823158 1.020330020323249
24.22500706102001 16.40422002524334 0.9754062548234362
18.74735899118118 29.68703457000062 0.9982520920388636
2.379290300132376 48.72652809821373 1.045724823261541
30.92012253120547 42.11477555712442 1.004742099566699
15.95600946105831 40.31500210068887 0.9123936259064158
1.925275353214366 33.00522776507085 0.9683733642196849
4.003865550273967 45.32662635358359 1.010694785694894
49.24993814725892 28.22887261129398 1.00901726361677
53.44709698690432 27.55169070630879 1.000170966921312
2.501358527923636 48.04617065193419 1.005019956884577
46.99542441172312 55.09264253084205 1.09610608820036
1.302243834036516 5.951433846238737 0.9794532230372681
38.95666161130958 29.532341337545 1.00805501309638
8.653354406661053 45.46420777703831 1.058206520438821
49.81368666692343 40.73623074299481 1.028488485253027
33.64666181134371 42.06362478763965 1.032102364148391
53.06092189953706 12.88101048249798 0.9462608113974209
41.59528477564235 25.09680684194752 1.033887443512711
52.6484975482563 15.14640974819027 0.9436950128349044
29.08855236139547 50.81718747029881 0.9420511888006313
22.9059998970041 10.02248296142671 0.9704907571250266
9.953893589300053 24.20824375758331 1.037225308649642
27.4357629448342 54.93057841897503 0.9765231016942734
20.89387953183329 36.08911737803794 1.096095783496727
41.36247544100623 1.055814647141758 0.9490024584956256
21.27209759749104 53.32757876875232 0.9446134619473845
9.208589224707609 24.02860755986935 1.054227631032374
42.42982631243292 21.85364044497425 1.013035061076547
37.00005019316452 34.15954165726879 0.9681156545627934
31.89551130444534 0.02710874286811275 0.9576433118744383
47.33622452585782 49.44551790386695 0.8889940504713857
23.954086957478 11.23010403114841 0.9328309611092218
11.85634872915985 52.94378809116026 1.00012816927735
46.55734596334274 53.21882417016608 1.017161506842952
28.16246300477649 1.754992110540621 1.045530237913618
3.461533082398369 13.59228929066671 0.9444871234444554
51.67061312481324 3.608682722136696 0.9864011928658413
42.69206403554048 26.56612440271588 1.004588354507707
24.36763560416533 13.68538322238502 0.9644908528382621
30.68754305629411 46.37739053665539 0.9519714989225058
38.82290841397965 6.662978691823305 1.072007695845588
32.25387161330035 10.35754364279916 1.05001072980311
6.301331733959416 6.569197755572013 0.9631952233185425
40.32904451262627 3.300934445718739 1.034214449529191
39.73385999479045 45.5611042946396 0.9131913058483954
34.63043953554259 43.19539310373151 1.012221546501586
23.39013108629274 8.483546304741663 0.9675933095239623
12.13283621572556 47.75776669045806 1.070783403031383
37.13515722711345 4.877821288014679 0.9687065052964704
6.844146827628904 18.95806561455041 1.031542063498127
29.31560928389226 28.55265182515264 0.9495256433497242
26.20823880993213 35.61694101785167 0.9441548523005178
38.91787546357041 52.52049089713045 1.019501328509623
42.41273072101769 21.65173545836086 0.9556773517434961
7.847128535549682 43.23498875053366 1.065940740671372
21.28224234761775 2.575043991010191 0.981138158436304
39.99502348201118 6.449126493860561 1.091993113640475
34.61354349209626 52.12785969773673 1.051048141388765
4.660294280694934 44.79238579738531 1.082559204984638
53.30011602598248 16.20109428707561 0.8718087752770243
44.75374611222826 53.09864304824669 0.9284617200965737
4.232666274641019 22.87559566641021 1.011861403729988
18.39608653699797 48.04865706528009 0.9814887385591321
7.802277196572291 2.477681702225321 0.9688285471178461
45.71267045275899 32.37406964291542 0.9577733119638341
18.22444972313216 28.77166586032681 1.076161842295023
53.34733287633738 32.42768553850599 1.067195342014463
35.90008328850385 34.2955717930084 1.026869873087751
22.08795756385101 6.069851949377848 0.9582699782199386
56.7614718562744 48.97836180216557 1.07319603756221
45.07700482386957 35.9182435338936 1.014559379187207
10.39081360837017 50.71293116813197 1.005435888296574
41.76158820686936 29.87106246867732 0.8781479708653954
31.26458184759346 52.85341550216703 0.9715545717275879
28.22748511853976 6.744917897388767 1.056807325867561
48.74891813413655 29.7315518957244 0.9957636835817487
8.849162165005302 4.311723925784102 0.9431510596002907
2.397396000287214 44.74924545350915 0.9465826070086022
28.30962299616524 3.695253282643507 1.033056373555804
18.23698389960312 28.07109485243964 1.047218407697024
28.84080463966392 25.97712637622707 0.9502258862698686
34.4635510502679 50.90958991176895 0.9949563357278992
23.78065235390358 29.02860836918867 1.014282363437661
15.07855470621891 12.30112052816018 1.020227623726991
19.04603842554895 40.75477877713497 1.028014569643936
16.03759169394038 27.01042950153836 0.986610171002378
31.32215342732247 13.1218852657461 0.934128193833246
12.63599928591214 12.92944914611497 1.086406925236648
16.62470242875847 43.5260011155745 0.9777069283901089
12.01671713451702 12.29831748702485 0.9873600999140982
53.04893739570348 8.289366861008745 1.112009344091038
53.58015630514368 30.5124884194287 0.9936850583840749
23.37279116938486 7.816182329699482 1.053211737945257
38.28072965484147 15.37865181238328 0.9351229208108449
35.04656770734422 1.659351009251248 0.9959532829027518
22.97980509418054 47.68256701979906 1.033186673965428
31.62818930187644 31.21350258412468 0.9766467396758028
34.79482339918373 43.64490643639346 0.9610672804828992
14.24793631222469 39.56075746685302 1.04099507531836
22.53275248153729 10.82809259082568 0.9818533172865174
5.172275391021872 5.810873509762284 0.9257105065390893
50.71131835445357 28.54506658694943 1.018049259545138
43.92371839933271 7.749277993919923 0.9231265925785241
32.31881608968546 43.05714898885095 0.9868466650317952
52.91506884382808 52.95565954966268 0.9946097416744336
4.31536465432279 18.89487391146593 0.9635389155345333
10.16369622161784 18.2664158182528 1.057520387302614
50.11766739381368 44.95851962080157 1.011883606994435
2.201905214787417 19.15925856687094 0.965518296526355
19.19024490527354 24.73465769632471 1.129934684059084
49.4663669506397 35.15962657526118 1.051350864085242
38.07436427477485 43.17768527855058 1.035612485286358
2.450698108156537 50.48854935098838 0.9833749263179551
36.68556052385157 20.359789950475 1.005956354185249
16.31544947359499 0.4599276503827086 1.035797370084321
51.49550325260288 2.953676016514039 0.96903010357713
21.22009183476683 12.4817598538854 0.9881321892359477
49.61771909502229 26.13141408941309 0.9704660173726958
19.55428200613441 18.27802378743795 1.028833631395722
43.56498298913473 12.02064893023141 0.9946632389336908
55.19833420878199 3.142343471824351 1.034472481656215
19.34076735160349 16.36806747008491 0.9924665977381201
9.85661679453059 33.45631553067654 1.028377995519864
42.15125541023503 6.001179790590508 0.9955508157315723
8.211647545551717 25.64047273511089 0.959946664927963
38.30695980801571 0.8293666140313105 1.003667053709521
52.64899092384101 40.06255945426531 1.044489074048501
41.71969932444379 15.20327290343273 0.9998260443419928
27.22392183366414 54.77823360440239 0.9780578469451524
52.9240295509454 25.42225604244613 1.035593752505597
31.14764761372825 22.20751774600126 1.013157224274867
0.6481200976521336 40.20459245899906 0.950057216522618
43.75704053033005 28.09460353017533 0.9887328634324617
32.93442751929836 51.96868807588177 1.02512171682654
31.56952254407551 29.3792937520795 1.020351723413259
6.650318490644134 32.91010578577878 1.001376738571041
30.68833936363847 53.58800556351804 0.9928691451468398
2.296496366754405 31.60891643986521 1.032269514154502
29.30024852291692 48.90906480183315 0.9655351777032795
38.73376015980438 3.447896110102486 1.040810747655476
43.65248856910154 37.79080517766569 0.9460572982555376
46.49110782262455 30.4095290994316 0.9830616333796485
25.37821714877068 5.620484946584555 0.9453056102695362
36.66692264269428 21.17627183868376 0.995094235560202
12.62331742589516 28.69697058047027 1.030124053388735
53.7058107958668 19.2736359165393 1.008758097320197
50.95779237195747 55.44437263414467 1.031766783447808
9.904332143210029 5.810594784939007 1.041990842413593
54.71965958677217 24.2649526466918 1.055040137579239
42.65247680277214 11.83624210806389 1.001894493727853
49.62704728572957 53.13794072677285 0.9485683597595452
2.714494418219894 1.512455940485213 0.9957977124033316
7.132940913612461 55.23039865830466 0.8974777311835678
49.26898343221703 4.260388950007218 0.9615013845180054
32.95735953047749 19.26272647141606 0.9903082246376552
24.1659367481088 37.56443587018384 0.9531255056348211
15.85985154698596 10.59030565181296 0.9320462090048188
18.75818562310105 25.76418369019599 0.9796718797110592
7.968764356322943 14.12056002352413 0.9898411551579743
28.55433075668026 50.62124115909508 1.10984351495391
22.92620647788337 18.58384939077489 0.9583126441413283
31.33910433451603 25.64070092264596 1.043130167754124
53.73341251617922 27.22924624487257 0.983064997096691
48.13297900843107 46.00239592185356 0.9219118483348656
50.89469675342306 7.44699469881458 1.015763229331575
32.95262118193909 18.06063347498916 1.019638878249144
38.37444649048822 3.871282115984374 1.015378890528363
3.17544008706484 0.1326321135892682 0.893473263852863
4.422010223577735 37.60423016250331 1.013554693231143
33.69690057388362 32.97634098025799 0.9698017185281969
11.17750458800118 54.15167779948175 1.003184384528623
21.23755206970384 42.5166089490599 1.076859591510038
35.41918929918631 19.52579118522154 0.965818114675454
11.56310364583652 26.55216828107469 1.022241474900025
40.24206299159772 2.42288380741276 0.9694763590126739
50.49973356607358 16.19468414699411 1.069751284701041
8.779818582245996 1.857963772890141 0.9441463587776205
42.38244622451367 11.95525869585353 0.9509057415622472
52.62214219319734 8.228499793553958 1.006738419100727
39.38894709031514 26.84761348825302 1.007527849628149
23.99929126119208 32.11975454218674 0.9939897844701219
36.08306060083353 46.79166995677709 0.9500730071292783
9.317461115455936 28.01671556244451 0.9570330998538219
41.05441818109453 17.84564819598834 0.9776293218918671
20.26853200340109 7.5691879426917 0.9232021785328933
40.49116529314367 40.75204928580301 1.016413476754424
42.61001305869316 31.46279827573467 1.013892201807022
4.226242544700504 44.60060894517257 1.023228935709977
51.01321505522971 42.10285247308335 1.057547791169912
43.98634158446749 33.40216211900216 1.112582020175651
29.98829857259444 6.051674371609312 0.9768574266474208
25.74142712622016 46.44191051574513 1.064210310468359
17.45862605164695 4.608342426180999 0.9222093789795384
52.90453643766443 31.52808045480777 0.9085299863899308
39.09726839749947 12.39598883893154 1.003003928221227
56.92511772686854 28.17762044872046 1.008784377167242
2.640418697912441 8.893215259021714 0.9850832668008319
30.13573970419156 49.12112900434114 0.9810112371334331
34.2239814508818 31.63739863440273 1.070486187464677
0.5511168518807352 46.17444741221818 0.8789140707671383
25.12420458166125 2.494241237404868 1.124257177095304
33.57140502080853 50.8656317344241 0.9367941202183989
1.733671692075986 24.82905638722193 1.00140444097353
40.92285825960471 30.63849526440655 0.965556564137209
43.03448410333809 40.92724250207061 1.07858140229281
51.19774707928195 47.7014568176593 1.0337096977918
56.59467207668101 56.59811296528117 0.9972891573058148
45.95929475499284 44.24572910007356 0.9122493711335676
18.8831277079336 24.2981845234978 0.9215545480778899
12.35772359155012 48.38907039928672 1.013035109812574
50.88331163669159 28.38932019350553 1.033840349089288
31.34755988109277 42.81946336329889 0.9663233615543753
52.21424114155315 27.2483211780192 0.9960148688391933
28.10113621787221 36.13709937461517 0.9232579399053249
50.193138861653 34.21742938701875 1.078219306051303
22.09098969497298 39.15243359010314 1.060104233294272
5.335709769435092 40.34628619502591 0.97560603494386
13.13624189008784 17.69343336098522 0.944558472316358
55.17536156073928 25.61866817791884 1.008730384586063
36.34347722974768 29.52292141528936 0.9512488928546116
32.10644786716739 3.896137437269156 1.009583927004123
42.78947203084336 32.99326428305044 1.045162367429469
19.91456480227158 12.02990195203102 0.9656735498673922
41.30167109393592 54.53732213915201 1.077603837066274
31.75475149962807 56.61376840323851 1.077965897683903
16.64724351914937 53.21790998672038 0.9759120394589927
36.5641961552036 1.588067606831001 1.062656434376486
39.67638667611237 11.29955269643085 1.024182081205068
36.91822087434969 45.88570189936352 0.9509783141935519
10.37466959905562 48.35635238902474 1.014280394684571
55.00872501871024 25.85027642913641 1.02165356362263
47.06580830880711 40.79819702301091 0.8800414606152102
18.09510869118157 13.04656612642415 1.004357417705495
19.29542765361044 52.6178873994471 1.026781183368069
29.1715728632042 26.83228524207709 1.041255172851301
42.27154912625977 11.84795951277388 1.03229064837395
49.69970772308284 18.05005878631494 1.013340538292529
40.69947569523914 3.074377295595769 1.017690968349437
46.24404816713373 7.415136167507216 0.94316560932681
3.29358068634457 36.30985647594084 0.9607995267413283
26.89522691298985 3.470171906272961 1.063676372856335
33.0047943494305 46.19065456660029 0.9977192065173667
40.2408337198388 51.31971508186297 1.012701822765179
30.73478995297793 30.5089228067123 0.9732321849971207
0.3412080487893932 20.27474567446613 1.0068015484243
14.75432230241332 38.47304598729734 0.9692688746291791
56.52310480015497 55.78799516558088 0.9804166835957308
10.52840729454924 8.929515922409257 1.045139779322204
36.0823119376238 7.557985280434594 0.9316264272364504
41.66200148112234 21.4573751261725 0.9281224678436383
24.92754703244546 3.521007826328747 0.9958264121605201
0.7478829341697892 24.01560633816552 1.089883576770728
18.3353213934858 0.8019681311221645 0.9896877196107691
14.49763946072088 53.33851796823485 0.9960158187739386
16.61326361615829 18.46265322317493 0.992769680114691
53.31189349680761 31.70178308650003 1.038818463195119
30.48977822553822 36.44509054322032 0.9958791701503823
4.764514192829148 6.721077621784563 0.9314949987053283
43.24595770437548 15.2998579159844 1.071533269355435
28.66715156318022 27.90795918549782 0.9737606989904661
2.70437286640721 40.2130705137798 1.01208130172338
28.70038641276787 29.77155109763683 1.061919355019331
30.573519228759 38.69942662850927 0.9856416291685089
43.37422574794582 34.28185017606329 0.9212491224372391
45.68516587870436 8.179050649599661 1.071271229374809
1.106277138044255 50.44968007153351 1.040882553524228
14.55884632773644 1.146085975759703 0.9369890494335046
52.62368105893195 43.22599791745935 1.139431794690112
42.40936295753781 11.51923271432483 1.019905493832028
37.06569414914851 45.11373585048771 0.9443745784309178
55.80178834162736 48.45880615034085 0.9382758239812308
0.633516971316895 42.17601406303049 1.031247372689656
45.16350342713459 21.48515969909968 0.9966413624740922
47.02195871762091 22.85277585119604 1.032960239432694
31.0318265007957 44.25262345851056 1.066981925574139
29.1568046147734 45.93195479872262 1.074717486068994
47.07804077448232 20.20012760730466 0.980733124761644
29.94164883342648 19.13208590919715 0.9906567138404097
30.65131862352198 32.64673583099932 1.017111283383762
3.464747614909311 25.38362182508391 0.9607069416861703
44.31771222097693 40.21460470800037 1.07096314647521
12.80884066028932 44.95122919229382 1.095372555382926
42.12302030163026 13.55412214508006 0.9704910965801975
3.034656659250453 32.14497899270848 1.05673500118093
10.85210353594837 10.4387244970718 1.025371743202059
33.43362641168461 40.00890815072177 1.067311475186351
21.21020056736199 56.66620792665808 0.9933417230846429
8.580805926388505 16.79124222267011 1.04417337368121
49.43797805366943 18.48196730598899 0.9445049402774067
7.615746348451705 33.85079442004245 1.02710800941531
17.06539910150012 52.64084250276947 1.013108948972689
39.88468776172245 42.45601784598828 0.9369857022033959
56.01014001761104 37.2249961221707 1.102675477669024
0.1526870029758136 35.41703798734445 0.9311470016472116
45.85576248441625 2.839625460486685 0.9917589873652671
51.01369868964595 45.22644175366798 0.9906052324501083
34.67516177085934 25.05989898790601 0.9701634188160804
20.40446562990754 43.25596769724785 1.036799830623362
25.48809222061564 34.28911926424556 1.070982674503394
53.90365262697621 33.10383859561004 1.02691204086811
28.03729713849598 28.20531275924543 0.9432716177742647
32.37649694568314 10.92198487367573 0.9675907060100865
35.92969291048576 12.67147059630205 0.9745995540661547
46.7918325307741 36.08237991346157 0.9757022248698641
47.08717045238576 36.94427106806276 1.038688884791238
19.03745706660555 41.10086911548901 0.8955750489310019
4.839126845281164 2.845874566047394 0.938059810375796
47.94705450159826 25.24359247518871 1.015965116389804
3.665277796175926 14.58993448391088 1.065379866163961
10.08731494987724 0.5689303966094416 0.9796997226074586
37.3045848660658 18.7310701914742 1.053575026372226
49.43254139341067 12.68108178520626 0.9511517378281913
22.24791816726696 8.582747975635691 1.002513809496554
18.76534256840374 12.03975067149836 0.9713272254303789
28.23758227761722 34.75229834148302 1.024857629979994
46.798122220113 47.27503934422277 0.9401966861131104
13.16219480482964 23.69229430225319 0.9573641623536727
17.81470955480575 4.109249279885203 1.031347711973123
21.50648630201187 46.99475996847952 1.010935329006029
53.17009499676995 12.2002593549901 1.018778581435324
30.93132954646429 3.654529942970038 0.9347784068037834
46.15576162149932 3.584384611614228 0.9770407194158347
12.16713261379261 28.51374451001815 0.974817785626601
23.44343046026464 56.83226052943257 1.032309405420595
34.58455884437289 28.16571785563869 1.013753331331002
41.95605205556194 53.43772630134492 0.9709523770376752
2.227496140276779 12.06590735449731 0.990096916417199
10.86581421730379 39.13494113233637 1.009948836898529
29.12970107427319 3.837166871799699 0.9464753825959064
44.57255987430576 40.35168965037525 0.9345944493951353
44.00621961988799 26.4676083030494 1.057656793731955
22.08827403238428 53.7546215615024 1.051068410565274
25.26836604497785 4.314718525537624 1.083152558493188
34.08766714906677 6.635961707046238 1.075394650956415
8.109952268241882 20.93623240708198 1.038156215853541
39.07003012628761 28.23997287183999 1.084021560297272
40.30588022633729 35.75130905013127 0.9762691353373625
23.43246739890076 47.97295212790973 1.048870993373248
17.20005883798006 22.92007771689448 1.100034798906485
1.589574010851595 39.28833289690704 1.065432629122586
16.54373951654124 44.94306529683204 0.9473159478387939
43.77558062820489 50.6314066921507 1.011651263849812
5.303632659047671 29.38070656656321 1.018841984224103
26.72309513097773 13.41358492728955 0.9549453055041528
50.09065152382974 24.95943799892414 1.057550445950832
53.95374285660392 16.5231188961878 0.9646080015308424
12.08528734281905 10.7425091265433 0.9782206088998296
6.773521816718169 47.99914546636825 0.9759976461169075
13.91922315672004 44.4540488451971 1.076170850298787
6.261913551605266 33.59392240857422 0.8791700541042879
21.53698770540626 13.69049152298388 0.9663655499201829
16.43705973375452 16.11601468274184 0.9903835812683365
35.15427734663444 38.81366022295023 1.070600614301023
34.97802374976595 19.80783511922128 0.9999678731275197
44.76727314468812 53.96983683294143 0.9978783994882928
44.5917941432408 3.699663244979299 0.9604612854184983
47.6762269524281 0.3066471793254126 0.9666755318001381
35.79429173040869 4.595450082605448 1.034915074329542
38.18937251772237 14.67560694584418 1.041880703298754
7.861858323617772 2.726360196585935 0.8617208691529586
18.84237487932778 27.82790185689363 0.9955926154145316
46.03961047671717 7.339096128632825 0.9948251936706417
46.15275635158306 31.99082409916018 1.030659628601228
44.00172294257289 46.16885032792057 1.004137122480859
43.138687160862 47.65129346291129 0.9678034279228319
35.46865930569761 48.18587636676891 1.007525678516361
50.21747885654563 38.80087911980267 0.9798144908483035
42.60005195746201 37.97817488106814 0.9139234882716292
52.65378185345502 31.71894272543441 0.9151598404763238
26.51578464522762 24.01988032228308 1.035000321174005
23.85140660118843 56.25308199890567 0.9574002141273811
31.01886230614915 26.91090592085892 0.9075364481179159
17.56219935722752 9.490737312236213 1.020559956760535
8.343425780694664 7.890574279655969 1.007059442772372
33.59722270052751 17.00797669170796 1.051028914083867
55.28465250753083 29.25100452743983 0.9897204363883684
53.27088484972291 47.74478019994906 1.056202289813547
13.15859665077114 48.11866700235692 0.9480299950087494
39.97924953092786 48.05361048926301 1.019318631114776
50.70586428218795 6.830656105573595 0.9876157121755159
33.7415620529752 21.3287704681646 1.061692880339293
41.88227600226285 51.30376141020272 1.051258780702799
2.194335663315996 33.22107674331454 1.005472556966941
4.575714953046159 48.08951181782852 1.028815203462754
22.58473985017498 5.437347236758725 1.000373695246525
14.73458396118813 20.86939235770581 0.9549279382716068
45.66982948392156 30.95923658737877 1.012656116121042
54.20628355173687 1.82842610815001 1.065255006490464
10.68427841210937 5.057153067578168 0.9070487534069011
24.06214544738743 4.39014266775462 0.9664848589476586
29.11486922954902 45.62937125266966 0.9606005568947507
35.69760837717801 13.99714520526917 0.9570305461126813
7.222846961683988 42.12746832618838 1.025879917350576
42.73819290089337 11.79856194127284 0.9229328470051098
9.525169210753017 55.80171996764919 1.026112090025428
20.01566467388331 24.25975317194115 1.016476099945354
30.72125652372896 8.340941782733864 0.9944487274874522
28.66325299891795 27.92754004892313 0.9904898823002003
55.79830965623181 27.99822042789227 0.969448729765679
25.24378897074786 10.68611882938357 1.031086531104125
30.58178281857715 18.57865036725004 0.9504165680764084
24.37609099148591 16.31997569292783 0.9863298828214113
30.89829313005241 39.90238151927589 1.000919546264026
56.3947910766093 50.91395780393572 0.981909367087931
48.6179742154749 37.88339118840331 0.9590829410399705
27.40684513161278 20.28122718785015 1.021893537643538
14.0223837499611 12.74700619128859 0.9525062527318553
1.429859325489895 12.82069337965022 0.9865301592269823
23.50681220903379 26.11228495608656 1.090311879801002
24.03230649653464 22.82230226454432 1.020728061236022
5.070924929841852 20.75873443566204 1.056203661508548
53.96676026935073 29.44701594787045 0.9854216730438936
30.04008703028787 10.97700325864228 1.108183626303316
10.24635404406411 29.43487808035448 0.9873462674774982
48.50078145577609 53.5089352780529 0.9730656665279841
55.29187989714178 18.90762656084617 0.9653903521047045
56.48383960988551 30.81254621586415 0.9810595048018858
19.84981727267141 0.9136989353754087 0.9338624379704151
29.70732884793884 51.6196537546905 0.9967123748610098
32.96235404254978 19.88428046502372 1.102778357066899
40.64301492722846 26.97452387305653 1.016255211791341
10.48029489371939 20.72172505581832 1.001131012183416
31.6987283144606 7.56485044190886 1.002429293356368
12.95526000436175 36.5896893770386 0.9605005122850577
33.09862465509149 23.26521902124641 0.994206390910671
23.363668020984 49.88878712099455 0.8811812297531697
23.70133331031601 50.21784740184334 1.039267109805998
23.76120653970223 10.33457287928768 0.9733534406600536
45.96820755254859 53.43697869984292 0.8919836266688113
46.40450060665817 18.9759711562544 1.031042215701893
45.95049505585362 44.95055256595395 1.119759721149119
50.76924056316225 43.26899145369837 0.850319689735755
50.83384192214992 41.42619449432296 0.9985651418521118
5.057658228118745 18.80718104625455 1.029136293157836
42.07240009404365 12.24590394890211 1.05244812404869
31.04506997766209 15.44043017013018 1.022068863671044
8.658277545430828 1.854618092931164 1.005543963456583
8.080976140723086 5.471168839126438 1.000085103910205
31.99138898076088 42.17137941679516 1.03781126525827
24.99257947131646 21.39588956087636 1.023080636001739
36.36683705605885 18.8843241463808 1.026119925741247
13.68061448246269 30.20067895166607 0.9916406203181056
49.00786002446332 49.19275456862187 0.9784291823338441
56.89455562033437 34.08026009196428 1.004087402629199
49.52069026209446 39.53207007075291 0.9596870968124048
28.68602885943187 1.178967807525288 1.042563220596459
6.650136646651727 37.58986002793063 1.066347963899541
8.322605798171184 38.64152562741261 1.074299580180531
3.037415161746282 26.90859001777535 0.9114494097734968
35.77802241303866 54.48082025650927 0.9715691339707008
42.69346588789181 56.37327267619468 0.8953995263509509
45.07573621583904 56.37408037035451 1.05978100706413
18.11235308093594 21.58181162578138 1.003228456559594
40.57900939862198 18.00690870127031 1.004489156232085
27.54973793381347 20.63256313215595 1.004663354009558
49.36172976082271 11.93642607095485 0.937790783339198
42.03735925305512 40.69080719663334 1.043097555155765
42.19611556138663 20.81538163955108 0.9677328862175296
47.00679370900932 23.86509328794903 1.013395265065791
4.575823804631748 35.08252989830567 1.083639454712401
26.46878470176309 41.35152673923947 0.9221185599651337
55.73158705827388 10.04779407384237 0.9882433820510891
14.93753284538981 37.9381504370543 1.069592674357798
37.55162599475664 15.33710097770072 1.020096438347474
24.0592749347255 17.6034088263304 1.10762021739704
45.3654376372534 9.096634161237922 1.001577943292351
29.91201580078901 39.46584344956365 0.9791762904965898
35.76410432707709 19.91880948325564 1.016704716243385
55.00133938156131 29.57011036927351 0.9687221149059924
17.48970356420134 24.47012408332439 0.9591402558933004
34.51791815716676 16.28007252248008 0.9514877209290871
13.61494934540938 32.58338012061239 0.9979130891717889
40.12952045869525 38.75020601262814 0.9808641256998127
40.85967605880447 20.0795372766813 0.9789665169604711
37.6829461295544 0.1935556904382797 0.9829616194248971
17.01558515476789 38.97716212597543 1.064984431230879
21.44300554899639 9.519213163070015 1.007952579770853
9.846410438812528 27.77394228650906 0.9215619651099904
26.57013545491273 9.835792034322299 1.021038358792712
30.54576228677563 40.18508480032212 1.043357092380819
42.37645482196307 43.61775219934888 1.047779603671507
9.653379577050629 25.50597525411564 1.04932765191143
45.58551255733963 37.19607626516189 0.9929816073262772
1.432006602842364 26.26845866035132 0.9349869374284944
8.245620759784067 11.14474079159309 1.057492909774197
8.375192739709837 29.68862633532315 0.9292826792593967
0.4625685952895175 13.52309522289927 0.9460865161025607
26.0693529988962 0.8066212245293992 0.981417080910002
15.07231098882496 50.4420755367922 0.9968279577080172
11.22301893691673 45.61807327560059 1.031747891496666
29.74887777154747 19.003615105992 1.006474238003344
40.2599432912003 39.4022573485981 0.9741151432965051
32.9153129579105 33.09510289090458 1.020853658274302
45.82397771525382 34.34731958729556 0.9974929452451848
52.7949113714485 10.60918231103997 0.971341078223861
37.35835043590439 4.170104084615645 1.076614339052267
14.54539958692407 48.4610602885769 0.9618296564984516
41.56699846618204 38.41733966880354 0.9623050353511319
45.2573827040649 8.486575463081978 1.005183782514287
0.7134971668540953 18.00626044906967 1.090425500014224
0.4085177711250809 14.99978092918162 0.9926794437334567
49.60134190814632 33.32383075557828 1.023060314427258
10.67115031633114 50.4584453713421 1.045526411280483
7.638929214626052 6.466061661236949 1.027886797163811
46.01958401455524 33.0278730089906 0.9686006036692363
28.12581351731243 3.564983601479318 0.9275797691305787
41.98232327028286 17.33722043565345 0.9816233995727793
12.33212141195877 16.84173844933591 0.8945648139857391
18.59576456509333 52.81850450803456 0.9475684296858293
6.095464135564614 19.00428233621841 0.9617428408357688
52.37161457555909 44.76105488173712 1.01465987707688
12.46532504282208 56.43924223139847 0.9063774934686214
43.80467850705826 21.77791852028012 1.073849267356746
56.12936382420797 14.93049199782801 0.8941279244378395
27.62330398132247 10.32522536549961 0.9315303471298012
40.95551750434354 39.95542539328124 0.9545935521643434
40.5449294827622 52.4952777537961 0.9973837935184543
27.48606771905258 2.140694021312843 1.014307096057988
21.14497638407395 2.132067619418757 1.055785872021001
32.27833789832813 16.47308944932795 1.002672749540512
1.039168688952536 42.66077213765158 1.016542628983065
54.69777142009594 0.1685324866178131 0.9991018163467286
23.7868295553079 28.21456809025936 0.995408376760186
33.36589890735499 7.74234705965144 1.012610587278859
56.0281404494439 40.59245879370368 0.9916380317448603
53.85561698761565 47.34192265818916 0.9467861243583443
49.47399027760792 49.452328546649 0.9425966748044435
34.47368282101754 53.51922712778637 1.039243450350775
37.93416335290957 35.92288224116102 1.0107554995056
37.45294424214072 35.63193477300551 1.072106218375974
1.672608261775509 2.878244283086734 1.057352918805434
9.258776441336972 35.0385071691305 0.9748540364067112
38.57136989132099 23.72698241738928 0.9442965997771759
15.14369286463768 37.5995103142222 0.9849887994317176
27.94143297241136 24.49343180632844 0.9807313746777437
29.99990319740023 20.41542322347659 0.9636333880181278
16.93465032472026 21.79855238543756 0.9800161572585923
7.419621643805701 12.87072882515878 1.084084302861386
7.662900956190611 7.747026191440889 0.989722646734349
21.2262174371752 45.11584519833133 1.072323869233672
3.195876421498077 35.4188300172886 0.9897753512797909
23.0900763953524 13.81646776423625 0.9393333054848013
42.2609565743529 44.86289136617579 1.037814273954449
25.99060260597179 13.20238952022157 1.020217795548877
6.464091768704398 50.55246309496111 1.12900264421726
51.10063591091923 13.8837134125101 0.9854818897554225
56.18704863506697 14.0860928763105 0.9577521281753573
28.66052491434874 20.41326604569949 0.9979752584314181
3.091055078474365 23.9267746321516 0.8860183428072284
6.780821614796678 26.18113147382677 0.9647723520635858
30.84257773395748 18.28669257801338 1.014236782536193
19.61971431068131 16.10353428176769 1.006777562889699
29.30592382853195 18.50590709015071 0.9911467828826912
44.60082272002512 5.923736572230112 1.057706432105199
27.54894255546338 22.18742251172076 0.9178721297473467
49.52213598951797 48.27984073957421 1.032989521588648
5.958657254445672 52.63690024923389 0.9909522135365016
14.23655031958434 25.57837156512699 0.9715707614947708
14.1886884552374 41.04635835953353 0.9412780913694155
38.89204135392422 1.789511148719821 1.004259634042972
52.85442566399203 46.44629457241217 1.065561459098059
14.60865841648013 3.803053538688949 0.9887084419333561
10.93873004845284 15.33117057025953 1.033368165754038
54.91343375011973 38.48767260391622 1.0499943468584
29.76751331694774 31.06800719120913 1.023811201717975
43.04876078108734 44.97412868867355 0.9446753522118844
40.92398643024451 37.35690016968032 1.007762255654617
3.479983519054942 55.16053674982886 0.9852285254875921
18.54667096051698 20.1239601900447 0.9749002408285755
56.26677640959004 0.4387122878985071 1.060001725437826
30.13874423091241 17.76789697621385 0.9777185571623438
35.68316588722317 44.74740264739255 1.039859364702579
8.178186260246758 32.50968056335564 0.8907854203249861
46.36002259066329 6.091619983823793 0.990909831186797
53.52718972346149 43.76486648421961 0.9186920053655721
0.9466228373100156 39.57595050454882 1.100738393628162
47.41903380091257 15.66298155005229 1.084864124461117
12.70176592222497 50.89901731996751 0.9614642829686653
9.11943537002403 32.37018923385543 0.942657314590942
38.76099784707697 8.386211753071384 0.9654184387477414
54.62308309442507 5.947645752666353 1.006002229872889
21.44236616205534 33.30624895510554 1.01468947692933
7.335100948966621 1.873234660305658 1.022464448276357
18.52299724031379 53.69512353962992 1.010679464357009
23.5737391857308 4.49204436759094 0.9454514328084177
19.28521683871989 24.52036204958351 1.01646614715023
56.86522782867087 34.48702864650964 1.0113808596087
9.687193508579952 12.56699372435314 0.8680363064821586
31.20403138138542 37.50548130995849 0.9969859831702839
55.88090104231653 12.96502920191969 1.012464199712357
16.63949838776118 43.51477615745495 1.067958292605997
37.63744831673682 38.08186454981652 1.033103128288354
24.09518120023198 27.15612603498442 0.898569619415491
33.20573137710138 42.61817844054577 1.081166207214323
18.13852882158874 47.42498876034514 0.9702206795292475
45.66263041536446 37.42374566030863 1.024868632589158
31.44795764537899 14.81057858551414 0.9203225125247135
10.21765388092848 41.13515115395894 1.100910978937921
7.645862935877341 1.581603691252695 0.9887897226752083
19.10918113082144 6.526763951651176 0.9691613510041259
38.21656651572165 31.18613128093357 0.9790087150746222
51.51565035130626 18.85401480591577 0.9652180218517959
50.18651154925418 36.36317703098207 0.9601378043916762
41.49280144576579 26.39224289981287 0.948175854915039
10.5628289210437 40.11988426657388 0.9832395298961996
55.76903972763989 56.22545933640816 0.9359461935164753
31.956084570827 51.9915875722615 0.965531634766904
28.5249690699973 42.17373845175548 1.004268970114812
23.77743827261843 43.77260163555508 1.001188149635449
0.4841450711172749 42.88661940343986 0.9828590923920295
50.88749359729118 31.51593207638521 1.027741833229269
46.21690927176592 45.40314392205474 1.057218540524469
12.94870130482535 2.829437525397836 1.03399837965802
52.57667171935396 23.51153025241174 1.019437675950154
22.73698956227721 6.492951692311537 1.012293827458318
8.060101904934319 54.6930741596469 1.002952577647383
39.86681258485969 37.61127796425078 0.9901342553992423
35.48761238133889 6.644250830935431 1.096198277591125
49.53087023437529 17.68324516046943 0.9470052798248199
51.00253541674583 43.41836380512378 1.020948520496929
31.82150770063582 42.56912411915563 1.036999802560864
41.70434973794238 34.56132700692924 0.8757287382632111
21.79394773244576 42.07428385553615 1.013071212784384
25.38186931721022 17.37061945179972 0.9814636697376274
11.71633087225088 31.32280364368242 0.9784996193130918
17.82414280149347 19.7764327771852 0.8938621955065604
56.36150377865951 11.88269036164633 1.005957158158238
56.91996003031729 34.84911613345571 0.9618333466030242
13.82087355936918 11.05781142695705 0.9092889116613703
41.9870847375072 7.823408976115011 1.005630170468194
48.04285363808407 29.29768293271665 1.025719936107005
19.75538606697479 32.74720334948376 1.000141537393435
33.95525244667905 23.68150445850636 1.024798694009938
46.02357712389136 42.54106652808425 1.021152734901871
20.51634074678474 45.87974794855329 0.9898862799637498
15.14552043524828 19.87784452544425 0.9947644897686321
39.36932001606064 11.54783421826914 1.014907955496931
30.34719090319573 24.35640475356784 0.9921224550548242
1.542666701386993 10.41409680592553 0.893720672613378
0.1210490414505122 21.29805276836178 0.9751678469735127
13.17902135950468 41.46093532324812 1.016917873934535
35.63301662664535 47.13427380618373 0.9895229250003185
32.67534030772529 43.15513534944278 0.9445055583046957
25.39650169359357 49.53921047949196 1.049784336694682
38.41895840150256 54.13749415387283 1.029997167503929
8.790686965822562 39.18139668515948 0.9838023007451694
1.470776134855475 51.57229458241365 0.9879915346684788
18.06548181644896 31.8179670645939 1.060183890253069
2.641333173327769 20.47136601082579 0.9355425942230978
47.85082184330133 2.762382214778281 1.031746589063981
9.742441169331986 54.94844016523493 1.076424067907407
18.47305729541604 45.37545782252003 0.9917399375102139
13.03205151997136 20.75805425260126 1.072684552549945
12.77063237352792 38.42855324010763 1.013297827381549
27.34139568048594 51.71622310705307 0.9913095141244224
48.9001002194826 36.1320826463085 0.9645861106819977
42.64973024448833 35.36839592706803 1.007835032778768
55.67536936824926 3.715212060937291 0.9724303535973667
41.1519370717704 12.82769613844701 0.9536615566643685
38.07543468851384 32.00275888852904 0.9663308130278379
9.014880860696957 25.33251952255728 0.9231378774645922
20.79329360639364 27.487938156113 0.9692588053291912
54.10343523328353 26.74002886504868 0.9768281378005033
29.63406183041356 9.874067580268751 1.021166919168278
4.636673672421217 35.50997775909956 0.9701792154279105
37.64754964301714 53.53677389190382 0.9567818884616276
0.6398486511967372 0.2917905968110033 0.9570819598862135
49.91356530921234 56.31521801944599 1.047866092940477
15.9276243862359 54.99472133256249 0.9667251631898542
20.16169861804773 31.51770273946119 1.010069461116408
56.85022228856116 41.63286840665754 0.885990702721039
56.66451766140038 13.55819958055308 0.9632943588430325
6.642020448409962 48.46681052421537 1.080839370602036
9.074264297762078 11.27869412083118 1.066386990791694
7.815467986192306 41.6188486356376 0.99445052812524
4.266983296380836 8.455316637389044 1.014566583447479
0.2804768533820644 24.68982130088369 0.9826636987616977
34.07658164625828 16.20810126616065 1.027071699780347
47.72580400562184 43.52411740716739 0.9938832620185862
26.41485976959339 47.5760262676403 0.844835782045412
4.134225848193386 21.66586171866668 0.9780124616858776
22.84733027259229 44.43245429379514 1.00451657889629
35.89926481801051 53.88306380476945 1.074452848836607
40.76804484183344 5.876053048240045 1.028351771433854
47.49490171042034 47.87186101538681 1.021323462896788
0.03882946541478367 32.40554094286894 0.9789198079903026
21.32318283306583 45.33288650090475 1.016864052639437
32.49918539659082 55.39976450586681 0.9643030155496465
42.84281801378486 12.86483117140123 1.073130645143089
48.1322819176746 46.97704386197825 0.9287764337806648
34.40949812923069 22.33949237053259 1.029580990483681
43.46896288472645 13.30876292069851 0.9857682269032515
19.18481599548124 5.827433841222634 0.8954590017607564
18.82052052804293 9.679717679358887 0.9916361126856931
42.08525862222783 41.75170447758944 1.021862017878426
26.66871408916484 6.408441428750959 0.9722458973374324
4.808205908075071 34.62557869247421 1.001670162998765
0.3516274892499798 0.4462506517051955 1.085432891354072
22.49915516492871 15.73518842586092 1.008772777030877
54.92430407131291 13.63143708260331 1.007814627353224
27.61104924632751 40.12173039052716 0.9549739440955912
54.79448933191341 14.08001213105396 0.991886288560311
41.31701983107115 15.61530930670691 1.017615573429618
22.84447932189539 3.137540332571389 0.9013723006490866
21.9968903260291 10.38028558175093 0.9647062142976065
4.295478629551585 48.66560444173664 1.039550828010854
50.83350392749231 21.59693294511965 0.9212270305164405
12.00564827397729 51.18513141674229 1.072649555777417
36.24460429011127 44.54233878829626 0.9649884916949691
0.6332071119142729 34.16890833488149 1.000968298757027
46.46716979028059 7.418394548547638 0.9358283392568026
42.86483722173834 42.89766310150626 0.9575051511773508
1.512972381670481 47.27991935111579 0.8689649996936883
30.31939738538088 26.80799936773628 0.9377805949720945
43.98189215314662 53.97701195998909 1.037590319921467
48.49924174067529 37.81539605409624 0.9776163053374367
32.00052744429583 40.61712850193359 0.9911109898227215
45.40290872724862 11.24513170786441 1.069661328168785
45.4140400427459 29.33324310804403 0.9986472510287814
52.38155523891633 55.03794528592282 1.009033135297629
27.74638807761781 29.89177986369085 0.9865557210113394
14.16476244673355 29.25936045928828 1.060031744212144
56.06735982702456 29.99539269134188 0.9687213823370663
39.80044754352441 36.25564474996908 0.9915607439887384
33.23265670995817 35.61380656464668 1.076717909683448
7.597735697681893 51.80660158852422 1.056807894468866
35.42373006391513 27.52160528000519 1.054353171028367
50.84339484984213 6.583197301059587 1.050652486021998
35.91644040910361 11.93927635808442 0.9437685543426839
37.29538015196816 37.03450860783202 0.9172242736108781
15.64349982358678 38.18217644848962 0.9064332449345286
53.79374989764474 35.81519901185073 1.038495626294316
8.810591676649913 8.466783797585771 0.995522221202553
32.11675444809569 52.92515650062131 0.9486284044193247
31.5389630387253 42.84685919193871 1.017206109636311
3.156012720035395 13.65765959148186 1.095482846843352
41.17926489802974 19.28851715721587 0.9710619184336086
45.1629401115528 0.7369859906551363 0.9966635346097841
12.67626234873955 38.84133214868667 0.9796564150862973
4.11388907540305 9.464263709478203 0.9867707044830751
33.99865314783466 40.23655193216938 0.8598139419593311
9.313479499106053 30.7924030189367 1.053992954409936
26.65351271706331 27.86234259412733 0.9212726257490629
43.44659957729587 1.770267165159 0.9085875243688999
10.11967829667017 55.32646213347393 0.9366896181134309
7.542582183863307 13.27569101670556 1.018725119107629
51.85543382719878 53.16338662298554 0.9310868648677633
52.2762216749956 40.01837391220889 0.9400826129583564
19.04089867185843 3.256557902440688 1.024827030282625
39.34294655888478 53.03955181969309 1.028502879431883
26.8319548120871 5.544860752087487 1.021201516622499
26.63624183770094 53.48546755569311 0.9283000096048031
55.2557347208521 0.1947024409634538 1.022821743199197
34.77856440692142 8.375412990979576 0.9414713064498451
18.30885110856446 16.50653783488392 0.9777236282157254
6.668672869293332 13.58507275701737 0.9951976318412112
13.14568044531424 46.07075222258957 0.9960283979674392
17.83430958205569 32.18657911717267 1.116474815461805
48.83368222547401 55.05808572241016 0.9956424833901577
41.36528073827051 18.46992403663226 0.9857228799012987
31.55276542508638 49.79928794586998 1.03066838398231
17.96718652544878 9.331329805465103 0.989939318739073
26.99363737273665 12.96132750481429 1.041050701377649
39.3323428059613 33.66231026857267 1.09800827058385
37.23135575150668 36.95364669056313 0.9815135438391671
45.47992062684145 50.37703619682092 0.9508815899301999
25.56361528745089 18.35170901164026 0.9945191178038137
6.491486349837615 53.78974619777396 1.013370550321231
16.79509258540119 46.39138514520199 1.031100988146675
56.30989382057911 48.34785801048756 0.9434913628205595
0.6791877894099745 40.36537400137883 1.053828716950111
33.76543144591405 52.33166423874519 1.017727549504875
37.42137906068069 34.83939200539113 0.9789573071363711
27.38077625184356 17.65273478564468 0.955841427366543
11.02977095592291 40.81743755602159 0.9521112958767459
22.17492708758215 36.5933862433738 1.000177795307996
33.38313241460506 56.34127556548513 0.9718682441250182
26.9915819861887 28.23096430824649 1.058010077175647
17.62234942690579 37.18857909561535 1.035590360353591
35.13453255553475 56.81302249143506 1.006355740173517
40.1783964928139 31.2310908610146 1.022564574123917
31.14538455714722 46.36957543872742 1.077248607407358
34.89309719060226 15.4115387138033 1.045834571902847
17.27776827955515 5.27387341590313 1.077767459642435
21.13457029458814 44.09404448191358 1.099403849112613
15.88824447844561 43.30949738217029 0.9134727690170656
14.97591079304736 0.07056311334975209 0.9601231552967542
17.3986666115926 41.96749277923605 1.02496332201364
28.75416732428324 45.92387684850203 0.999814972932852
35.46593095570147 6.888699853275297 1.017086060947265
42.70242022476272 28.91529577966561 1.066457115294531
7.162681205273923 16.84780475536725 1.057386242084645
56.28618105607395 53.17796840899529 0.9570633058623143
0.5643795721998343 16.5639493090864 1.003466466806953
48.63475625805312 22.58641211948656 0.9817180960994329
20.7226975270187 7.52300073649874 1.021934960361622
25.5803917826062 23.8718202947042 0.9729722512748009
44.48069136565584 42.9790583941988 0.9759232866282945
41.25641028082762 37.59348039822349 0.962779299663827
4.706095582668714 19.72234120998641 1.017830951517587
52.65393160733112 30.18460044971881 1.012987173471974
22.35829067572872 2.816612786062347 1.027500509071826
44.96945367100157 46.31858626116001 1.041970170754445
36.82113027657435 45.53383324320141 1.01513477422556
22.16248631484922 54.51729182829954 0.9649737853465213
3.859384167873945 42.88518384186792 0.9948048739464365
30.29531206763131 30.62068434740448 0.9922592308242909
36.627113964235 17.77600340674445 1.046212402625997
33.55822216745383 0.8561529693455217 0.9675866061470975
26.05990738331336 38.26431775012254 0.9362092373937659
31.70731264618566 16.23242578666305 0.9662172846544409
43.72668808453096 54.06560332191437 1.047862864713642
37.70876518949343 7.018492243726967 0.9139870575978251
23.07767955077704 17.52989543952508 1.000787581624593
55.80286751445517 17.71481177523491 1.041161554057832
26.47750692278031 2.662251682329109 1.004300281134834
15.4175453518599 33.89530768473414 0.9645181797048541
5.138483808440381 52.0446593160949 0.9885821677989778
40.51108630118477 28.22953325893242 1.039126738442624
22.59437951938919 9.570993684498125 1.025298921627085
23.11308131931028 41.20116365524063 0.9672296591139663
2.40529948538416 9.839769377298547 0.9456998224024621
43.59886269345827 18.97553211356305 1.075271448494975
28.47283030183652 9.676542217692612 0.9480451429545594
38.63675733871607 35.3082950410006 1.092946441144043
41.73996756399981 8.114264234953684 1.054344931623926
39.63206372253227 53.38809207518962 1.030562787375812
22.23527086583677 44.77054753097266 0.9768592698433556
9.508774054473626 31.94383766592659 1.039786232059666
45.13611521624779 32.10315357386281 0.9594425758041778
38.8311298540007 20.68132675796809 0.9801333718193219
17.46768202049084 20.09789677807032 0.988159681492784
39.07342889163337 13.60849511791416 1.006607768423027
13.74308690509903 18.57885641817882 1.030780215529614
53.88715148572211 22.37361844413617 1.011772930367946
3.494108478768779 34.85769818250914 1.029327227536112
31.24579025769876 32.94885249107557 0.9643361002762775
30.89671973227371 22.67854159589789 1.019063983889429
54.62237926182448 37.99154963809603 1.034195948993655
15.50864733406745 39.1372105857065 1.064387762952729
46.76512322889879 17.4526456908568 1.086767589190732
54.46600136461947 7.232805249389636 1.064289513467357
11.29934993679605 19.62397136056049 1.052411499820831
53.21016127206858 25.04243686843777 1.046897439609095
20.42228108571017 35.08997926446143 1.085152278574745
56.21743062288381 23.91638956447895 0.9690806281691515
10.04256176578 44.19346767812663 0.9741037018059794
42.87986471265548 40.93928149805371 1.021571609375462
24.34477525825834 7.494388509306306 0.9444617655855866
16.72684874605707 39.8534225923258 1.046136418987337
12.80101030031266 14.10409851051127 0.930697104901042
43.62952757330124 50.35155279578247 1.022115847953447
22.97131437853506 51.17835193508228 0.9839681483342558
26.75973806239652 43.39359546424523 0.8524145419997119
10.30998502872418 42.21600861997157 1.044947320182931
35.90818088031755 20.35254679450418 0.8812140560977798
4.291828266015196 39.28148554558003 1.016095609474503
0.5233446743913669 28.63660352427354 0.9720802978592685
11.49002609005665 36.40747317644184 1.045356954211674
12.59855802990429 28.12812326249113 0.9790522093846872
42.2322217730024 2.433723047111986 0.9142219267402327
18.75112109945674 38.93798641112539 1.000902276312231
31.85391232131697 23.33391493574433 0.9921318561563673
25.90499716433929 1.613650383713492 0.8906962763144193
40.38933695731188 6.498999922768679 0.9882568023431729
40.39004219667522 12.7988132023247 1.075221539367572
52.08029877444743 28.81039019013307 0.9990100794494275
16.31847396042127 41.85617282933377 0.9972640845915188
21.26364597923292 1.659141640485796 1.06947834397954
55.93662331296905 37.06784145304367 1.089109545584758
39.50156450015566 45.80983109670218 0.989862319998481
23.10683147055415 39.86416505736493 1.01682974217871
6.198079966566563 46.44147351684117 0.9949349855271516
56.57439417558461 15.92559036655612 0.9937856329453023
35.96308576872716 28.00413878495066 1.075025685816454
33.66421314080442 19.35312796540238 0.9765226617921524
7.034998401550109 35.88325073518011 1.012265647658037
33.76164879359381 23.35347238851407 0.9384530666729548
51.16197243899199 42.0030695172041 0.9158754432923301
24.48137407120381 50.09859575196104 1.040314248157028
34.2674407848471 4.572475443860737 0.9887507402403979
40.34991513860874 0.3742722288585604 1.024342545652505
25.07462338780734 45.5233966296182 0.9511747838314741
8.946805567455852 1.738836502069065 0.9829841364287812
28.63300828991132 40.45174392566631 0.972689039035401
38.26499535854207 49.37243182788251 1.00840330972925
34.37550134508661 30.75535040104545 0.952438580966397
25.52556352295241 56.44641231533438 0.9693453596718784
4.01888773265243 8.645349555018056 0.9961786742552896
3.167276536658069 48.45552826042079 0.9763153329056738
56.41170275370204 51.65055958910406 1.014217089911168
43.80227278350027 24.48632614150938 1.021568542907299
26.22516264357845 48.05048076065745 1.010383496699743
45.49883590568734 32.91525777565094 0.9843108077038444
16.36700170131726 44.22699908922753 0.9688953104885483
9.504275970395783 22.6409780311589 1.059676949023078
53.39632843220436 45.1795303831713 0.9656754283296578
43.32618960427408 21.69176284861367 1.01561773030741
30.33711240363173 51.13981122762888 1.016137731320477
38.8006055973473 42.8688534497604 0.9927844400030266
48.72845942421279 52.05380651217597 1.037794162002728
18.54141391466437 35.53073220771306 0.9909829565277266
31.27981053212649 45.76529529726379 0.9969836613815807
49.76585086750139 19.77864641127114 1.011976449836601
36.91049058032711 38.04755474768931 0.9970003966320974
42.95485366087167 46.41476657726558 0.9846427790333432
21.77662400658085 41.76088556868996 1.038549032026592
9.965810807405884 52.11373643675527 1.049558012453899
37.98258985997298 31.54280052825008 1.018097122617005
15.65727073031351 29.71104925764308 1.11834451303861
8.241781438813444 46.1367396675687 0.9604722621174676
35.91405472527912 39.52159199748262 1.003432176114246
2.300238382211066 56.58258801120454 1.122135806341439
27.40776013788197 39.21072898908086 0.9408221846625688
28.62549553980375 41.31867551119937 1.035693209741519
18.97143431984421 4.920039379466344 0.9551281674900746
24.54077284994571 6.180160675747395 1.036785097501649
54.52067079279603 34.50658365735159 1.003101742240434
26.27300006210478 39.27648694593296 0.9828530752909044
7.96416806427956 41.93027079241828 1.023936661251051
19.12895541085347 20.22931764238948 0.9347850322570598
23.69751474573161 55.0430101361326 0.956282572958801
1.182137668683258 54.13067584025239 0.9966868504644532
44.26187698462134 38.81228040103441 0.9707712034419619
23.13095588569108 29.46472393230755 0.9582708302050105
20.80741190389144 7.534492554857625 1.040374437370228
13.71465323060502 39.74517992266695 1.032888963616484
22.85476841118874 15.00855031656499 1.035434488585619
54.28503726249795 24.1307154964333 0.9788135306636565
34.05803923916912 9.272573412988601 0.8599243413201597
51.2300047596125 32.25280066870749 1.045111150983931
26.98855503089193 20.95292043544022 0.9959499985885503
18.08359627569262 24.56582564886931 1.108275779425589
9.982973074066905 28.57688588815596 1.032197805045448
1.041609820463513 4.260610050643147 1.083414102296774
40.64842154115831 43.26611897687712 0.9141288992311836
12.37162506178563 42.17784630515512 0.9836069082096335
7.591331635877179 9.656662297740887 1.0254659824742
18.92923571072949 11.00005237618464 0.9628325314222516
37.83636549852619 48.43112679265026 1.044963574316668
23.68392743481506 6.377612727404392 1.099462536849498
53.01929069357891 3.987876099063026 0.9284905555682801
28.55370177447503 44.53127852758918 1.0300415061767
42.67977285742749 12.00689992122673 1.063410040906062
16.26750997186988 4.293629001962779 0.967278089968831
29.98750162822544 8.876304749807485 0.9232333552864059
41.17664677983925 31.9311996013537 0.9779321010241144
23.68499110670993 50.48520858142768 1.050305648040057
4.485260957612311 54.41693597492619 0.9575170050610493
34.04535358354698 40.87431868066746 0.984105425303017
47.25193143461455 25.5025969001011 1.000562795437882
4.717157117425072 24.80023683505144 1.036557016518318
12.33151533609792 25.28525667371473 1.085096492158995
45.27775881312683 32.97672282344509 1.063384423979078
13.4215735348042 38.92705557259129 1.041195930920809
40.9929414279726 37.76144150028072 0.9948818647311366
12.69264107509174 19.64037546172755 1.037582729442186
18.65479676269684 29.27321155149173 0.9905232979847673
26.69014752641793 39.29995586271396 0.9589007314014194
7.014376400976617 56.17345373294011 1.008936931842233
24.67605060649852 44.74639402504377 1.00399886568369
22.06654464409991 7.281534449328452 1.064798013934489
32.56679112304318 9.295011703528004 0.9177920958888323
10.37478280364293 44.57343047464892 1.032460418319524
29.56757140139471 27.26185399678622 0.9751445661150292
29.57219020164208 13.56051282936731 0.991871199011471
38.73010103717917 20.71593657215868 0.9440016038483661
45.16795004492996 0.3848977733333119 0.9114007176200398
32.72250818681088 30.53933192116177 0.9500283251873179
18.85274935646576 15.7517450413442 1.07984414287337
3.498139039845271 49.87218437431016 0.9963110427497001
50.81033441229273 24.51539195678913 0.8644916017873658
33.81040366031714 37.64502718469362 0.9215016146798234
13.95055598344214 47.65068412229916 1.080026463922223
17.91253811908538 0.862351988843806 0.9988818440800521
0.07864018766146162 25.93583358960964 1.097791775936112
46.65177016176831 14.55787661697617 0.9799832177979235
39.19363902471663 39.64091828541873 0.9319450248922699
56.45468216922818 7.063566143188424 1.072057164163536
7.70176320183173 2.952821182530756 0.8680946140033465
27.88922312291768 4.278616773094337 0.8948240303071058
7.851022030157513 41.83977910635983 1.011822211769631
28.35790649119667 12.84183901447888 1.036249115683113
37.00353583274574 28.43654667885813 0.9641631655621287
10.24528790369876 28.42944276585683 1.01666110081387
20.95133902176811 49.4389269284154 1.001736031090578
55.15752144677449 13.39057490713456 0.9299197726028215
12.6347050376398 34.41544785975267 0.9344736003409619
41.47901400294109 42.26530137437643 1.024211272912712
15.04220836285605 41.41476449389698 1.038136425629195
11.62075933936087 14.66662208487588 1.041585143468096
46.78903830181297 19.47178136951839 0.999477883934946
54.56017821168535 35.61650104616606 1.022268814215453
56.30085436129051 36.33785081577387 0.9633572749641265
7.767293555088012 5.961302446183423 1.026118264798964
1.985069140319279 18.83765457982088 1.060903845107773
34.55803842030375 9.791767632957439 1.011933266300781
2.61716257390434 19.03705239670214 0.9871532485961392
3.451816864056427 38.83446796929206 1.027916443623001
3.169792465479016 15.07257622995999 1.033828884997495
34.67716996449845 33.1573228128987 1.008343321488538
23.87179887475064 32.23734814964111 0.9788732490098645
11.57519893887229 53.78378728348007 0.9336687148774527
32.71879544794503 19.3424924939603 1.006330621724602
38.18014707378119 37.63816008560273 0.973718866309717
34.84645514881539 13.40837656073662 0.924441897613091
23.20014419369406 30.78309807962882 0.9984317809862604
31.44154593927858 18.25721320102793 1.016946410083075
0.09168114377729648 51.61226150841092 1.05286001574856
49.965939033295 53.59277119794524 0.9953553640614922
49.6002623902635 22.24826221365866 1.075420954628029
3.667619419129388 16.47206123847145 0.9574536607981907
12.22523050858883 15.36350986937224 1.024392311829299
28.40330179613238 14.97032021170963 0.9990065582966323
22.99182543065018 23.77441577649415 1.040859055508907
40.31832312248569 46.19196962434425 1.012829570647828
49.65323186509927 7.540863942606777 0.9845672451204789
40.61224440746579 42.61917087185158 0.9994857333300581
13.12946747808227 53.73389753081552 0.9604286078868681
50.43159887028467 16.79708689721166 1.02964535003862
32.23853014886311 52.85067321725687 0.976649723359214
56.97801850921382 44.46376065745194 0.999514534075904
2.434080842618868 4.281557517722974 0.9292913996874638
37.96476917525975 55.04256116647392 0.9632321070929253
21.81697691642539 15.51371022011792 1.005535971668451
50.14856420371149 19.37449077254836 0.9861785158461269
8.374473671603237 22.92681109389607 1.00087854903959
8.138610945147747 48.98671807906904 0.9797853794820633
20.17005470915234 21.67544944382992 0.9751436394401432
9.006143589972586 13.60165355289432 0.9498901480258884
4.518862733393378 13.71106648990468 1.079473672700849
18.06277552343103 4.496881242607199 1.000580342023596
32.8782015479534 3.608907989975488 0.9795897157157648
33.55851612778311 13.84297069667046 0.9600881949143979
24.26761341899057 10.94812945320649 0.9151209206500541
42.84293684542316 54.54119270087276 1.005889832431253
20.46800376822613 19.6844874274379 0.9956043869251928
43.20412856955274 29.01398573397379 0.9514864031300807
50.6894352043464 40.96287710311025 1.007579316870167
19.97583680505671 32.16197154538798 0.9915614066128642
45.87303803529266 24.23775495925814 0.952964384524592
28.99158080759997 47.04786518264928 1.003535965410161
18.71275302568113 52.30824232907418 1.049799202938512
38.82713286943135 36.51231830171883 0.9639621075748344
47.46044775492533 4.619625220829446 0.9843604690732694
3.635938962751971 2.00632421067279 0.9973010917068343
21.6908116381107 42.04116430740858 1.016783255528398
53.11792849149459 53.64754515124837 1.015456797627193
37.61042222781592 11.39118436462767 1.016814408806426
21.96933518814358 43.78540163710034 0.941790377552471
11.02315656981578 7.877464710677724 1.024348091608145
0.8902383795428268 7.537870112591363 1.011877170149475
37.61109978315006 31.46000006536953 0.9918818920798782
46.85525388124178 19.43823265258141 0.9797436716642273
25.53297894100332 1.4327660689283 0.9821297844386621
13.25156747747751 29.16891790375529 0.9951213720756462
54.12976749619924 49.39078909968529 1.035861736574941
21.77744704241746 45.5451150557702 0.9907836187784694
56.93629942039787 4.167487904041767 1.003775955894242
46.17327090733371 35.82218332347562 0.9613323130770401
7.734297589740854 56.44689507384174 1.046646021677022
10.44711105918843 45.34539737289091 0.9916421956707515
7.783629998929626 41.87921345321425 1.000713405870077
8.934307170535581 33.31660893993294 0.970368441525069
5.485526817145537 46.75106982828633 1.06951113778597
34.27447786334645 1.758387451878929 1.017650117153009
51.14917655156421 36.65841878841557 0.917232390139296
19.9493603622305 33.3473292940051 0.9456343694474797
37.51481719804686 28.21955891289728 1.066558271744491
55.70784307956129 52.52467832552487 1.084701359998614
11.42477780600301 36.15028397978762 0.9994883284859341
41.85438613447099 21.87188886519144 0.9169357360249847
22.17425380562165 32.27931135160816 0.9738893848646905
0.6404946472684362 31.10856097615723 1.021518379402547
53.29443565071301 14.08144710868664 0.9722825268002413
33.70354399769732 30.56891348751677 1.036156431038272
4.97315879397707 9.989011085587093 0.9772089899955567
28.24293447902563 24.92251918275026 0.9659091675104224
44.80817893883594 23.85115757763905 1.027773838593559
38.50878142402916 43.51602201839724 0.9492257688903487
28.92351307902649 30.80061370916693 0.9750596701788795
46.07505176732086 13.77789921349748 0.9970635753615938
29.53918043409436 17.84675635343732 1.004754468693983
45.85004444506487 30.17967510790549 1.048395249536338
11.52741179220724 50.8356932750138 0.9671547411437701
18.81866644128164 27.36724635277281 0.9739235197022313
37.3562574649026 13.66314344464948 1.077097829407541
48.71434441800897 23.69259781795209 1.092408758483193
47.54375539559115 5.461147353267831 0.947617327196238
23.03854534869946 9.919591272212374 1.021127312610027
40.7202049813793 4.460966908121931 0.9881909180855795
8.739957614680732 36.39270752919498 1.056617072647212
54.239463909175 6.881744420100816 0.9393929713499652
11.45881315668058 46.19478123876954 1.000152712591606
34.44453419253441 15.85512092237134 0.9594182672825904
22.42665568246816 53.26320063381605 0.9721948324884251
20.05502584253206 23.57862474004674 1.019820617135811
21.51000806619879 11.76937026054103 1.023138618664178
48.29189361738595 37.81497795358997 1.025606094999858
50.92352140179068 14.33043893954271 0.9845636995021922
9.292497340725966 31.45477418063896 1.015471697387851
13.77040345071368 18.03245498194939 1.012495568994844
56.31159305726718 8.086945565923557 0.9332006819371383
38.68384789893583 10.77040618740507 1.027347462683934
1.866677951471264 4.788024277327594 1.092066598384071
27.98946157795818 45.0890452531581 1.027353705862902
11.66766996666215 34.1448969916184 0.9777958064278498
2.813857681031273 1.938892498118287 1.043148338167496
39.75387045170827 16.53079236230384 0.9887523550611771
8.436190211417243 30.48843965096792 0.9057023619655399
4.943213805064193 39.61063238215196 0.9767149887077522
35.7611425340926 15.79069551489814 1.032918720135201
23.8776410808217 53.09658373338011 0.9294457076565076
45.84314175222215 21.1593678855148 0.9972324856139394
52.88562885619962 40.97481871395131 1.099354349228687
32.99253462440918 23.8750904341578 1.071283296391752
14.91957785464804 40.73153390722887 1.002346767468154
22.77232051490449 17.73343553567931 1.038833602382429
11.83918680755384 25.42429685705541 1.03260083068662
4.910383864264182 20.27537701897108 1.001542525062955
38.00406457111428 3.85595031308753 1.018788142361594
13.36124512476905 16.76520710520689 0.9911755282532314
51.83794267002397 43.52428690880737 0.8923910126786436
23.87056469259344 40.68108442224613 1.025205011512056
27.44437405813689 19.01738805650612 1.02839892623068
33.50555291702298 42.36395191278493 0.9647355257804946
13.84364517305216 49.5678487716093 1.042008893204242
35.21195124844645 12.7563816810755 0.9196897955807045
16.61233199416303 36.67970666553811 0.966124149473364
32.98122289822494 36.25897782214869 0.9982212584517985
22.78326470441337 31.32425231734489 0.9450146048548147
11.50024996395235 30.46691949873554 0.9490328277337423
34.03620312271463 27.25648186181508 1.087729417305278
11.26397407393156 4.480577154308826 1.027664006089466
46.84452906709375 49.02279185551349 1.030221926299835
44.04740039633931 49.94191648901529 1.035364523632147
7.878490691947979 51.28578537110509 1.09867326625359
24.27271404875103 43.09044194039443 0.9952716955603137
27.27088225505821 35.28768063163742 0.9744399923100148
2.913476815406921 34.72456987980966 0.993999358556368
9.048822170611853 17.60709613729599 0.9520653240306096
56.16366101855583 46.35177991648753 1.030667008304987
16.60826175175992 52.25691494450761 1.081517488860394
37.68044126903659 5.882131643538425 0.9919960529837119
54.90492349905191 27.07384230525878 1.094619713873839
20.46688677206025 35.34706364401945 0.9998531274054002
29.63284898858184 26.05142163115154 0.9746180236712717
14.43581937785997 36.67501601421974 0.9485185242631842
3.329515007477959 43.91347947572986 0.9480820734369503
52.02995774290988 6.24299182288488 0.9901986673570959
31.93973336924786 30.68687149960868 0.997542090447526
18.74390002700682 31.103394361261 0.9788108062430718
7.303258475988758 36.64691314131343 0.9930408707228215
54.99375578900509 44.98369974502535 1.040467822877796
15.50867005461299 40.43396825736108 1.059633730045524
8.094039976640623 35.97555682667324 0.951045926126278
7.320934290681469 48.41388088996237 0.9744576885354626
35.92416919019267 21.75675366854144 1.041094651374213
38.49903077981389 31.41841191166007 0.9992980303542303
39.48024586005148 33.52898849618109 0.9719113696472286
34.66579238589191 12.60113707725012 1.01055427767366
34.80516666211428 53.40969241289874 1.027398044554869
38.99148965952521 20.01977592474771 1.006401422352037
35.16048671778314 54.50015971413821 0.9117374339724451
53.1272742534649 40.79665083149292 1.0700963786306
13.6486569203663 32.05144344365757 1.013509854151857
27.61820982797919 44.05243527984825 0.9765813862912133
16.15596568312308 10.09845568803067 1.025564395325573
14.21675085053628 55.24721616192126 0.9920041608536819
9.418506494918143 49.02191753919325 0.9862532875668998
47.94373085207479 29.12231753399703 1.061810203162128
44.3762426555046 26.10421754331524 1.061641444025189
12.35874423773901 3.09819373586131 0.9940127628526876
13.06476286801731 8.486018464661212 0.9910026223372042
40.53746190831878 49.44824906738859 1.077529813512939
11.45097355984662 11.15567173629798 0.9875270146442908
21.25412742432865 0.08210804363810832 1.111742029361413
24.42430868718042 35.47087827486492 1.003952865089785
27.49279578751549 49.98623275383666 1.019849591539311
29.96585314207051 17.35853135183385 0.9662584072600249
41.71499808259075 34.73340535849957 1.061392167857035
49.21899852399667 29.09124071155267 0.9901285305805223
19.92122752262337 16.19636713955382 0.9747938820751852
21.93966948145054 32.98599039064068 0.9417128389389773
2.699410152481594 8.219847512533818 0.9886848509257168
1.282763089650666 14.15038373887091 1.063134496517209
41.75732300838331 40.62964667316044 0.937946597557709
37.86555545398293 9.181631669021041 1.058497143586517
43.02444685111961 46.59332073554086 0.9285443739689857
29.18111238683626 15.99029996664743 0.981600146385962
36.08698098318976 48.66685014342277 0.9683553337023957
50.7041922783033 28.30597948064375 1.0209688839041
47.14745522623298 40.6793183775988 0.9937662104775775
13.73818229312924 12.08712470768351 1.0502875216896
20.92163875648828 19.36471892072107 0.9400097555402089
46.64041540987809 22.20440184613895 0.9428515490923176
2.987849229941074 18.2724256414326 1.014709730373408
49.64558130532763 40.853404683924 0.9273864063146469
20.0482843169236 13.47850413503056 0.9954667459096331
1.339426935808466 49.22939670375986 0.9415315146057551
8.200183597020891 8.55578508486775 1.002802973528673
56.95812914006325 1.904375848781493 0.9348531016825544
56.44619102889961 27.00921979174447 1.069984380576203
4.395538293009409 13.18437329548615 0.9489604792371871
51.60494119283042 3.017983229373574 1.072700796655388
40.42556598196997 41.24535660270851 0.9105869489944327
50.2612912348757 28.2102343054536 0.9746471884350865
35.21309425645186 42.90687254020333 0.9907665433120453
54.65297876701364 32.1119233063012 0.9933532415803253
19.14565567539337 55.9924057028221 1.056045472525423
7.283684672919886 32.54150358053926 0.9884125555008009
0.1702448619391047 7.241813786440442 1.082376524209423
27.95803372839374 33.89207043167766 1.057407447026035
7.041229219195074 32.35357204794585 1.022490763134078
53.41441910919473 41.68138491999422 1.023687974457622
49.15555694799664 36.83998506462201 0.9068112440527265
53.78065367964127 19.18803270449305 0.9784393537025087
45.58817630242006 31.99374790955044 0.9807354146135594
32.76373854501347 56.80655512530662 1.006853065176699
1.740289634904028 0.1050585285318357 0.9894619878890165
32.64656210907109 48.59125979085977 1.010778785153707
16.26578809426436 10.09244153839184 1.0771141966639
43.9845119700695 35.66449843750545 1.000604548107614
19.57739387060394 34.0609556972333 0.9152179888781071
18.74234059068483 16.95762905103975 0.97493499572194
52.83179801787799 44.66908208684487 1.049451705733603
6.857114764795226 22.92374732388358 1.013668660880832
24.60619955398431 11.9520200094916 0.9582243444385039
14.69990396811622 56.33930113415201 0.9911452469534572
5.073654076118792 16.44019362956294 1.102509263002144
45.08592879589923 41.72995605819391 0.913336762225075
42.18336331014678 16.70919798766691 1.156148021356669
52.37369645171506 48.53117175145595 1.106092444420907
6.228830924364193 20.17576855475817 0.9910276206046928
37.13339763234062 3.354782669504538 0.9466639592002581
12.64025357535121 14.46896865380414 0.9896934859997052
37.39271600423042 20.57343386792272 1.028010908759789
31.44938837618073 3.968278566826265 1.067645588843822
3.307579674435584 30.91418692139638 0.9898068875407272
5.589485947317204 2.751939337119432 1.140322348128254
34.84286110887437 15.49478469579238 0.9400420323700019
15.78360994289797 20.02622439247846 1.071459883103755
49.19409964615205 27.57767910863165 1.016301031449848
36.26855954866323 55.42293059705893 1.023900465621969
23.39410208556527 27.88684529573044 1.030092864251744
47.14632689633702 36.03435568745917 1.042764991146286
55.53172405414829 22.7485299272223 1.040547526530343
6.68699505165545 29.98111240378633 1.124948280520382
19.13040472154059 30.02438819502685 0.9446790392993061
6.441714791786724 24.71989069540049 1.093273882929397
55.77354460664724 10.61918861447796 1.074547126765885
49.34535541401494 14.55715452300252 0.8805760987103324
2.294542320209808 22.83951262656577 1.06485333280596
52.12701720610588 38.56310186887304 1.067506329586339
25.35464606916283 44.65654530918996 0.9660246800523102
13.76731013868345 15.50097293895715 1.01258609317224
1.614534122689876 22.22262499771203 0.9978088007636897
21.87165401544033 8.301529174345326 0.9512820926369606
21.61285070451575 47.27077186306509 1.042400951948248
39.05403279189674 54.38917823666203 1.091304232941957
8.008366824597291 16.4666979687599 0.9571389289001028
52.38473189500381 38.65377983155371 1.010652390029444
36.24237605754396 25.75573565520148 0.9665410140124063
22.02351811529301 4.5970221001641 1.031707810718235
20.09799503912124 37.10318190795518 0.9343835128484835
34.91395236873718 21.71252916181112 1.029779688888262
48.37406889366641 13.84311538089212 1.001732192685486
11.86368635057643 12.98691957163947 0.9990173205856842
31.74529651447446 18.38446460635609 0.9327341698006238
44.70192779400476 27.13002840947827 1.000027753839858
24.80930259814919 4.531536869486578 0.9963758991705179
7.861017106036198 4.051678655693157 1.097489487126664
8.648700755857258 43.6995534625368 1.125847489542476
8.675363475305662 28.7466958215212 1.07331957471913
50.45922498333232 26.12854222307379 0.9771758076718364
43.37492222822035 23.47328331948876 1.089515272718975
37.31639870038089 35.52177282773041 0.930640770187337
47.73591069352623 41.43028594433809 0.9802097638993891
12.66551574304025 4.184788484678039 1.000678865694484
19.49647308164112 0.3674435370450111 0.8995023792043443
29.0854073972839 56.1241194923055 1.031553093906133
24.0662543624948 36.9464245033201 0.9760045928515968
41.05308032317696 18.50632319995497 0.9731359663178298
40.57119472537711 7.855815640583549 1.009476557145858
33.98435786365734 48.47056124567546 0.9598958529262152
0.5037029751128065 0.6424443142686246 1.101349064530184
36.16421716854173 16.95546300800306 0.9752018546216915
22.25038761983178 8.603709112202614 1.048142745641018
12.78849759688065 37.56394453838652 0.9217178723608578
35.28334692645974 44.10331449103696 0.9777900614829171
44.31517880052104 46.40323210479842 1.075453078418921
21.5184432810724 54.14613849862764 1.047304725803043
13.42733924483291 20.74810071603772 0.9543008742799424
18.82934538965549 47.41169710849025 0.9681212278364163
48.05414144930157 38.43821427619002 0.9433804074309525
0.153150040261983 27.2183585913006 0.9959864900873292
35.82206770350322 16.46114874093847 1.017705028723244
0.3194410495084902 48.61056532692656 1.007240757817227
35.71387979142083 54.12375531071972 1.026020911693134
42.97154227316917 21.94131374822059 1.027885517905142
11.34454585301902 42.80711498568166 0.8874521433426785
27.43285951923247 12.57227683513066 1.022518807419021
54.3712025691621 4.805977781678539 1.030691352413583
6.833421907310105 16.20054793227489 0.9877238866571117
35.53359629704319 43.27181633947036 1.030817469233742
0.4902981186706099 35.68674636384787 0.9540507445018468
37.01251304941835 19.63668769953618 1.035389117671902
9.493972680761466 22.98405529604482 1.015028577270845
53.27077634319234 52.92254730077579 1.086103537005354
16.58975934450969 23.70363583588211 0.9633923846514205
22.06657461080075 7.992050579745346 0.9515325836128362
35.67446280348788 0.6001708813012442 1.013196916708805
36.28691724514911 7.754041796901283 1.039194028196591
35.04873629847948 37.37720126909073 1.058076516373933
5.764077812323383 18.7994393654165 1.047836050147551
3.62577998574161 15.25805049308485 1.042093656274296
46.04069490499827 38.05427097811097 1.033474507538224
41.12632873427417 5.630454222965266 0.9605172688628971
55.48717954870648 26.37322784698253 0.95783471126109
31.16924280215485 20.55375413296454 0.9414577351409896
21.15392504080847 28.62914534594358 1.018404870516231
46.00846650125853 0.4408422594148863 0.9474116057969811
37.81804355504831 36.44947154747764 1.093311517920041
17.45106318893426 19.60496987104647 0.9429162653871531
38.40440926300567 24.06434384596736 0.9129254193327022
38.47319152088519 23.1879038979243 0.9954577324101093
4.242174876035272 53.39445404028262 0.9252322263713223
33.14434062230603 9.000081690028347 1.024933333441282
23.54694553117591 44.50278643262703 1.023938927365218
16.11642060015184 54.71618833333076 1.001880839237695
22.1108443462806 53.56836038714664 0.9445645583156657
29.65130786581491 1.494031489125468 0.9442151876199575
37.9435030366031 38.07662634927622 0.9756373721597318
30.07432126536701 1.38206687028616 1.080022084277465
34.66663442629699 37.71453602226197 0.9828702922250757
13.27884524421713 38.90880930233226 1.061635115784611
47.9088909923606 23.12459691992244 1.019288465392161
36.16637861969247 14.45583649699382 0.9673011096809883
45.76449824672402 19.7319187162127 0.9456089519004338
47.89438947145566 10.87534256646193 0.9552485562463852
12.36937405558739 36.9258422637013 0.931363546894923
31.01504870504841 50.31287711873319 0.9756873682200207
51.69494398901935 22.2942359369687 0.9895446117011342
15.56810047224541 20.14135470527287 1.101055671238342
10.76122589258534 23.05243514014987 1.056953997404004
1.089477656916472 46.9276045122778 0.9440693479574345
42.21040373212211 49.68029646746828 1.030020516777543
30.40078487452156 30.97490195230343 0.9716692838083681
41.85024451876536 28.71249428704031 0.9367398343845278
41.8408716301624 54.21961860089545 0.9765303445217831
47.53249569308595 26.64080511063375 0.9631332283265424
19.94529025254086 42.2274396555626 1.017084179880199
5.368794360835475 56.9942358559902 1.049778478238225
28.74812559678598 6.224685088370315 0.968726164435518
41.18956585190704 32.09350177463773 0.9908907990461137
26.94410488472511 42.27904353536621 0.9514681452670908
53.99590451828945 7.231509965952258 0.9850608915477683
0.1326729627943938 27.39668936626832 0.9444567059410444
48.69186368570284 23.05665643702105 1.033790179372132
41.25738243351569 33.53273528932255 1.043563833394767
49.38865559799068 10.80877067791706 0.9832556696974317
19.53652406834835 12.33394585053155 0.9709250998435145
7.629689756142763 32.79807682745069 0.9443803096431724
23.48713191667904 48.8192556345925 1.030915707151934
0.8836133232729572 31.09420363516277 1.122515205949917
37.14419482841352 1.016286286067351 1.023169552512977
41.40726318369026 54.8185568926011 0.9840368128533306
26.71549197645648 4.683538168521383 0.9764640411314668
15.49230884643845 10.25079989212137 1.04813042865534
31.43809339843602 11.52851915337542 0.9281207559642786
12.93352384769056 33.18816595347047 0.9216082082087189
41.88089214585763 20.56321360383333 0.9908121605970288
12.38246921188313 16.87782135646689 0.9910943035200311
1.799260837398125 46.48076835529915 0.9782429682837599
3.699160473281127 22.065864991893 0.8898452685585823
45.28530779401088 17.26033493236654 1.007823178169847
15.07889179842495 41.96411362894071 0.9130719277473907
34.37610911967983 5.793167622197963 1.040730867676492
4.396937092951004 37.76633252239149 0.9275878767628625
0.7917845224923382 17.33046094064157 1.040624267325368
37.89367457101758 22.94074125678313 0.9583070752176462
51.04070073088663 50.27614378290071 1.022192553321559
39.75691213819986 29.60906883217817 1.010319975387523
55.52283575549854 3.331884102119079 1.072141750969082
19.48233113460351 40.64637074649631 0.9862942771697414
17.52164857160377 34.56122293302846 1.043225720011013
40.35439058176912 29.6787455522822 0.9946618220855695
44.76617563085918 56.39835809608845 0.9509136832564267
9.49357366445175 51.11918909434191 1.021785342173117
51.6495613184057 47.38724823546934 1.047257688362602
40.66339199182735 56.87849293783237 0.9685501450267678
41.53022359103441 23.42030410348452 1.094487569707615
26.7521882056036 29.03133159644498 1.008076848433993
42.27505552222722 52.14993729961567 0.9754194413735675
35.79630804611198 34.38205778849407 0.9879496145105536
39.3186095633165 4.406792395006303 0.8754707963452878
34.0855379472885 17.04599105755146 1.01666548813533
22.07135821463138 42.2706380483092 0.9851798775460184
53.35523790091055 45.89708401677063 1.034409510358566
9.089925654740037 13.4151681989502 1.048447301896964
13.29366111023988 19.11756957746929 1.013876209585078
16.17362175005191 42.78122288025041 1.041884358060594
38.07574725527118 31.6729636935857 0.9640473336728543
49.2030710234321 16.87205527484047 1.009345148704192
21.27884766984677 38.33483693531474 0.9398625331728532
54.19468070529154 55.36438561713527 0.9983059364769551
40.63502363890178 7.589931747685155 1.00493155966829
21.50208769994885 34.88254633726671 0.9038639358973021
23.77963032749464 35.38253484823859 0.9800604758178624
31.2724937732669 1.366976313929528 1.075672863844814
20.48454591794151 44.3094742448579 0.9982848363697315
30.34737776375719 22.65517478885836 1.072511911115586
10.10085918200242 11.3110314026992 1.007552778136647
19.83289588095289 2.303930178891835 1.155680220189973
33.82561076564044 49.46193434738644 0.8728153454229212
10.22275427180471 31.02029147093198 0.9881882456662137
50.2863303643122 31.4613435768808 1.011473308713944
16.19351401235606 14.78841806426105 1.025269854983766
32.64574363857775 33.12352021509945 0.9653891133755609
20.86865805409321 6.918237411844655 1.051539581943712
51.48439232189413 54.97504244697049 1.015057549703765
36.31398476721439 24.83177005910863 0.9470668528549501
12.99170224647583 30.73107641783128 0.9780181372856208
20.86030034388429 32.82459815397142 1.053802225916618
4.712515490461381 9.860617362363552 1.011876982563576
41.50532136881041 14.93526976226609 1.026244521358826
23.5388520003943 34.16723917106503 1.084802047621789
6.792984830584835 39.73236601275036 0.9783022362001612
25.21848921860498 24.60140087390384 1.035900470871681
49.2603949332891 46.08714727269818 0.9273632343660059
38.09165779505468 26.00403058109993 1.125399169769095
24.72593388274588 17.40564253572637 1.008154750819759
26.95491145036878 6.827502860141687 1.010805722332425
19.08722750986331 47.81521179425307 1.026689791518199
39.85859881567703 44.36461650457449 1.012600300605739
4.982851468949975 24.36392015794475 0.9992538606323057
23.03099944676785 6.488546268776314 1.007905204559275
8.571104253442542 14.98665668209393 1.075775117634652
39.58805755599777 14.88581592025506 0.9158447774637013
22.87674071820301 14.10769581520357 0.9863778479961488
40.1117263963035 9.362641238776334 1.007294681706721
21.37404102244137 33.94752700996936 0.9502881494849428
39.14416426706322 23.42713088422414 1.052181929765727
11.92825397380081 22.00276305619756 0.9701254228447332
46.36668321414231 13.0916336290965 0.9543505588822259
5.774865718453595 46.06224465233378 1.002938144393933
52.5507909211101 47.50147614977391 1.100194267079185
43.79252187385807 18.17621188153336 0.9396646525885797
33.06202780178842 47.16781034002445 0.8801808017743797
40.48827521851672 17.69873515781888 0.9903636628754962
27.0613764231379 15.51024984918081 1.044516369476582
0.547528571704183 24.78016878048897 1.017951692204786
41.58618864770335 45.98336661559686 0.9696746967783207
7.749689299496677 53.51444264804686 0.9708896683992796
13.42554806425495 0.3528128593940348 0.9488044050451012
31.63307031739181 19.20041380925123 0.9713343334918643
48.00627900101537 41.96584840629522 1.034381888420403
4.064918310411702 34.79880084833074 0.999805914968676
4.179380225101197 36.20408808961701 0.965825110320135
18.52379827225758 44.66765544361791 0.9825563268970486
28.17025694817782 11.81518557705692 0.9337282652661307
48.74436842452007 35.00945929671147 1.006850210706526
23.99282588576564 3.887433318368827 1.034938773176538
29.84499969372759 34.97895553101737 1.070392104542727
35.3317683904114 54.06194032405593 0.9710667725946438
5.470961540691071 24.74682587559653 0.9734647109489228
31.27604136349449 12.85473454317764 0.9639002188436977
43.04628875388126 35.45542158859569 1.06372571749424
17.23009409859315 34.39073401102365 0.9803770916787587
12.92584549771894 45.40035104677097 1.076172736341565
38.00077096791974 47.40263620270539 0.9719919749811337
46.23109692532154 10.84577063510463 0.9298286328828794
54.11631841962986 3.713360097591467 0.9870057873375123
8.721907202956224 2.587279933778234 0.893424998732077
56.06452050202736 38.17286025507975 0.9995364021164903
34.03759048275538 30.34056183897916 0.9855774179961432
8.79598342757485 43.08641740450934 1.038605206773791
24.65396620969007 31.91906043324576 1.082126822304356
9.309794444269405 44.97390875591613 1.021771506853584
30.2844113550542 55.51571403234998 1.015489787170462
44.09685787469934 30.09047451153885 1.089255768695319
41.49066425463681 12.4784495818794 1.044425693593275
16.19180967947087 50.47234861993806 1.058242906996485
41.1942626080449 44.65199567920155 1.036709820267748
25.8248559342813 46.85722879034338 0.9510473782578429
13.59934489596605 19.85245070599599 0.9807996034885901
5.938868110505337 34.59507421012739 0.9416286240113809
54.31438878332935 37.98693136870253 0.9601291464066974
25.96084009807596 49.76354584692211 0.9835585746916216
5.13989720686334 18.60496272314571 1.024976044337883
49.24985634267789 33.5546253670727 1.02563043335822
19.0897493311622 33.74052059731471 0.9779821060229843
54.31253936808209 56.54176582654089 0.9875579444090924
49.87688030762452 10.1321776491274 0.9473985447621025
56.98940643947078 53.39989380603651 1.060666392467672
38.55418692135913 9.930514386822709 1.055470209867758
44.52558859695009 16.10961085982137 0.966340010361242
25.4799863740243 7.004723088818007 1.041866587784709
56.76826893574012 27.87369129428346 0.9894767798610665
13.04578919524596 46.22603642811349 0.9726528390044828
22.78066176864349 35.962715445069 0.9862971250616225
39.03616610869587 11.8137366910529 1.008706227074161
17.03862131947587 37.11544556129512 1.003801843802407
53.92543515373274 9.915501600557706 1.023109569545706
28.61723781592084 47.23702962335061 1.052668410300275
33.12587781675434 10.17142471073727 0.9804574785207044
51.69785569594142 33.76450484048785 0.9362539819088189
17.58529258872629 51.46612460513884 1.00370691498453
40.69216103325233 21.51116222213542 0.9584935317501294
35.92672729535342 6.472822775353129 1.058682038011575
15.34656273124114 35.3251808124246 0.9491078794374259
20.39222939516987 12.27199785843119 0.9715476611474192
48.99798189569171 16.85792020236045 1.026668960642446
0.876882175857612 25.12385968590335 0.9810792111119111
20.0449596056924 24.69382465569946 0.9989865098207376
45.73755879315434 31.07567038530282 1.024992598691153
7.840175199247978 8.423583361051783 1.040494123000529
34.90153904114921 12.47837133401929 0.9436721374741077
33.98953355615471 17.98139241383476 1.060014508965806
25.06652284975467 34.46341122335913 1.065673788006157
17.74019508377658 51.29084854912518 1.032915353014328
21.6782631285853 38.13242447894645 1.054134134679488
23.68468798915142 53.80621063048309 0.9955894046577739
50.69358544642738 43.72964759484383 1.074682651197245
17.80531795360396 12.33832605850805 0.9521755533614253
22.8665586490494 25.64549315285193 0.9816583917475497
19.36179773805747 15.11339804302594 1.006872804118528
20.79796695187593 44.42832058781214 0.9340634350456577
51.03310131888515 52.45966603255815 1.008272997114564
48.4494288291081 0.5959476998988296 1.013920633052778
56.1567760296896 32.15547723842574 0.9725411669780566
32.87086512095801 22.84146399229833 0.8413006978373601
9.571111560599464 50.46172315509138 1.037854648079855
8.995594753881727 27.37642951420342 1.006820262829171
53.02192266705536 26.56195860661657 0.953952241026147
32.63025111967244 34.14578715392658 1.043849103275764
49.25918519695252 50.17650009653368 1.001639826769669
39.42036944554204 41.83599443679489 0.9836086453817418
52.15299878695654 43.95185418517881 1.022949218767312
8.66143835553035 43.60242758952194 0.9647599061145439
26.8241334500835 43.70457788822454 1.039109819899656
46.19552714153916 2.694998544498812 0.9747637420060637
29.25944911188421 19.11715341457965 0.95375259400298
11.61893811245399 38.25504389230863 0.9713210658703509
13.11719729523975 42.51550559583842 1.046569460167496
43.98094590612731 45.74744841491219 0.9352886263422651
40.7394972460994 11.92047789363213 0.9528879452223665
9.535979094233355 23.15986666509875 1.048013153407994
46.40658614570582 45.02307737014399 1.018494456733684
35.51189865382011 33.95438800424076 1.050328795417195
8.031030648402417 30.20500774644549 0.9800274960919362
9.415869319073796 37.29047976028662 0.983010452828997
18.54552362605255 38.8157440898082 1.047387804996812
38.45379473103853 31.6627209212923 0.9226213742335123
20.4101693096618 43.99254238232623 0.8947651302659603
41.79421963486551 4.149666555761204 1.040398686370172
53.78493071616857 6.671172208930912 0.9980101653424085
44.57896367068354 43.19151683533169 0.9903771440228158
20.14590481302976 53.75737682578963 1.041262570226191
28.42689440186457 40.80487070549506 1.028831840992174
14.00987845194055 54.43190050657461 1.059838158973181
16.74840481055361 6.332039612965676 1.051853413981637
45.14778370277387 56.92050266914093 0.9234227364749122
9.956649357898463 12.4790333618778 1.07314454224963
56.47157574420402 10.1494628880869 0.876784072965066
34.51648522332147 55.38459602016238 1.030910606581778
44.45610914214333 6.191440232187249 0.9481333819422224
4.723914542106872 7.602013928630396 1.005458866393163
48.40688466066815 47.96484819239231 0.9700094123631037
12.60873399423842 5.416763086066005 1.003658610716079
11.74880269903168 6.863456583983943 1.072122071027722
7.651067241398184 56.89658640180556 0.9820859990755146
12.37561973714066 32.13920247980356 0.9642846995271855
47.97453526685691 11.84719548134468 0.9821264922957562
10.23179147496437 46.76832698507622 1.08190544863459
30.31703893435981 4.285880048426743 1.024356397262421
42.91893229257266 35.4890284074885 1.035732562582193
48.0056698196594 47.64284686122222 1.020928497570366
23.79365580519366 34.49792699678704 1.013599446589945
41.9193350434859 36.40238979943208 1.014926846613895
8.759528604224105 51.66349278188473 1.093820196177875
37.17954027335138 16.41059584562229 1.009003434956887
34.01831244491893 6.935698894288251 1.013426451288916
19.10270197973712 24.99284768523315 0.9718572859819438
50.48386817541154 29.01468585059731 0.988656937607707
51.15969433270381 23.80090708322865 1.077536221183712
8.615136670700803 19.21949816505401 1.027183834312446
20.68164200553747 56.6208064903602 1.010881353043802
41.27061133844341 35.49462835839699 1.046588251143076
13.05839060435928 24.18530139475376 0.981953715446906
18.8487941500958 45.99025232111581 0.9468251724868002
38.22851505420567 13.4088732807007 0.9200060095771578
20.34457217498895 52.05645377424381 1.026882120311829
40.23967515781506 39.12746655062189 1.000899404238946
11.1421523746765 50.6075154280325 1.00481213367685
0.5244503899125617 44.44271827370055 0.9470522657912085
6.662216438754562 56.48177100507625 1.019964723436819
8.76039355097357 16.5245614384881 0.9624074436668077
14.7103680268444 46.64102724550339 1.015756239959277
28.05687205635797 33.5591621769402 0.9461676297873243
46.96803548418359 11.5850313345832 1.019979256515349
24.53221455660286 10.31260763262986 0.9894980549653787
56.6968216056455 42.01988343755709 1.005477107479366
48.02494485817149 35.49695060518428 0.9731002204215314
14.21172270887146 41.23317693045045 1.006812949810207
5.255550888485997 7.392284952286763 1.078410692915988
13.63123780006135 46.46861161592818 1.01751566437349
32.72689335827106 41.68810985641932 0.9353988770449347
50.97349694044026 12.99580922396658 0.9793772299116197
22.94320420638807 18.50571147050043 1.026520166539899
26.27760118491836 15.74849106639088 0.8730681247306473
35.67399549282808 10.7730341794775 1.057242036570686
52.7929176170346 10.35566245594791 0.9236090279288206
13.86776767711517 46.95238811520505 0.9860643584944436
33.07966616474076 55.12780305283508 1.047688457232854
29.64683141403218 7.837909727281849 1.046717105410253
54.30652134321002 16.9405624707884 1.040191029805662
27.96617907051285 20.33429508299301 0.8788796897564339
33.33010433350229 51.24193957552404 0.99628414167166
40.44538748145354 56.63852121664142 0.9396152017772621
15.38701225648961 2.500624357024499 0.9849709537027782
20.49602284584941 34.71772988080873 0.9377363072617076
45.07339236329933 51.73920913261325 1.047784596271775
6.241328525003665 53.1162160896306 0.9430143756770945
54.24138371564512 48.0175939654082 0.9346638666071891
27.50327425892617 38.45505282816247 0.9359393013323226
55.39561532549356 5.261842223471889 1.100610749384467
45.14409065858651 26.69435066808683 0.8843356180912562
20.93629021706818 10.64690571587854 0.978623362006418
21.11271615564484 44.7629191078073 1.067118216222691
47.2635434648318 40.86591720155716 0.9317879107346676
14.21745829294317 28.13498489378718 0.9542597206232866
55.40706671933042 9.459892340218598 0.9883583014197389
5.509766825712178 16.77782924416374 0.9681943796331929
7.795423183029249 56.62853113078909 1.000772332865189
41.20620336951977 42.09108636253098 1.088096710528816
47.35292858600288 12.58241733842642 0.9677692394882135
9.296169310014774 17.55444682042787 1.037515103045779
28.20135253630642 55.16932848616006 1.120324244180158
17.99537860834756 48.57124689201417 0.9478015810768937
32.43716409357133 48.88651516469499 1.015908985464811
36.39390694042384 32.59202173146979 1.039111246673906
11.72799328050017 44.49797474662679 1.019455438786743
9.36226173134626 40.8532501523631 0.9734640460714455
40.48178128315219 31.45532860441847 1.043864583233883
2.248771250363799 7.9201079364494 1.027175136020518
20.50252527487582 23.35331655636119 0.9814002430539536
10.15614663025185 54.55913760539104 1.008639864701838
52.72846606500841 14.5811546917917 1.021987089003889
29.92874605857243 30.39752291021753 0.958842924348866
22.28403807491252 2.233983678852201 0.9899306222968606
37.95793185707085 16.46140384276463 0.9887568642015075
9.04583632994715 16.23007789963394 0.9684573031554858
7.444114444984177 18.40809806129341 1.072819970445109
29.14856831084404 37.81455422603272 1.042646120669021
48.48521727159862 43.20571558373315 0.9270652288575355
9.559032113551643 40.57240069265124 1.008464109263111
9.546880098780095 6.144808196995784 0.9607723270845108
20.72596291533018 51.85864591778193 0.9889027521844678
35.67286907400604 43.56603968030123 1.029423153198734
17.4183109651405 50.3021079782872 1.052571327149252
1.12862757226854 26.46414732163034 0.9863899437972306
44.87224538292374 9.615513903375488 0.9870452313522622
6.265981750220983 23.43802835859266 1.014414455387934
4.252582558082688 41.66584045703795 1.045196632219276
21.62026561825548 34.66883662048208 1.003657830152494
18.24123731313331 6.200463075749791 1.034340167705053
37.32410595534561 40.17113717234281 1.057122545629136
44.61610852443432 35.25433908042234 1.020001301149954
48.1055854359202 33.41613188358775 0.9617260008469907
26.71823983533226 17.56545450005934 0.9768870904654611
34.98804369614834 36.25042571325341 0.8855621601264407
45.86593961662889 32.40417829407573 0.9520756135346917
46.29831743766476 39.04656280206822 1.007109920226152
23.71240325910617 32.43899397339625 0.9942989886618636
28.21973661622951 20.36598623607587 1.005201174151599
26.56644931182566 43.94239768709168 0.9936634518805425
29.63211107516294 38.04225855136395 0.9792636240961303
28.19093683836559 32.60857505565909 1.016411951614745
42.91623319262463 19.29652224774311 1.116343343713741
19.91851459393209 5.808462318409449 0.9890838950672801
14.99337243474711 46.05671116432953 0.9618588470835161
21.46088943186258 17.9670688086036 1.000261209137614
42.90587485344422 32.27961778700334 0.9747477232257838
7.71861176039959 39.73770542058055 0.9772883556968863
29.98426432208356 14.33690346560297 1.012478082127558
1.279301126151952 1.830790372020933 1.000310800576841
37.59297218527318 46.27176768391941 0.9856255701488482
21.8803427130358 52.40891767684786 0.9861423177900731
28.08043127138188 30.90504962573995 0.9740909294675519
4.709312212052435 24.64136880852346 0.9548558115968681
6.73720347589683 33.37806363607667 0.7867509799200906
51.34513244468027 14.40655566025831 1.00048089979555
3.477710694762743 5.863101222488611 0.9338668838881493
45.60080664306916 54.00909806834957 0.9828963127224756
25.53322594730799 17.79948593992716 0.9976115843025982
19.63027631194809 34.15278386098928 1.035469160246813
16.08429473083666 29.12296079617132 1.038821582407802
24.53187844647648 14.01712410292454 1.059215713735461
11.86968704306972 22.29385619065438 0.9707314553382046
39.97434855530707 17.62728623516266 0.9346831071648838
46.15905222536952 46.71155203120389 0.9842438756954592
17.9096449389633 45.35048228937689 1.032711103069804
32.06628871898459 21.38735566026874 1.087360291374463
53.10022053360018 1.11690403619637 1.03153075907392
0.6138760948618297 49.66003220931628 0.8890621094612603
26.81281604376287 44.01372586703567 0.9923329851426304
49.36711322952393 12.74950887530554 0.9115342434145361
26.76663300477277 36.84805035397785 0.9731450711260736
39.19284786665479 39.6846070013403 0.9965841670707931
0.3118932099602619 47.52478596965074 0.9853641252795037
11.87874840008037 51.31724308119959 1.003671565377038
39.66772537057648 40.25080772081893 0.9421064880935613
51.1757490258551 33.88130888244198 0.9845197002342502
16.69569901083396 35.44215066658433 1.096425912600646
27.87633117748253 17.30957510569579 1.0206618382102
37.5537275390484 54.91499889312079 0.9996989780578405
42.81948815417452 29.92084074202964 0.9750066431784089
46.81983239148736 37.4311407731991 0.9748183775610756
47.64590181906051 29.01268023159945 1.046436066400174
51.17987662701861 20.42764098449966 0.981018983440519
39.53642153299247 6.058625027098984 1.035179862563752
35.84701839268534 54.41260940973303 0.9748241722004108
30.97174822910305 30.02276739199775 0.9230064380457962
56.78219450674122 47.98961730300897 1.014164965302915
48.75582905521422 27.65852565768106 0.9799386736396732
26.46428794481991 45.85291992121046 0.9531062773236936
17.77301077115024 12.28377609899443 0.9993339408054002
23.0816275375344 8.593593028184769 0.8963172257353763
8.868659286232973 13.72752933005222 1.005670464188161
5.739164893393947 31.78614988680284 1.106597949159288
49.41204801872934 45.27558642638642 0.9588813214701837
35.99652693467053 16.69179328004448 1.018003259730998
4.569541441076222 9.968275137230883 1.022859324779888
23.28195349931808 46.49675515224074 1.056545777828454
26.85307700971751 15.03778252798961 1.044483748664746
34.89579443256175 43.61956875474172 0.9241378231405371
24.00518931309003 52.66880520371199 0.9058942795228246
51.37254297797221 32.97498300297883 0.9365359447402644
35.71250172132277 31.97881623775643 1.011704467334699
6.764966098016578 54.37143805593785 0.978726266753502
29.72725301456044 44.6097410119184 1.035365582116948
44.96137126160849 41.97400858577993 0.984594856117798
40.51285006316046 14.81444824478331 1.014033228721848
44.28769962782399 16.9719069497529 1.047014176860341
30.57639069695789 43.19104445501745 1.077126699999931
29.10221608872629 35.6170874273484 1.010814301491647
28.3401851557848 35.86718218674287 0.9844074585046195
23.47692317211857 37.5168955440246 1.002551257147325
9.791218093033516 27.77845743753875 0.9999378398599097
21.79455234845847 34.57617833399036 1.067318169942498
13.45728173873261 5.307402385076229 0.9813463958810622
5.975533258158496 42.35734421543653 1.02592557820851
48.37665837229074 50.26323288598248 0.9943131485173965
36.45427731445724 5.080108038187078 0.9772674084571813
19.63576345640969 44.63029416074524 1.094668603113955
28.91054824735529 2.858997831055428 1.101858480661717
10.17290613808339 4.899073677556158 1.00730216634419
42.41596922158076 13.71765412097688 0.9651560777690436
4.428286721198022 32.03077629396262 0.9860993388020581
9.60695460141029 55.65820903920485 1.083635700034941
31.53024145473272 1.99758115364126 1.031312888411705
44.35492539562048 3.503940184369656 0.9430724048593317
30.769007572331 46.68417653426722 0.9352706047818971
51.7642845724543 45.09275271002797 0.9892227764105657
54.85357904753349 53.96779246161123 1.009028168590726
28.27351641295176 10.29676177739015 1.102310006090131
32.23138955385954 38.44642255103515 1.039240446926838
15.09625183469441 0.6118046765270665 0.9318264228978186
49.87547970277978 19.52453855589243 1.096447933819232
45.74737762554892 42.24953557189998 1.060754052584884
33.73461598937149 20.27761908028164 1.032749586570056
0.7833937666301587 31.60204209461903 1.029703639978827
49.36583803890545 31.55240136550385 0.9261753770030444
41.7756862522921 16.05050317479787 0.9501221247074013
5.915579949466316 39.6292652732829 1.035952624331445
12.00165696954432 41.29181204936086 0.9647756501996605
54.59855525689132 44.23304652340386 0.9314758366878857
23.39087207866407 37.83448643509042 0.9748612011183713
13.4061953883647 16.26635175490116 0.9773049370718433
9.384021670270721 18.54542860321022 1.150269905571406
16.93927252243239 10.16741546344357 0.9545154320704862
27.12793780077618 26.49550305469684 1.042747360735748
30.48419250151338 33.0435177502425 1.023794036827643
20.34531120320098 21.12642527098135 0.9692707654662701
27.79430018728334 17.9438664600923 1.115806935226779
31.36702119622706 44.14445256029463 1.079747163209347
48.01669562795045 31.72604618720992 1.077335344754689
20.83244880374169 7.491540770275305 1.026188078188806
13.43682902745755 30.21647047401241 1.090278055452034
40.38388593745599 19.18444007131478 0.8814789020916405
39.68121208468509 25.10370273986073 0.9400990407471185
51.59920579455756 7.102321899543666 1.016402724231818
42.85266760916107 3.723974069451901 0.8996714011748399
24.14184527245436 33.20987113481847 0.9484347271023352
14.93164495934343 54.88010244438429 1.014268968493887
42.02455497813623 55.97691060927553 0.9835335107527765
21.02471234278041 18.21778384419986 1.047322858999465
25.70932461447517 54.77319399629403 1.045477738987076
15.07363162053452 51.74629398796069 1.023568594809306
13.93073405927547 10.83050760432636 0.9996933837925691
23.56122029785124 47.54886345730576 0.9294283376599467
54.65118535684942 6.492325072406011 0.9463500679123967
21.8844001618607 48.25599539431557 1.030809755366083
12.65510556597966 36.83214915722243 0.9732877309859574
22.94467061056973 27.58675055186579 1.043525025068919
16.88541670743628 19.73680652665757 1.112432959992103
29.88179620117033 37.9101290502167 0.9404983217926847
22.76729019673881 6.663914958789905 1.039390165260531
11.99135508667275 37.84092181727333 0.9321364661758732
50.97115823718308 2.859659620029693 1.040217901000976
5.889806436789132 14.61081567388532 0.9713160736437971
21.10314074629133 42.90448587429918 0.9914037725949274
51.79698716141143 33.79344463105939 0.9476979648669245
13.62559376173913 55.58395598716287 1.010285727934857
35.03884327925688 48.33784533680316 1.044146834761695
11.07465183691804 2.370637727142609 1.001863633030421
32.83438901036717 49.02924220777547 1.000063857068124
36.44260099783661 0.1033660867732792 1.021664249010581
11.72080456359349 15.74104034655776 0.9752873873417583
18.60069996658745 21.33411550304578 0.9858540991564662
20.30277847466188 39.62078567902594 1.083612292779224
25.52527152678243 19.67209443155308 0.9765157688643494
18.19936385201261 1.164556876832879 1.132924870856232
56.74851286399575 5.163030411658357 0.9449978720139721
23.1628029505549 29.23735438996803 1.105490498556775
26.26669699524841 48.19679101426005 1.074149120829079
31.52335858928196 24.95985413527109 0.9451590057494674
25.06322022204437 31.49774953513301 0.9727170121173517
26.70699993367633 40.50752931484372 1.056852998283766
4.841644791346809 0.4924907574860802 1.029393444786761
27.92848557928972 29.71675208803115 1.006948731712823
49.38884654612692 3.097773830451897 1.003730979511713
54.61831398290504 19.5130336785284 1.025127017764392
24.67606411672945 1.085534368215843 1.00623903690295
26.60418121032611 24.76335448853828 0.9888784489450813
0.6850338707142667 4.589686150937195 1.00278080857988
49.4089643416968 32.20839248653892 0.9256011507694757
43.17435207365749 54.61276053479536 1.004786328013013
43.68365879528395 12.88135198079113 0.9570510759095622
1.189051854512213 42.96193461444319 1.089305000830199
24.36586186213692 29.11753743380194 0.9619290308910358
25.57129453987409 8.06753322205857 0.9746243127142906
12.36204567102811 23.18960849623643 1.064394678129056
20.55643531659452 52.25663101731643 0.9968481607180617
48.37031150999028 47.16061652692063 0.9772687943916262
48.37278985435739 20.70501937656897 0.8933076747377795
31.28298681661626 40.78175416951149 1.010259025596166
1.445287611077208 39.65132222494638 1.023707969646067
51.96911589101381 39.56557743417359 1.088874435982998
25.27570517932796 41.20619872454842 0.8894908612229195
40.15482703231034 50.84699971920205 0.9501424486089622
42.80164981857019 37.59304353203301 0.9338935460626142
15.1109298379677 34.17196132856047 1.119737371875552
3.865261967696837 19.12644986022564 0.9865230090249828
55.83593474693407 35.14824881085579 1.080608521946211
38.52718963126055 28.80622635819308 1.036073645546952
22.99164093238844 45.05188293431507 1.05723964073771
18.94243809950651 50.24009930958976 0.9898908404489644
32.72535167901095 2.097265105274164 0.9833270103388539
54.61413780861261 4.123707191144911 1.074233003805264
44.85338244626922 40.4157876271828 0.9487035308412641
38.09522762805933 21.45301089689741 0.9650795824494425
31.59686058927181 36.93116234845071 1.094971249267041
33.38093202532313 8.517619399129236 1.029959912730852
22.00809909310569 14.90812163004099 1.057202352462495
2.960004564356061 5.288239861041419 1.030591071999022
36.51889297995665 21.90244266386258 1.077062794639484
37.24332823150015 21.61384555120666 0.9754307948212954
46.73914536402521 25.09671067776937 1.005393305865334
28.06102296200628 22.61738208104735 0.9571761440233408
43.92630681624929 9.156250563522917 0.9645180735710147
46.08741293851632 43.67165268569796 1.055375043367124
53.02823199798736 20.76792184392359 1.039401839952289
29.28554124305283 47.26178737369449 0.8593095907248641
44.31728562680878 9.609386973832448 1.056160388111047
14.89762683487387 14.78042035260257 1.020222832959177
12.17973282848472 13.42596597896235 1.111678276501203
56.04140415184265 7.26799318998493 0.9785449383142517
0.7932861488281219 45.78054948932517 0.9543724264761325
20.23644552344291 3.425726803217887 1.007776003543489
28.44030140826493 7.162752313149512 0.9638313083227664
25.68591971867062 1.669390305257118 0.9556763025759957
2.182347045364951 21.71415169011529 0.9786013014116483
51.12331568688309 51.72285339223354 0.8780658483128313
17.69782269964825 38.44060128714917 0.894065575181809
10.73977042489674 40.89762430679874 1.002489954451388
32.65583317990221 37.76443540992422 1.03808385182652
45.03242859990915 20.87035105324832 0.8996703148676124
20.47778676798464 20.39713246766344 1.090474828468066
23.82285927088133 55.13357176218814 0.9866169603982012
47.87698463111975 36.40483666416483 0.9602637598403915
38.07422696942195 15.82661319376277 0.9505481881762213
38.27705601336297 3.511539092059964 1.020179236216552
55.2343924842935 3.96047119282208 1.076377072900451
13.84097296085254 2.566632823816795 0.9406182943435486
26.4564887194226 54.45233320465886 0.9776874354285325
48.42402709993721 46.5335536238428 1.112435445430799
10.40390465054843 49.62735727784566 1.009179307014346
56.85358816750981 37.09717503101433 0.9156607895336435
35.23074676665978 24.21857420039297 1.084654584813209
3.081284076013269 48.8750129150576 1.049719677633955
7.701626082277683 22.05853453700362 1.048250216911154
44.66705016403787 50.96427460199421 0.9857608612407817
7.716908648478291 56.92818587642545 0.9450846065896247
12.84878590090609 36.86647915833932 0.9418486872635052
29.49383640964228 36.23822969069622 1.087378543878294
3.349865582468857 5.835425978915499 1.006929393118418
30.05400017930847 5.995961178557929 0.9824126993204481
30.45562523764355 13.83547867640642 1.025402356580209
35.89401321341005 34.81852236148833 1.049060683261125
32.12152592191543 33.35291942411704 1.022045627074409
44.65279856913388 9.188040402339791 0.8890778711473527
27.89083877666427 41.51154215331727 1.061127330749156
7.826774430380564 27.16952452118021 0.9299502706314093
36.32318342957794 20.67556033128666 0.9814311406831813
43.92825090928388 36.52984006261912 0.9688433024819566
51.94605467000327 47.27811649175273 0.9118068730958448
3.856692924563164 2.314354051982217 1.002418627170155
29.2547448972495 51.00816514855631 0.9626097993973176
28.82668751004464 15.59313129381888 1.02199476224764
41.5016775082339 49.54665249332164 1.002719105756304
1.734692869118738 16.53024176067218 1.071207872979929
13.66601820414235 21.18730874182065 0.9906590152367956
48.35683326300086 32.24842274340262 1.032560159363924
42.16835296580957 55.39283691597769 1.001892504424372
34.9226769785968 42.90230233962755 1.061717726591868
19.37472034030348 20.28794299358872 1.03839177843245
35.7072092144318 44.61972701019594 1.023857952211116
50.54780325970976 7.961954085138605 1.045512386617615
16.11071216925546 10.4545796422542 1.083513393248421
49.61253992543208 0.6123896774893578 1.007408998399443
29.76686575485713 4.735924978151883 0.9806274162752682
54.78218467011218 43.43288395899948 1.048945409831604
7.925676566979697 17.2800669829734 0.9943207784744288
25.95584670079679 50.09402953278926 0.9525990876869869
22.19063338134002 50.59558087754789 0.9475301164554619
2.814396710048614 41.56535374818619 1.039679673725557
32.79880290282834 49.59073305902571 0.9615334328704718
31.19715780587735 26.34660613599541 0.9931928184539144
23.27962958034111 52.97855466649801 0.9855455459582936
17.27578899090913 26.28086168937425 1.059221964258061
31.01678669406883 32.01268221950749 1.018302197053455
33.47553867822305 56.94002044058406 1.085774755092523
17.22008739701476 51.67595290424114 0.981517654939666
34.49524475144932 32.89299129596585 0.9175388867928208
41.25123188097553 40.37209601810765 0.9882345152793286
0.979874780392216 17.05003475726118 1.080310168287861
43.39664091979928 33.51551619475499 1.09747276944024
45.00208255089916 46.7626556608652 0.9894045670614035
42.74121032736321 10.45470447254121 1.013340321476743
37.56257382061452 19.97170785021582 1.009278437033352
11.51938090218202 20.70449624662497 1.039814087473385
18.37411308864789 28.73946832573948 1.015077181494853
4.632459595162636 26.96849639898562 0.9918830093520946
52.55523597288655 31.12103176867637 1.04272553633229
14.49312776024133 42.35081519063134 1.066203570810895
53.85650261112326 47.45595681083201 1.055303974839684
23.9714729790443 5.529930301257377 0.9483709502689791
30.01579913870236 17.15038846067637 0.947906857729752
27.60509293321757 54.37421627965487 0.952218180592717
35.72871731628138 28.10245212498235 1.006850235553406
5.075349968427489 20.47295766997755 0.9394979177234586
51.41760360608697 23.44946305707538 0.990277298062519
19.31882089717259 53.84488559087966 1.010767902463298
36.76654910285331 14.87405684351644 0.884077285463617
51.68052469737852 42.45904509325467 0.9915908693874433
6.488304650638394 48.53702728195909 0.9124244147367808
31.79017075979624 56.88647488313097 1.086230936587443
29.54608272879668 4.805969871955909 1.04570300983012
20.56297933802147 44.64195627702491 0.9706625652611781
43.73194144094919 56.29169665430286 1.018006096116914
30.00480398722217 20.81975837043475 0.9905034737477499
16.15847582563687 24.42240759330914 0.9740741951597101
34.22046029717683 6.588042324682718 1.020310386174961
5.215787385690859 13.98700940003014 1.061060687379715
35.12449888657988 16.14262383903499 0.9082088494852852
18.64074981195887 41.61280353721828 1.023058405777444
51.44222657263383 38.17503866701156 0.9582313547762226
44.27579175274623 11.47908988989847 0.943444753254796
56.12104619346608 14.26470524271238 0.997352418845893
7.130467691985177 14.86545456893065 1.02429416953615
35.6852129393654 26.10869925055126 0.9478127112019024
4.557679245973788 22.95443436687553 1.080813229868672
29.54247669155825 39.69538845759602 1.047015403193367
52.76514896972345 51.0045758863001 1.016603482100674
10.1471996987924 34.51784296171639 0.9122949393059849
15.50245134043621 17.82685081978648 0.864527590177709
0.2966726474914107 23.51582122385307 1.01778747862718
5.306445919119961 44.57246440023764 1.063201737130444
52.41123546446266 34.11595728067493 1.094600096856231
47.10391501668092 2.541703129905138 0.9928168071702589
26.16283769214658 44.23465408162896 1.096338797261008
50.62105915584651 3.642438737509045 0.8861751560326769
43.33782719510506 21.77794256796033 0.9469487905327135
17.16811170716216 2.214920318319891 0.9980190986734159
36.73276330657897 11.17004171161449 1.040410291885827
45.14216222574104 8.80635793125553 1.061943131065763
32.3221791551086 40.60789493592824 1.024872020344606
33.01129927347009 10.31709026886015 0.9994037863798096
44.43304754953508 6.551019673492303 0.9072345441202493
30.96423786783788 36.41445939914065 0.9846992211885234
7.081084161568937 32.76799580723419 0.9774538712002683
0.8758667585793262 0.7021432908727523 0.9775826672034287
23.86567913827751 22.74826171330561 1.110051811501201
48.66660297786193 41.03379084543968 1.073254049059942
11.34910225139423 4.695945311661784 0.983637547473355
55.50423508719739 56.49126447713527 1.025466188259021
44.93009935036772 45.82448242456861 0.9280141514786615
17.41357896030582 20.94139862383781 1.002096235524665
49.36393336177056 43.57462024296383 1.010808928578748
40.41170334369489 23.32817120306574 1.059762230627752
36.9693839065588 30.07016377713073 0.9822137841383607
22.78485723947401 37.84525066513812 0.9724549974372816
7.733911021954339 54.63798623282369 1.002379448706856
24.94355347098017 56.40051399981627 1.038786734274203
43.73470734885647 50.0208793031149 1.018430181171412
54.60268084081014 42.23894240951116 0.9866512963063155
19.04462643388874 37.4422431040752 1.016124439474026
56.92946650829607 36.45820542073725 1.019639039019741
42.64565941814597 53.73059238154934 0.986598879666551
17.07574626620661 8.634739007165068 0.9533965670840371
34.89038081136084 12.47720982575659 1.025073349894751
11.72760278439503 42.62429183331518 1.023967519877305
42.02480583313145 48.78697311030094 0.9460739532116239
29.57789175798087 28.75951315544523 0.9914177050529024
13.9984555384137 34.31999614058062 1.086561725104655
38.28555665597578 33.04308197230244 1.041914981583681
12.501287366497 16.14588094602613 0.940729118099058
37.28606231291129 25.82017643089414 0.9822452399892995
22.55076878590079 26.9692022753736 0.9406720164375365
31.56646071167964 9.298222599689952 0.9266235048518286
18.83053362641043 1.904713206414465 0.9783866031182512
25.74857332173203 30.55813643734815 1.02891508032608
10.22929266618066 29.5538108463184 1.062940587354717
27.65074243752786 39.80718442416153 0.9724019392441611
46.77859096498163 48.27331362584295 0.9612607319993886
48.35486151247977 4.540830183094754 0.96200776981516
20.68671115566358 9.774399049940705 1.001523670857973
29.67632528332822 30.58016716483057 1.040336449317442
0.5493694136614768 7.272581466134908 1.0071504743489
4.525316668918969 24.5637018352578 0.9430192782767538
26.46841504167226 46.29251828384237 0.9118723629451895
53.91398673267755 13.99742005485921 0.9480562538463455
43.5512309277203 52.80703007513985 0.9918674336390316
46.95046382301975 44.86455490294124 0.9934452100687797
55.38734478148974 23.27175717673812 0.9782225290375146
30.47427023224266 28.06367006481796 1.026988677281524
13.45297245283284 27.81608080296595 0.9945720709166833
21.96499556394527 33.99691741494318 1.056424206835769
5.430830633934042 48.44572330985485 0.9849891150418535
55.22919722983111 48.98206156165435 1.033859965573554
36.8466164645956 52.51837823145016 1.031978328909957
45.11788181919506 40.02295088117148 1.014833153609022
34.55414678368445 53.1476400639618 1.041798498956595
0.02928736714147374 32.9414915386315 1.022802022524499
4.00516157690676 16.27132152918322 0.8966557740478905
36.68394858608206 27.29592571095374 1.02376558617064
55.11200651391968 35.63761082181595 0.9837138801445802
27.13383845385808 49.28393761221503 1.050905259810398
40.36985541664523 32.50185206136752 0.9966819496784708
41.8689974359558 38.59905261993364 1.021351931603183
26.7787136196991 4.330530034532086 0.8620810674751653
24.64012897277257 14.89659543889416 0.9650993158779051
51.22601167681907 21.90762767284533 1.05373239246549
14.35036305307893 51.25529904396054 1.004757907594609
24.75885664334468 1.854280788383577 1.023789824997028
50.04108182296207 4.442805202884043 0.9482371939683618
54.57972626834164 27.262213013257 1.001544847437562
42.35130790264872 24.71356472219972 0.9422197493816922
18.13683884830067 2.916005989031869 0.96782147916164
44.92418133836434 3.005836257713771 0.956020568683592
32.12758702557888 11.29377222866461 1.035570361237802
16.73862496937561 56.76771599835144 0.9613730248432506
17.97043896092588 20.41637931783515 0.9963448665293949
25.9997335579245 32.32080201400481 0.9739129942210791
9.09056228124097 39.43053497859768 0.9224407464877008
25.70313358432759 2.13164407766035 1.024064446408717
25.11555309692191 51.19664903459915 0.9634852112552661
9.166631145480382 44.66170372239393 0.9972009329792264
47.5777097114258 51.54315964996031 0.948813280176414
30.30930625149482 32.09276832039131 0.9761878558064332
5.20460922233975 12.57690819007201 1.073694713903786
27.78198543925862 23.17504820980832 1.031793114578137
55.49585022381314 47.66496584316015 1.005650549497339
20.63057176658445 7.586412478511414 1.067907053127956
9.718056556171764 16.96884100323955 1.006075336388984
44.18704543457694 18.56339771466488 0.9682772610162553
56.9643022273501 19.37902503431729 0.972123188709167
37.89200859232434 47.54201193877589 0.9632491578143969
22.63478023262451 20.87343924253873 0.9690296120634603
16.63820809435016 9.021320755137745 0.9730877250379363
21.59822894520975 15.3453042094341 1.064937447948962
45.01786555304093 54.59151645311691 1.033735499196447
45.25648226973437 32.75759497320168 0.9632102702194058
51.10012825536548 18.3519830649495 0.9677213985999142
35.32082406818905 9.278345705605274 0.9916187743330244
22.38158249965943 36.74273152125195 1.072268617372708
47.33127011979524 21.54524643791153 0.9247126606007994
54.52065428324075 28.22327868557688 0.9689523079339233
39.42459352939603 34.72203858276924 0.9701252894932841
32.31627821005708 56.06280165028889 0.9656471737481583
20.9056189669788 8.341588256574044 1.060745706857176
35.22490121620935 8.92348449347703 1.061699873338602
12.54157001783213 45.20081966705659 0.9815609072794813
50.35551328414842 47.86239408602118 0.8955641297209056
50.8787250061886 17.93639567398298 0.9900997803599453
40.60535599459212 48.39937928942935 1.000106449195042
30.41465290096339 35.15849641391937 0.9675884817738379
27.64706951270209 17.15801221232769 1.107756825529638
0.4761729466152251 31.43270515204999 0.9321196945954051
23.61491900664518 52.91337321694632 1.065134373280519
42.4507016630148 38.16386212276475 0.9897150355823798
34.92525801664463 35.80621492062053 1.139408930078257
51.54331070442838 56.63138178951637 1.018790178343177
51.46453291944439 45.4220356840743 1.046187954860102
36.82141494696094 6.727451796516521 0.9231437534379554
30.76250323223067 39.66363317736594 0.9665404531866989
17.82212956474262 5.958789198174509 1.009370493673821
21.33516834552175 15.86022295889455 0.9290975505657036
50.90102384141694 46.88976607140609 0.9598174817214047
5.462574898946366 36.35172550443175 1.09340525297227
15.15794039850959 0.07988434987137297 0.9964927607732685
15.7922562518121 9.701251076395275 1.024218618426605
24.00649537286092 19.08918129098098 1.063233166473039
17.60833485825376 2.318215058333341 1.086992947092216
8.277004256507849 44.60150579623948 0.9343057402758144
51.29068740843361 5.788481934363247 1.070396210246077
3.776132585376563 55.70374857713643 1.028020242598825
2.152041500505079 54.6771564267935 0.9819361773629847
34.02888190468256 16.64714278962796 1.014784225329661
48.00244934158514 49.18682232973484 0.9667128170328954
1.888073379587416 16.43829325234438 0.9819449994857001
17.05149476465373 0.0113601400569827 0.9581231554937405
34.95606187403018 0.7238321750070118 1.009449322557559
24.46735411438502 52.56439673228394 0.9303269403262908
35.33519733479954 25.28554856371393 1.010117288346843
17.10753345075414 12.77147191891981 0.9727667055504484
11.47522046951354 13.85149501536577 0.939927236448185
18.56082243638151 0.06873509151336508 1.034237074573985
16.71587790768402 12.46856078294504 0.9900032078662164
44.7765266707989 33.44290504718334 1.051625922074864
49.88119832607042 36.31476114099601 0.9737481205774696
46.675960216986 26.59853512821651 0.9759786522232541
27.32236730322352 9.160288052242384 1.081932229251809
20.19641877021474 30.36441453656387 1.036798741928201
19.47682848920898 1.790999450623523 1.072094250067849
48.0006488445218 31.17628200406967 0.9748475802343742
45.02777701943543 41.23548794967844 0.994369792377681
2.544604405548705 9.493888460795343 0.9323490391028493
21.96244924374039 24.60171893499872 1.060956348287411
52.70338738695876 41.22571562008267 1.03827250456172
20.54047673453599 3.942279149285647 0.9681140278977517
15.1831207881603 5.233410672393353 1.084286461624484
14.39369872463574 48.77072001051657 1.000447152313529
15.869902601405 14.28767834198087 0.9573279457053105
42.99337342614 24.64288739564032 1.09948054317646
9.254521488330569 45.5379778316887 1.062749197719842
7.79846014492142 56.09922510017605 1.020119961403408
13.6814326875291 3.501847505337488 0.9956272073769945
49.08643319182397 3.865417401709323 1.093631815429509
31.89003082219978 7.269553953441584 0.9881968231305697
52.23505204647549 8.644944619687713 1.050147664380396
37.78020516726198 38.19705195594442 1.005755020685488
43.63588035462232 11.5426812994027 0.9381870491581702
13.81456449386411 23.2509907308272 1.020182364588089
45.3459157516928 25.03065398290318 1.022603890969597
34.89595015854386 53.14437589661422 1.055889734819711
56.64622340195171 7.454819750252562 0.9878348237649903
19.5251344924444 48.73265656723299 1.021697695119065
0.4221971321023056 24.69179721860764 1.015470876586982
31.31160132648032 9.620510353064402 0.9388299697547045
41.19847238538716 0.7249065436073143 0.9731206723829741
11.6113600142353 32.09235048531198 0.9938097541368049
16.01447590115223 52.74787501140865 1.035857333594462
31.70770327500426 35.53961039359663 1.035425335193838
29.95477570824082 43.48274204623082 1.038967373913373
6.447005653030708 27.83427305884393 1.044773492666094
20.94882242937983 35.68219169074771 1.013846659814148
18.05039492298402 52.26042375586015 0.9668746871734905
13.20790538387741 9.465893722821908 1.044667847144787
27.8426746706677 54.40637776926457 1.02762491928819
29.49872825457655 56.73194318950733 0.9538261307892026
39.41131045083111 29.62173269624903 1.094767220319993
53.87461622100073 40.18351214573882 0.9414750296837752
31.26083707169668 28.5823194694623 0.939879679665096
14.61025989642845 48.67789824757627 0.9397672704145228
5.22411064348375 21.05726554945915 1.064159912291496
14.41586328037822 40.46099373580003 0.9518814051906359
19.16629689287688 32.46625820336224 0.9528826780839584
48.50551075325604 48.92932287553759 1.016178680718515
16.9348926595109 19.34818539738105 0.9947569871991937
1.802220082284054 18.83442884629333 1.068043604240961
26.85763608890475 41.21353053311516 1.056537392557971
34.21018445268748 50.9873296385572 0.9705283237158456
16.91309723300538 52.93330699202293 1.014259856939579
44.61120521305651 17.95280887929388 0.9256136482459199
52.58062267889298 7.123376466391318 0.9783034438930329
42.46274416263343 26.30578766730883 1.052434616920706
28.07220988444621 33.96825488934678 1.052530545871022
53.31644031327052 7.570811108020512 0.9673340462719987
15.13279544335455 55.11866039555458 1.084775155457903
39.33219090212704 17.86140152339889 0.9868363287344932
36.01710386575065 2.058683442444859 0.9870228262286344
53.04601310754475 23.10527649340466 0.9810451167916852
9.16059528391836 8.774711316812184 1.0516781472745
3.895176936823491 28.16443425098641 0.9957806720288525
3.205742207917265 51.47954716555753 1.017153016208329
20.78533480632367 19.83985508318984 1.020249382476159
22.63674125989747 39.02044532262741 0.9800876131867353
46.59125643064792 22.97975307050149 0.9569226784182092
17.07184191563718 15.99649638496176 1.070300179012702
1.462716233666388 40.05007719530262 1.024320666733226
0.2145767869495679 54.50872934121114 1.009341160321694
53.99324358673451 10.04214947812359 0.9537120313947269
4.175395078573095 0.1989857681090877 0.9874897952375397
15.78289536050656 11.50421339855726 1.068046592938474
7.327476719546819 23.62985298765351 1.033287293564592
46.6096060846977 47.52923686081974 1.002563321299653
12.9152295351565 54.57979068745849 1.021529182220402
41.56707915596994 48.39598588570765 1.02171785984128
29.82320463881977 41.78165594291951 1.025230617334784
51.15682801378743 52.18815585839942 1.058718765307143
39.76254558598741 0.3038005285448397 1.111206254945897
10.34595003321113 32.3745117645592 0.9959470735099042
36.95477494083102 14.86764665034956 0.8466476949017369
40.17467810035436 44.10044740238248 0.9895513829059782
37.32646047804806 47.50215481990117 0.974804930273046
44.42088797009591 0.3399064481909883 0.9747287668550431
1.313092230964961 0.336117505252416 1.026744229464165
39.64234774217119 19.93244958758934 1.045298994406051
24.26843220799623 28.54706294254729 1.087377459178941
18.7290607503285 51.93433548693282 0.9590767890729718
18.42934259419765 29.07501078353962 1.023932273978043
43.94265746043187 55.62639926682525 0.9989396343575319
24.20636458797677 27.11733553424353 0.9871604406676199
17.61949032760202 53.45714703270102 1.007621525769394
15.31668043617005 5.040378297697929 0.9940351926276092
5.376495802950345 51.71675061654148 1.012711808027873
7.87613452359854 52.48574077826261 1.05758553934627
15.41819033930925 1.471959063071739 1.017269552144374
19.06554520831702 14.32919820134025 1.06268635197917
53.00275167590135 38.62628006172659 0.9622903406027931
37.73509946965384 14.432094270099 0.9831642377608673
12.81621177858497 54.6439482791554 0.9853512879010944
6.670345908343021 37.02257639310443 1.05342287520811
41.55540143258656 42.38077414100094 0.9904421147026283
45.85433958370906 56.8720818952993 1.025933129081846
16.50185453589161 52.79764824164922 1.034673949506602
37.36814365459986 24.37798908603284 0.9767029668543284
14.89647135180257 6.70157930613569 1.033090419740027
16.0436295727471 33.96201656011959 1.070379477276898
19.76278056938331 17.03352918337729 0.9293521501546956
17.56712891932909 0.497880012494456 0.9882969718638096
8.541826707097622 44.28183523206125 1.149869312805526
25.912368017208 15.21217261544064 1.047470346312272
7.609365166448693 8.859813031209546 0.9910178965487041
36.05442591852249 53.46370477670045 0.9938822168470058
39.11509781475882 25.23374943585775 0.9402609732051778
22.27322654578519 19.48324144281598 0.9820059754993335
34.05491195249135 7.508209847150468 1.025421626575638
20.25819481874732 50.09854152523845 1.046976670774731
29.03939038284095 4.23300697665336 1.047642456348195
1.322501509600553 46.60651930217004 1.00722274691017
17.87493904022264 13.27271369624544 0.9599642526664069
20.06996016859541 43.78730705743065 1.07649817851708
37.46095883495219 36.09425150467747 0.9999271676629953
53.23418482497064 16.51538475347468 0.9585624896475423
42.99096308415335 14.67305404305135 1.007145074095797
30.19982913425184 8.264189629938542 0.9201594473747239
21.82080514255017 11.21120741181598 1.079389492588612
30.3197775032929 42.07899998784018 0.9922540530824491
26.36797231406345 33.34913931989536 0.9863328625746166
19.02301088721632 27.690473823664 0.9240993216114832
3.478598760198149 40.83059766228804 0.9113337085478002
37.02661159915226 23.54855892879356 0.9405789210646553
10.92293069601195 8.078863501585491 0.9973777397314976
44.6057494420585 7.157115494439898 0.9037375180861686
12.12319519283399 10.58521133921352 0.9548987425539931
34.83675973994507 42.32302435362853 0.9454612375220482
8.134591983228265 40.67020611170224 0.9681145278749536
23.20426263762836 38.45436948652117 0.9490781608533982
53.24437342362682 52.11717838706317 0.857933944984099
3.863150868035457 15.26738428430044 0.9645209353089943
39.02128218720727 26.28625094438263 0.8798713321233653
10.64940712584621 19.04789378635953 1.018354424724465
27.55939169719787 3.757740569188139 1.040091702770514
46.34617534715039 15.16514111271368 0.9699642459708148
35.32884680960739 23.03805128300472 0.9637226357656429
24.52563491488138 13.16560652300977 1.021384913827103
25.15866172227946 16.49566759331881 0.9710475210946535
27.04524199573567 48.36292435990783 1.035071081333592
47.91162645579857 22.74008680262607 0.9851288816955319
9.461794761224555 13.71927861344036 0.9854985006427627
10.53097073479135 32.84033945754186 1.006596925174046
41.47561523759533 38.09036243198922 1.030426301550825
53.25550357124559 47.51293611690073 1.106122675021429
44.76221416041358 31.58435035431029 0.9627680497120891
44.74995687732005 21.912063009996 0.9656689050297032
55.6628849593284 12.90861857305682 0.9726293398697389
4.271542932964649 36.35776770969749 1.097132326860542
21.50257497071409 23.14847884101257 0.9255108101427143
45.88856564363864 40.01397294784616 1.009503108572051
26.13348003995301 38.44746193636556 0.9394993550464081
41.65576535493869 42.02802063106932 1.009365401661585
41.97934905531786 26.13138056599134 0.9142839623927025
56.95317115073706 19.37388660776144 0.9333642250179056
12.0903651724059 44.71538528460794 0.9939416061215546
0.003234306817517759 38.70819381284909 1.047596231705182
47.55341558230734 55.66611926614592 1.000912111672748
24.3742461681246 55.88835531887056 1.045723276200297
8.318913868776947 45.87682116538138 1.078098548657703
1.29102253880865 10.92539977697907 0.951329727944665
21.8850650032447 27.42450257876166 1.058491139033191
38.41013553059201 21.54286120531282 1.085309428227447
3.160007607731972 4.528518567107859 1.022090118406478
47.82856401653428 17.86064211039834 0.9961977191377753
23.85200800553523 47.8317983233518 0.9608088084566804
50.07400360148121 51.68548364224168 1.039830811124261
2.748984869918313 15.11083773482164 0.9644284762582003
26.03623751180071 55.44164070088492 1.00735364501869
31.46451001403132 18.40909922514534 1.007644414940376
32.5708833958818 55.59773387461795 1.038655285747267
37.76240964502208 18.6911736566998 1.036196099230264
22.52545690374703 40.75383709545891 0.9800466260068558
40.37127491988767 22.09429280045176 1.001312201187533
16.27994108306241 41.52583043022353 1.025549595083051
43.74135621392232 9.353944658000927 1.056339658269725
24.46478239282257 12.76788971702004 1.024149225158774
50.53034854565298 50.50101990462328 0.9862406377314972
11.91011910322593 6.033285965227189 0.932126609614129
36.02288072371059 7.347845370111915 0.9499585634759656
5.945579218187174 20.0295866881635 1.031870193362901
30.28493777629218 7.65649182473146 1.062110416072859
0.1959683947246375 47.21985841180192 0.9873510859986631
30.94060396167478 40.56724331461231 1.002784036106011
13.4364357709123 28.5940922687734 0.9248797376596726
13.62569502211441 0.1777919848346114 1.040885619360711
46.66813309521793 5.412819293054202 1.018104170072842
5.604898785056965 40.19848161432822 0.984331117920842
22.84771516818913 44.2162208711804 0.9819992131449303
18.17180367101534 5.114892184787846 0.9972583978926768
25.14447887295134 29.09492274052227 1.017084110010582
31.77387474047666 49.83888038100623 1.036311335689492
40.05873876626545 50.2222935949556 0.903531903277164
15.5370864498136 52.37288995197643 1.009440820135703
23.96698222074983 35.94785323550359 0.876829659027621
29.15131420556051 4.91501912098146 0.8961530685784499
10.32783844057836 34.38976108859747 1.003055825110236
2.017928862021272 9.24167763825584 0.93286856397026
54.42748988067149 38.23743963671729 0.9505410295051024
22.16679764453638 53.23747484490158 1.099860470359655
40.15015687195126 44.61408719216198 0.9633411325120437
12.09854037505507 23.20889561167401 0.9902799890689465
18.58178556365044 3.158538920878684 1.104989055260162
56.60914907213726 42.54876778440027 1.002440385175717
47.46378690538173 10.89125443338009 1.099375562853819
47.57991055193353 0.7916253194173916 1.018459440825539
10.03330295767323 39.48520581353698 1.014682459062868
2.809108396903197 30.09893892337519 0.9757386886541998
53.47407309593357 16.69120105946958 0.938727724870453
12.01518538222424 21.80647065481472 0.9853984038445102
18.37423786584951 47.2569385810089 0.9857728244982428
36.55406552578977 36.95602342949995 1.014945985243282
22.50479118735753 32.52186965826986 1.042742950793237
7.923677795996739 12.96857809273926 1.016895271795895
48.10142776188507 23.79350639637257 0.9220344444227355
14.1793454271645 50.91053615878827 1.054632015834108
24.92002488622443 47.43555094741077 1.019772471012687
12.42767813402586 21.73992318554778 0.9668644514548024
30.65836185992619 3.975131067435784 1.070243145729904
12.10517450892607 10.21242735917327 0.9740628318966764
46.37564193055762 6.43594568429326 1.014031248582733
38.04252166908352 54.29931975309705 0.9583286835514551
52.80290807448463 33.16472718918916 0.9062840584610218
56.14978537436099 43.90433580982701 1.021766898873701
27.04558744889013 31.96200637843553 1.007998045225216
5.079502678978956 5.465952987533973 1.030496503880653
52.90150393494475 35.01089201821522 0.8796679062536616
51.73945075075117 38.50239713653102 0.9599641611089236
35.61023996985063 26.40868267435985 1.033842059982461
17.48495449241481 24.98588190040825 1.019818975518582
22.28520162696261 52.24915213568562 1.003185872131122
22.98312186914642 18.08810967490455 0.8775910331839805
4.992445484731554 28.37211288389383 0.9983443082702259
35.46203799194751 42.80731745334683 0.9552105349702268
17.76932380523967 30.30229444163958 0.9936159528371264
10.97357840182892 40.35253766288633 1.005222293382654
45.37747947330469 18.22255762723394 0.9980055159855642
23.4390853417288 30.85500765072881 0.9731115360223207
0.2636902985459614 47.67181460124991 1.001714779596592
27.03520721198768 33.10831868374176 1.01562107474866
28.35747079288469 12.18241257880927 1.013279371492038
10.40851848731214 56.77135011775948 0.9242213804660446
28.1434630016533 12.77735778772149 1.033641934211273
1.20828139884783 53.36625476431393 0.9424090829563314
26.66854917941082 29.25856163038805 0.9382201435571376
2.330142866973832 29.97037118625379 0.9299671575319746
28.01164394384792 24.51112341392372 1.068482771009383
38.91613014876663 51.45072928557672 0.9945030610073397
31.73814004694025 48.97409554197178 0.9715171631685607
15.85567059500873 3.095610813282249 0.996417412433362
2.866960931041725 38.47182794309772 0.9609928139804731
41.66515308090725 31.01042393269503 1.012799843301073
27.37667867046626 12.53416893283565 1.020258624509953
4.851039683842584 54.04522784987708 0.9698668900758425
27.01559903613087 20.92637453038542 1.018788627136961
27.8747550988918 55.02724297997879 0.974149836398666
49.47797223901281 43.80362900896167 1.023402341517405
21.89387547871744 45.97802683616897 0.9781500326604546
12.5132885922274 17.17159039255771 1.079462289280092
16.64277582645546 28.36895921377882 0.934211732947642
54.63314832264238 23.13416216342438 0.9296660777775378
2.271111863791529 39.29830137700694 0.8998840468545677
9.05446652744639 30.02277556714731 0.9162516942573269
21.56649256337736 50.84719711721279 1.047143598749262
14.77357162105552 8.078713190312829 1.020432926869715
46.60933455294433 3.211069565364657 1.056525793065548
47.01469860086902 39.76347391668869 0.9432441232972114
28.06533360158341 32.44814894648648 1.019898569880085
49.61973936558689 24.07493000108513 0.9652923987808971
11.94758138104695 12.88694057142685 0.9727177114231907
36.02110273485123 47.14532581211316 1.023612223015647
48.87903108069628 33.16568880442795 0.9616389362114069
0.6869535179282322 52.72008993417029 1.050812962088594
47.07354247806293 22.2534460813056 0.9954536730473088
13.83553768081383 4.340858619353202 1.067190048270021
35.35621378633949 3.444872207215462 0.9345974445677803
30.01477573207336 43.4214403156291 1.032868234426486
54.17613479456684 22.63451507111756 0.979981625447269
35.52145564254441 55.37058426503585 0.9813997665593268
18.70444585276043 14.54255835085295 0.9726061654628295
47.7082471552809 32.18153343078752 1.026016823800237
27.63424381782964 48.39520067320913 0.9016855541664337
13.64864675451473 17.4689103367128 0.9945489339354846
44.98528689191923 27.48418443532855 0.9326668245666846
30.92905664254402 29.36169719386925 0.9126733438605026
19.56731287602676 16.46123564171662 1.022387439498435
30.05874821592995 56.94309971152949 0.9986995482383635
41.97803927956989 27.2348829839541 1.036750282561758
36.35859915956789 1.099070398648768 0.9909215979103386
50.84499383477727 55.06304501232833 1.046828328717252
8.646521892699656 6.349875904782618 0.9445593071930468
14.5424372896284 36.28076571052929 0.966698640445522
8.315339523514425 12.80696438383635 1.091494478321342
54.08443714123426 27.88265239954118 0.8665085846719676
26.43925136348198 2.32694824148293 1.022853275882493
23.95586077913449 11.41729064305187 1.067406863057609
6.891700212793285 8.920430358462236 1.003968991543428
47.63254598697301 0.7366940210278584 0.9475876748989511
12.62405064125734 54.64003516949715 1.047230531466238
51.91076297401952 10.36912721924909 1.038364987036122
21.76285055175556 42.99706676229698 1.021786206355567
33.87315382569709 3.640758293047901 1.029829317084688
16.44772270342695 7.804243797810861 0.9612542439298597
13.07114572221001 45.71592272897993 1.09121989453215
48.04287097046286 55.77286567109305 1.027481010362495
50.92768772874386 20.60470219589989 1.114407996776492
1.556081936022305 36.50860792515269 1.015766250909208
42.21306192977962 41.65367984243375 1.046033277442964
8.20623979028605 22.37781075638617 1.026786361326569
38.94868306347573 29.96909034204161 0.9773343794896761
33.60984866163221 19.09468417525975 0.9640209402147231
1.010330185298962 50.05757136505915 0.9183276135482146
38.77349406749639 1.715932838486476 0.9909308766638175
53.59187299320096 29.81636503795924 1.008863796496228
48.33894863693926 22.94619976167856 1.011234594333118
24.73402690921632 49.89503059950426 1.024266440886976
7.784201356947515 16.84242537424081 1.005625200298152
44.64278093196581 15.99044114723356 0.9828072210194996
45.95953151581787 47.59511364931013 1.096571742878046
42.41330083152899 22.56938015090739 1.025730267253184
15.62695148942385 36.5887257976405 0.9675687821204849
0.5051068977942257 54.40044555692023 1.018436411060747
27.21681056833678 38.79345717224919 1.007061876752556
44.61654061294 20.63787777565321 1.114625552786201
43.58407756387446 52.32262379737693 0.985987494264139
28.85051979629813 46.03888522416301 0.962463466623551
23.24165558593425 31.27507897851759 1.03677397681775
29.04435511401126 5.46189171656123 0.9719044407729123
29.70347476923069 56.20021824361767 1.014908022973663
42.33552898808174 30.20858169356761 0.9937356322369253
27.30556158456279 23.81747434233198 1.032355115140014
5.433644769915214 14.92210217096009 1.020065858285467
50.87759139429666 31.03942965531695 1.070796268466211
28.34486542891006 22.72811119059478 1.053496200140573
29.12734137574553 6.710612899489055 0.9119129375573546
46.66849195243255 52.36899696167978 0.9383262961001749
0.8308886516983103 38.8522348254231 1.05977404813782
36.71673364318755 53.88789404411236 0.900064128205816
2.634697181468223 54.83555334705652 0.9590041195295809
19.49021858791365 44.97022616954997 0.908913306587444
11.61041376721599 55.34969659864423 0.9966538125094065
39.90835670424083 17.0440585371312 0.9941221255973633
50.06630019520703 7.149390137358284 0.9212266591289997
1.403138451000274 21.4111655975744 0.8846235594104895
55.02574360977194 2.004842677155902 1.022644460115476
28.1920662299693 44.69423556220449 1.023627306189999
52.09262233464635 16.16207148468218 1.031554083775803
6.413816589589145 54.72731954265727 0.9856872077424937
42.69754568566454 42.04175984582015 0.920041487570589
41.99491756595435 54.30795947942322 0.9736193791571365
14.35201799001173 53.663255187526 1.087219327878141
52.26698303933581 7.418318185218758 1.130165397466195
18.15157479427362 26.8552273925651 1.008263232358149
35.69498930345056 46.34364105078561 1.025350785922101
55.52139915876155 20.95654550378981 0.9225934953415247
31.27355725936292 46.5513920656179 0.9947484158999416
5.713463523757394 13.49417833867212 0.94728374042545
24.09349908358115 19.71108832895341 0.9547017049763064
4.752848148230858 24.39313108212926 1.02638685518247
7.099004222126214 45.14430459269523 0.9836080086928338
41.80755975367853 44.56338833857485 1.048360841185728
28.8693403973567 45.62020505202013 0.9761515658836946
27.55405157271496 1.005340928679957 0.994347543595074
48.72872564742748 42.10351450094186 1.058804528456283
6.060059978188975 8.34772713032911 1.017481826719043
36.80151681872155 13.14042172727195 1.071984578931385
26.63460006594406 1.80740578137683 1.031916238641018
5.226068671432356 9.03281358211898 0.9735642132448218
33.42594466424824 18.69745477274873 0.975875830116124
55.12322141235844 25.72234996348729 1.052296394657311
13.28573827551945 12.01781738224338 1.053292364023443
28.55098616497171 54.51924810443038 1.01642907725346
56.90433272761494 40.27069313510819 0.9884038237239847
51.86667877196646 48.63305834849973 1.020715726672346
38.88318312814607 31.43426758769633 0.8531172504803688
37.28857577326175 18.68469992032493 0.9644365997416952
4.199680262803883 14.20928935436964 1.042353759332863
16.80988822589158 9.425748934236239 0.9977340327005818
19.40466575389945 56.66804760073686 0.8700189419634434
47.10579354926282 17.52788716625789 1.070816692949564
0.4586682792094854 38.6761358397436 0.8744710359762252
42.27208791639288 29.00965447072389 1.017357663075804
22.870992260925 36.09971661870355 1.005042668482389
38.25942258735161 17.73767100634876 0.9486177016487448
46.67851964928141 9.615958068806659 0.9981971499684325
38.06789775801259 26.96709539600047 0.8487904737513108
41.96957786705791 32.50033825193547 0.9894511532653009
39.85187642735051 1.779466066406791 0.9746731411479636
30.18780486946358 4.330752940071166 1.015176305539526
5.762026938033303 20.29359839218371 1.043611069631865
50.5478689263332 22.31730838553855 0.8908029960790019
12.82856031545836 35.81995681618339 0.91777612483174
28.1236608517932 15.06810882923571 1.03862139653209
34.9356261235362 55.85643581899648 0.9435959559972752
8.472393861260448 2.769636757564562 0.9013217197060642
51.58124116881808 36.77305185039204 1.112424222772797
12.27339010232752 11.26410023135324 0.9987742653738131
38.33028510228279 54.19947728849923 0.9513367367802654
1.530230202027704 23.12010655976837 0.9680717773393608
31.81168833738737 23.38887030835676 0.9963068196865281
45.706178720438 10.10109135094149 1.030308657835736
4.179514053361264 40.03314155015775 1.004366458052774
0.2310966408024992 30.24869640928167 0.9878622740189197
53.05630917756646 35.16672279088139 0.9014565393615279
2.780868537156316 37.57752606299591 1.005551302248048
20.527684934683 54.3621097059744 1.039473698801842
33.9129287153077 29.62396801571547 0.9784681558848135
3.20400897003897 15.24321379104779 0.8903287745108333
26.76130373625146 28.3536755062424 0.9768364999882942
43.6821951515424 1.572992047096133 1.01316634299326
26.93254931081671 40.44872450849448 1.02457053857598
51.05581753796703 31.11206339072066 1.034455019676533
12.10026371250873 23.71296269945472 0.9929945734444466
26.42954950473716 8.156572863532498 0.9586831292963059
36.11220776946853 46.44230597533393 0.9955192008997301
2.022663706924144 53.46278568285647 1.054935528314187
26.08675367202924 41.58622371060132 1.073011625086619
51.17880621327963 52.91019894970125 0.9880950461781187
24.26387442940095 48.83050742737507 0.9632268774827086
22.51310197008452 19.00642024400012 1.052528270716718
2.455144725951899 26.84105109928225 1.010746665581479
23.5577146716219 25.93701078460413 1.08520344054698
49.64997351060155 49.4514536729322 0.9347926764419057
43.81455124766312 51.52965897439498 0.9774665340997042
56.19021300188741 27.09834312233065 1.027841922765728
2.171478237105291 1.212876682268864 1.0818771372867
37.14846910450071 49.64788245067368 0.9664517224902381
25.13991666172627 31.32727529123764 1.007429719069927
52.26738521422603 12.82195580323318 1.070872777985868
22.11873633839131 17.78048715776787 1.025968360331308
10.2261384386691 34.2835207731852 1.003273464890093
24.74502099898877 33.783853110291 1.008965553707777
11.9855550038561 46.59037699158787 1.062654666783919
1.30285728876612 14.15703324096139 0.9887069603936882
54.71072621862903 27.95172275181474 1.059953677931674
17.51186849154153 22.85064285381261 0.9386435574598088
15.32687038850359 50.72028168929754 0.9424432793302155
16.1615780029267 25.55300882717269 1.091079608465554
2.336861937463685 31.22433402027205 0.9963573032841904
31.6735241690993 14.77869340534261 0.914783036212128
14.03507612088466 17.49500305182068 0.9912005662065047
46.09641717565079 26.02063112474076 1.043414649534846
25.84035646908002 32.7751289968263 0.9387894654589459
3.739033438143802 28.11935448558971 0.9855782849703157
18.13551333273552 40.99260810482903 0.998527720342852
51.45726616701915 34.29709133566222 0.9817978204099558
18.20369033757769 11.88247884292271 0.9428688517186342
53.68540262323125 49.87721450667699 0.8775324862228736
7.769117462806924 40.69624839569267 0.9522864003855176
41.27524473717214 53.86553463845772 1.014837121507851
44.26480907633194 49.89454391267828 0.9859678411967968
46.24925847130327 2.528069555074009 0.9152202558822731
35.30319855190031 34.52196790861058 1.014432590786932
43.208969425973 17.14827736101499 0.9347297188507806
17.8852618387366 52.53538647086145 1.023162682375067
52.86731522058477 12.34252800575575 0.9543628528936934
34.80359660871495 48.03616811755866 1.002633963079372
17.29541096896651 31.48899923194619 1.04697563812833
55.26924089075496 48.68250006049988 1.037726744627898
27.6528316129245 39.54448560138442 1.028974305599102
30.90511035542242 32.81284372220414 1.055690084945939
30.26425501949352 20.15436882672569 0.9672738915613943
35.24398374056629 13.64411180263577 1.009155449417129
38.56915739857087 21.4529531399966 0.9117296236443529
33.32766025575235 48.67765102893005 1.016147996907658
11.50441695447286 29.19497544979443 1.008122377838639
34.60790757583823 38.82377564340074 0.9845107123474882
32.37306285201249 51.90331854480473 0.9613657053288738
38.85990176203656 11.58201571301651 0.951959298227895
7.968945483662628 9.512733348418369 0.9879696421712177
29.32982387828167 20.14669950126982 1.063760849175602
45.18598049654904 7.670737155559816 0.9080616921938028
21.31484895819558 5.763046389800984 0.9219144444167217
44.88291737711193 52.10723814838903 0.9248122471547856
43.78488917731907 33.23649388097063 0.9301913233048745
50.4055530826587 47.80506818546218 0.9956466865130689
29.62884380232023 49.94645146743695 0.9022340886864197
22.91677915021627 42.94161865112447 0.9973111461591286
14.2894142606712 48.6501357050846 1.00619337698828
13.71882255688255 4.171858742447504 1.050244390552342
24.31855824371733 4.867727844914294 0.9591851445066558
50.71938359072404 48.51244726149014 0.9134279864550672
54.27549365129112 16.18060943259886 0.9986993534621472
10.14147067076595 19.00757052470351 1.022424962692855
52.24406440567414 30.79674014812183 1.007841646992706
44.73142803354721 12.81745299455591 0.9924557222703033
3.30189046044922 14.99680135259256 0.9545384291473084
29.50366081600248 0.8255248245902009 1.074916800833587
49.4756605296748 45.91746631028013 1.018118694640447
47.96493381912119 9.157407851497368 0.9170621442589574
14.02513569641166 25.68549630962568 1.021750976901815
6.795939297785954 42.32282777844129 0.9815647446861948
1.503437211040145 50.86119955585394 1.009221737020366
23.07900344723789 38.89462427650328 0.9758577400428711
12.69136439808242 35.51898738440079 1.045754974652248
31.14052084746795 14.50156517815849 1.01030751895235
39.22854510845083 56.18114968071745 1.029899685844586
51.90122668859606 11.73220589791062 1.042179860505992
1.639742833394437 47.98344947117541 0.9707331456744945
4.773706830001299 15.66487855634879 0.953488903247583
0.9877063082473848 0.3886746128036988 0.9674977077939327
15.64107905032163 2.49114351928753 1.014968599130726
41.38576782233351 42.03743351951122 1.033320058414599
0.04315035047156287 54.07713222041593 1.035403467989893
11.57869737203172 16.43568009763755 0.8952068910418454
11.08809650740032 50.80724248048255 0.9733550430098046
5.539448378393169 15.62350423057727 0.9847507243009896
33.08919358490463 4.064729352977467 1.005023459288528
9.898297104471501 26.39816693700765 0.9994507867836215
0.1476001223305241 25.53937618133583 1.046762136832775
7.259458678895355 13.27507825208599 1.000795065368187
36.43490778395669 7.302609029366918 0.9487719443656586
16.42700875896356 49.57437673470675 1.077876471658093
15.73815032501619 32.04383851077586 0.9966073633657104
47.66734274135313 31.65289348906506 1.012712849367372
25.34232805638683 55.77318195382747 0.9112866215087945
8.518763999696246 6.849403528426496 0.9562048887764746
17.22592315321133 33.92922460191382 0.9967906190562152
3.327391512378767 6.755929160283846 0.9489317142798196
52.66359646556135 32.21670199521664 1.029505742602427
10.22566414728093 55.84399071980454 1.055164824665638
37.5796398965547 48.71194437458736 1.024788631718413
41.28632110929411 36.51304888935436 0.9924923616166809
29.05048716629412 39.85002098691185 0.986079806480077
18.49101183493203 38.26233824913499 0.917684776954659
45.03024779913493 27.00977583462828 0.9481432241904945
1.475999949255958 28.04398767559044 1.00947670211883
39.48309394413749 2.629403373985273 0.9675812602411404
40.21771458267128 41.19270694078538 1.152303339410007
26.81886488470196 20.79735445268329 1.059639750672363
17.80400310820155 17.19097237158146 1.013758016085495
27.1068123118518 46.85449027449567 0.999926207223356
9.572320129057541 14.54390780792754 0.9965146401970859
54.03043550068067 28.06333196398957 1.007496649042829
55.07310779861785 40.91798780808131 1.013437036509626
47.31685422561916 2.012108208617246 0.9329220193494362
9.278500157538103 37.11405854630939 1.082513666767367
50.74123311123868 48.7615941016756 0.9700867688111422
19.73646824003033 22.96117650296594 1.088700618763706
8.900982792443122 46.55533312473229 1.038434834464503
37.14909654722972 4.562534037308085 1.044075998685954
1.996606452854633 7.255908832538831 0.9672373545368456
16.58150764581817 32.18380418474963 1.008893354960477
32.05267640485087 12.38775367633801 1.013702683745564
53.30574151096202 7.561341657099008 0.905134563106292
32.13789241208597 31.94380008147275 1.08763485120353
12.05785862778214 23.99982020398593 1.011931622525151
33.17798664475698 51.8013205480768 0.9859039005613732
42.41471298244536 22.61888453020662 1.008212175265716
9.083562017457355 44.41131946184268 0.9640623737935409
46.44891927319063 8.028162073357107 1.001976318788355
7.489930770122414 6.03042689246611 1.051850654904923
18.41818059534681 0.4564537161292758 1.054993636236537
12.66839135189931 14.72392207976613 1.018147210007177
46.66772216123888 38.27638249251823 0.977205421287164
29.22267630706666 1.725580762478328 1.061145053253145
9.40379032325176 27.89398835920449 0.9485171331767845
27.41941009760807 39.27858371253991 0.9096883164248896
47.30674581243971 38.88450545858802 1.022474322140486
22.89875626326481 30.51871207054645 1.071463003963367
30.97516578667572 34.09550398546062 0.9605639174653912
56.04085893837775 38.99296115990401 1.061647573200942
20.26934365242223 51.12446405651256 0.9763627359733836
47.43416186209496 25.5455463489264 0.9917300042383008
1.250461481162562 20.12322278093697 0.9982149821980568
44.62515058490688 20.0608878229097 1.006430364519388
36.30752462069854 22.34945084403709 1.061003808976475
47.41905288510912 26.61427040659556 1.002838108056379
2.756572842018945 53.6756048922779 1.0284390404113
13.10110939717903 24.65836059146485 1.026914796255773
18.78282462143471 32.81834777436142 1.076725929172216
1.915999371984973 18.30795157668551 0.9560603781426977
19.14819636854725 21.02987242817407 0.9054847830849372
44.56906728053887 6.77334692691143 1.038876614606412
3.802287835070066 32.04563640665526 1.025493563951926
21.25110421155165 40.10981248231131 0.9373061950788729
27.29011238333309 22.62271214584946 0.9881894794758401
40.9652135767812 30.04668525189473 1.02055494778208
54.70504584335957 4.682502950393829 0.9926019821651018
30.4367759970188 16.48787043825158 1.040675859173364
34.79582201493709 0.2802616452240672 1.095026909553589
