21.92507487531988 12.97135347638808 1.006349017930743
37.3988616198296 49.71571068452472 1.048116899601571
40.55318226970414 7.024979304533908 0.9085025321069863
56.71291205180479 55.48650374519011 1.02216162425479
29.87872107088506 28.40228452086555 1.014303069316271
48.78346114036788 41.97883492334692 0.9497289362936222
34.99764737347031 38.44578122647749 0.8548854650926773
24.80630207937504 44.04257692538322 1.09046093601339
40.16114424642229 16.87804906623347 0.9218339309243421
29.84940254262155 18.88937293826108 0.9732137792525085
37.13737091428478 10.24826413590846 0.9397470401631767
17.27324344044237 6.382161003715433 0.8696490622133275
22.42121368712802 51.35962602931988 0.9463649303367589
49.8461297479673 41.69669440048593 0.8594471668937887
50.53641025979836 52.43837855357602 1.145490713238578
37.41721345038024 55.5655874347154 0.9164940811140115
23.76565260010103 39.87447044387202 0.997057993713318
47.54814672495618 38.31740350849805 1.056233375942176
43.98345233266403 11.02463072446391 0.9132394850007199
29.91400366272498 23.54099349143961 1.110827966540931
27.08111898465134 41.51908725896808 1.077102797530287
47.9012482892262 9.652760336013865 1.076505520916019
38.7139884544136 2.719221592284377 1.203781259631019
44.4159159927703 25.32329633474503 1.218882324249813
26.99849672941421 7.983856027472697 0.9704395753507016
6.549443435645403 34.40882028192692 0.9749645091177709
47.29018059712377 8.848544622700915 1.119384560059991
35.95394788913147 28.46253677991337 1.066322651096706
26.7638433411549 22.9374001952528 0.8851171399228478
39.77025504399568 12.40117116710226 1.082324110649873
36.70845943629205 9.851374028647028 0.9878074209055023
54.20573648028343 44.82150671529654 1.067969062585503
33.59276644773445 35.91972490815433 0.973064583235095
10.47984308399253 34.95664427380853 1.025490114043686
33.70294883088346 37.47833981340673 1.086762724846713
44.89404996665849 49.48994373692663 1.079066511418455
21.75493679463628 35.18423056378226 1.196481502449491
31.13186365604953 50.39451376413671 0.8911867917649713
3.229836444011813 13.61903116042681 1.034407612121884
26.02020235407176 43.27043911873849 0.9479427495728081
52.85146551665453 22.94046078014209 1.015084626355409
10.76196746889593 43.80321165165082 0.9872019058556586
28.97692687854959 1.302695749934155 1.027430106845863
36.25934002374268 28.88581297867271 1.059289689955232
19.93510977594886 22.19984029848121 0.9219266435705293
14.68978400886514 37.98686628601833 0.9536637394336803
43.01339027984692 16.02827236849269 0.9095491515226063
53.32070864379439 14.78805681820403 1.058312554304263
3.038574413880042 56.55054508780621 0.8590025729475443
42.55063654927101 54.42729033270259 0.9993068391516838
52.87099321506498 38.40210206592553 0.9126949494831897
31.4593040097781 31.12971855519792 0.9683304212529756
49.88465004408948 3.436230861784998 1.153620227658218
42.89300085086981 11.69175430233206 1.03646282561188
16.95332714400875 5.82811060027597 1.169752590448735
13.65727031634062 48.58137863622111 1.195344080668726
14.17212289486645 56.67066062273022 0.9248232919795676
3.48090465668631 41.02346085385581 0.9260481411271366
21.95384978268009 46.03154123250001 0.8683424023010685
27.43364327188285 1.818502246317688 1.122723440319231
23.90628139018374 1.89294725511826 0.8135250921979144
5.329178143445951 8.380635106647683 1.070840952229379
4.858445573066569 48.22217899431576 0.8650183752886876
54.05028959459173 53.96398403633572 0.829914188273525
54.99702935246612 10.70755988438966 0.9339372985331377
10.37822048057719 53.15501365072793 1.068953107697309
9.997468304353518 19.69294175305075 0.9234040994511323
6.637302006891604 54.00008722208445 1.010893971191818
49.59781913533705 45.08805319345 0.9123967782069919
46.90655546631038 38.73121158347056 0.8585375389277466
21.92440963579547 22.85477626782599 0.9976843385616279
31.23541137447367 3.380588564267656 1.05020340258604
18.47576674701449 51.30780080999611 0.8147071669984394
48.27178484633183 23.1893906338091 0.952760566593394
26.23361622599588 36.81714746580327 1.166896279112015
32.9721610899885 45.35601118549519 1.141110494256524
56.30477848616651 33.05753433613923 1.024286541909684
36.62381223897627 17.60715434542259 0.8506684350626257
28.35110312111262 29.22163134777063 1.026533122580646
49.25309372844784 52.60176300518297 0.9587707154355121
24.9072448713273 14.17750333770062 0.9044101805323219
41.43109114348474 49.69195062093993 0.8106633737294265
26.80997640025335 2.90685786395653 1.020321544783175
18.43291420556275 35.27153625072517 1.013402023949421
18.19172831540542 44.66653043155863 1.01063594772988
24.278367111589 48.06084480651694 0.9943057678640277
41.90628235549958 23.58314557121282 1.081133643598743
54.93416149678368 3.742191328547053 0.985416192040278
13.48328901291047 26.2852645913536 0.8001592589527733
12.46129787921035 25.21691637822283 1.095698471442327
14.78025953042333 37.36854275053765 1.082059379605337
3.797930559980651 23.82551083286549 1.188732805668362
25.92874939782952 30.6079069867767 0.8309501788457875
25.61024466837302 45.16528292892747 0.9808099562292343
48.20003705294805 43.80197298377844 0.8962990743110294
40.35224415378284 0.1101804189897051 1.02022454658761
54.34956552290803 25.25852648273973 0.8003997447412033
21.13466115022761 21.6274874869862 0.8635657284915574
25.21013594102586 34.61795016313808 0.843559623624849
40.74259268154511 8.785294684947139 0.9805030676385076
44.81350504877675 44.54052324152576 0.8330210947072559
18.14843020175976 2.34317421463466 1.046512375587294
26.67075522228645 43.75867487013279 0.9443124218020085
30.56064782736853 23.34027045096283 1.099587379263991
24.1595129650829 13.91289195460868 0.80501241796725
39.17141843734841 47.14377691324045 0.8591602883315624
42.97702310046974 3.306079561033323 0.9350092448772425
37.92402975071409 2.684016425481074 0.9372019206316802
12.36111763229646 34.72047646563522 1.034713984381211
46.29718271097968 46.80065903803364 0.9240099986155144
47.53728731280998 34.11068773321374 0.8318390365321643
47.85294215327731 52.48961248131916 1.183534355043996
25.49126704525727 17.52369734902107 0.8765801499437068
35.39448959771287 12.80893515227779 1.106121819008105
39.33999463978223 2.554002562795767 0.8961803102394166
24.06308105078669 8.893245544234871 0.9918708507389319
52.93422242297522 10.04010412471374 0.952360190881905
21.22726316620934 50.12335485598229 0.9626554835933759
10.38950319559756 33.58838082504849 0.7963818418086732
15.34037342636863 17.1410140060545 0.9889144464482034
6.248228563577043 5.877660712635918 1.032794138606375
29.02575351671584 42.10464389254555 1.061717024236149
36.07902327137023 54.5170205619731 0.9873025741193662
13.51674472424981 38.02283083927949 0.9677073134945872
31.13624574855726 52.85673936403204 0.8973170019816269
5.286894013773135 38.90728174378503 0.8303607179541559
15.07399833438638 15.67639720937069 1.10120726243199
32.12396676145678 30.83603596865946 0.9087148742051854
3.058843635515703 38.37219532503383 1.047291849299514
21.96160611508489 8.739450171468523 1.015049697710891
39.4151892407868 1.040629386455114 1.034358496664046
19.36793998273459 19.77321545769145 0.9435705315465979
23.06636129509022 50.50418573129186 0.9352789554275452
51.36225856019289 17.27713964240492 0.9618900037403433
14.28310909694205 4.113576933328797 1.045471136743447
26.06422043827559 20.14544089983471 0.8208866542109978
13.87040936521739 41.13821877266197 1.030049897323541
27.05604840212317 10.9458048441195 1.254044129007989
3.202107849624989 30.11489203763888 1.045205647098577
27.42543741242282 14.27960625769552 1.082437568582736
48.65525472893159 9.840626626666927 1.022792422646156
17.68494089352197 17.95051837756788 1.086129034498846
28.19236133163439 33.31489568870277 0.7833932889198039
50.5920353311077 38.87682214513273 0.8576831163404024
26.66819682515608 8.450582190626571 1.014905626876795
28.59602309046128 27.71035915832518 0.990982441578011
36.87063600955095 7.417861173123988 0.9555833130216662
37.04157644931301 10.68166615985412 0.9821492350458678
43.19434347292145 7.46701383519313 1.22462382458306
17.30764048840275 40.28150808824297 0.8748137280846571
32.76132361114087 12.19179757088041 1.07876885579682
30.14231597499099 46.16204504676259 0.9622049134214857
26.76116016682291 54.73602902318166 0.9374635463825998
36.61285116831439 38.38486173720325 0.8711678606517571
28.80377766201449 50.45280096142218 0.8529301517314329
7.817661899057059 21.23959115903806 0.9256462507852304
20.91459936877461 26.18132791630054 0.9664205835157911
36.86299407615466 10.71247354741789 0.9951455953668573
8.423189653280746 4.824266467161601 0.9750770409065977
45.10577455540457 21.32339530732641 1.153561297194232
37.92262773910659 6.075458243990065 0.9135540627585188
52.23750329075265 41.53081995226947 0.9319226673421042
8.800972684193855 6.95416817625713 1.044916981183028
38.86662478738773 22.45630886100992 1.145795790453195
34.08759378506225 3.029784880592388 1.147060386302932
24.26937603963044 0.3588231868850175 1.087150939235891
11.08658357387715 48.78750614066958 1.159961625219675
12.38544666505672 16.39164653904347 1.090049266229639
46.95507691658804 27.15510645050328 1.187444591898808
11.68592637623005 36.25756291079222 0.9857162407248289
49.14674835705512 16.56994177334473 1.209441720854636
50.25773483247391 6.538011524145497 0.9107621707313954
2.942087078440044 27.34532859099346 1.056582556504602
12.25058424857007 33.83717247091102 0.9015982099110372
39.74513408343547 23.33716782244722 1.191071764866031
14.28674544593633 28.12465827312537 0.9562590035115994
50.79832177320417 10.06058956312974 1.01907617882109
50.94020823572772 31.57215632245511 0.7684704827124077
45.65898711218451 40.89528512577306 0.8284673911539095
52.37314022303239 18.2346136105408 0.9725747366029508
29.98313092253317 20.04452695979016 0.9930650338906458
26.58253851047835 1.662478906410969 1.035894214941198
50.58619434600053 36.15033491521623 0.9405379373003098
12.98750735958456 23.79392388639689 1.032924574698377
29.17394641701782 38.61218597116516 1.043077798980232
9.736844217747842 1.652378694923771 0.9405520953770549
53.52128145262659 28.92355384860353 1.137920336004681
3.495710144515946 19.57870635370664 1.01760033100989
31.35677476104199 5.222972917474328 1.056193953984499
18.67925362506847 48.61929298919593 0.7841073079845456
51.11195084876937 17.39964545303939 0.9156942711440568
19.06212435945036 8.446353063660839 0.8526788560285783
56.84482427446396 3.110914135869087 0.9110669964955971
26.90483802226597 43.45707807524925 0.919302044797818
51.444517578671 34.75889499707096 0.912986513648794
36.41127369199473 26.43905136428729 1.005072862386439
33.10491564502237 10.33099296005955 1.105413125036435
29.90969931376618 48.2573157605982 0.8490566958977537
41.82359870701264 8.603982979713001 0.8988316210815039
52.07905376287133 33.78335769091889 1.06237685210077
27.78085482669103 9.939212453988945 1.03383736500177
49.95389334855317 32.66869717588122 0.9867463049265891
10.15500287905103 19.85873134427645 0.9338050460054123
54.61762634134741 49.04354518933387 0.9740370742399255
8.78088222759817 34.02890003334214 1.12863574385312
44.35989299340169 35.38313755317737 0.9037340802495266
21.48642366215886 17.26959228062518 0.8910958985811179
25.87357526033817 18.34240906235874 0.9908737059569567
9.769783116304215 8.544982102487694 0.9050093012406566
42.32833981994928 56.5044732892441 1.000898123863129
14.7880493066218 39.8061868435732 1.03675213684444
37.1288581151184 39.30134579739596 1.140347897000054
8.8423120001528 47.28386099416942 0.9987545931271415
51.88338145189145 56.77770348301982 0.9383283798507926
20.01163244061714 3.664263679489616 1.186749800116707
45.55006155211016 21.16649645667826 1.099157938205507
16.87736652087298 10.03648518772632 1.124322642029971
16.34650755689782 7.309663997641608 1.082254336306247
4.860228897007289 26.11629067320204 1.070484022195818
30.96512752583489 1.182985893535887 0.8246809272752177
33.08832062226176 45.75317683245669 0.9185071083852283
21.92679165672827 21.11803082568479 1.167833231202773
4.737118841957822 30.76910368342377 0.9682449292728338
1.73719090816434 6.28527324520297 0.9748666129568254
6.674899440107355 21.74882334878148 1.060284416260345
3.243052316477081 55.49959850334544 0.9066641435223657
4.647999360062181 20.12041886389275 1.048928492881969
6.638238671998605 24.88259122142689 0.9330225975189521
50.39375209500722 11.49846756900589 0.9669359582096323
10.43138408867241 21.17063555082802 1.155056507456944
13.71718622637782 51.4205568523242 1.06872124544932
15.53858765146629 48.34352749043308 1.145315569526118
9.413081539987159 26.94047947132051 0.9111546808352968
32.89909582347567 43.17528966775876 1.017802505817757
45.3971258175546 36.14214816649545 1.065264947281823
56.2625670303882 50.21097183563326 1.039909648846785
36.1292132484397 5.900805675844106 1.021551254611748
17.39927327139269 12.09244492514638 0.7807630784687879
38.77136353858344 5.481588173416251 1.099768705796111
26.65222372424427 50.77364054544532 1.041234448150884
43.62330445303736 13.25863234617684 0.9384842151574124
4.602159810067229 38.83069996853857 1.00214320702316
29.10237157582416 2.842883257587852 0.984653356336547
48.50341398664909 53.15563196277042 0.8785035841994411
5.022216406661187 33.1783021046679 0.7402078448125575
10.18558908635079 44.48283697081862 0.8270205212469803
54.85293567918843 27.58486235774349 1.202742192020009
28.82704681848504 2.718674255404004 1.113851725432268
30.40537673393515 15.4503512449797 0.8879265767507408
41.65369510448244 46.7146149518502 0.8459411672563606
23.42234966923592 34.63466754771521 1.010695724219068
3.51473578788095 43.54615320430424 1.093927709561983
27.33648775067948 8.536952194542136 0.8566742889978255
12.82173560504882 46.1137292227306 0.8948602420397042
41.86721520026551 23.00732469139962 1.183407131559517
50.5921870756858 33.17184803642884 1.083309626915704
19.34445004414043 26.65863760684553 1.060651765441437
29.37731186224954 43.20896095885381 0.9516043270875705
6.621848081062477 45.35461849037307 0.9648335542490946
8.934084875478449 30.68565117273743 1.144526441838383
13.94870638239603 32.35643457125706 0.9810983683474225
6.53729035916612 11.83505448179089 0.9804481205990784
52.53759883089811 33.8737781363883 0.8539488320207089
50.41102297436959 33.19374228138185 0.9103257462742328
4.375783309515465 35.27823814809241 1.084326026681588
14.14419751295084 37.34283904514407 0.958411282404966
19.45189162877011 26.94778173786951 1.127873800213171
13.15674267018062 35.13618396228933 1.000090174886227
37.18382195485002 2.188698738435609 0.8160392666119215
21.47434140158554 41.19466863162567 1.066062508715568
25.31042740182505 28.01163176075166 0.9789141190244413
4.885409870597259 16.4017297897496 1.067594432028813
36.11008031950801 55.29643287150954 1.043602883974551
33.57467099305926 48.79653907045561 1.07674235672396
21.45821310554548 51.5730599940629 1.08452751044993
31.91589901266429 4.041684694607595 1.155784800077202
5.550192356365822 3.430234867348445 0.9765577105727468
38.56641885618047 33.05471014047726 1.0583381625205
20.89563379152475 40.93669424901562 1.063981655157243
0.25567602424681 43.64695837239127 0.9839795528418465
37.96465236086615 25.56610342607186 1.065393582105786
46.41412963225233 19.54400000374019 0.8352607355357264
50.39610526403231 25.52420992521765 1.120209482943668
9.01007352769844 51.4151038417663 0.9115775304492928
34.78811637907667 30.46828665978661 0.9382737428864107
9.07069727828293 20.90406282195079 1.11833678813604
23.41959413952175 14.62088963464875 0.7959175206755826
33.32782468773789 5.900716545479706 0.9076882329462361
52.34519246562626 54.22345850580533 0.9393696765015979
50.99344220850311 47.09308681874214 1.101236919854087
4.164767755737886 31.95809454282657 0.8998269764959049
8.952469990566591 5.073319823980946 0.8670713743695884
38.36735786607831 2.3485752545989 1.034916229263085
45.34015258976265 39.60760330343973 1.00264322155321
50.62289455655166 23.12826896883932 1.081831285885926
42.50617841375348 22.14658721496658 0.886403732338597
3.515121161246263 8.925772553275234 0.9808241734795822
28.21625487842423 13.09530153735322 1.243683218351365
33.7501354225679 23.56144731750779 0.9630644016119579
41.07925672739709 4.312202198576276 0.8632994817059771
13.68063300926268 45.24402448313498 1.026889501404077
7.067382318930413 45.22276675851213 1.248789736218341
34.41314307805763 45.43474021155142 0.978394576996647
44.64253089979409 35.91149460287369 1.020110197272998
47.61827613069595 38.26542542980305 1.136618816049976
25.84075325580349 24.39160495688748 0.9350916409725447
53.47171451219903 5.608230078876126 0.9856205974206125
18.70353161622934 28.99115925654357 1.089553776441052
48.24941668158836 29.0222916328452 1.013649164487149
33.33449385796417 9.259338456326788 1.085840232064192
20.57269783903505 12.60479059936702 0.981021877473448
0.827557331336456 16.0123047884611 1.222884884035233
16.07482036951688 48.39889937099018 0.9238552129010049
27.31039394732117 14.64125371987059 0.9862443308772972
41.98277669911402 29.35015749249149 0.9253498248375982
16.8960994248726 44.17617301651099 0.9664857372101039
30.25086539855733 13.36781393707162 0.9836500441855032
38.05578330115219 11.48793471161646 1.115686913497721
54.48304848907657 29.30519998274054 1.072899558036875
4.633873338640608 16.84472017588314 1.040606167523624
2.321092365924778 25.20657120421835 1.19956471470235
52.8466513887265 30.2770681331293 1.015256438829686
56.93255889133204 11.92147173170069 0.8638859835621835
15.63882297446897 48.98636142489796 0.7956092130688146
38.59679020037725 0.6215996470402925 1.036537654636872
44.10838295105304 36.73172551381016 0.9173369691062017
51.60043225279098 36.89278601989746 1.016712662756546
48.38072073151391 2.706663182334352 0.9064027425116715
4.961415510141019 31.89094707597557 0.826591580434378
39.00976358727075 30.64851141518378 1.14939469424743
51.46224616023817 38.9423224520601 0.9059144708472239
5.89785890602407 1.208806121353435 1.107086610940986
8.124575009627536 44.49464910640132 1.002031306969149
44.42685904094338 8.311265883646563 0.9436328410779485
10.69371218965096 31.53524196545372 0.9988435008153873
11.42802795880848 50.26660614379989 1.000824445194251
37.95035999638511 2.80874869032239 1.006571532268644
34.69969576629796 48.74168644460928 1.011159407749413
52.50706435530775 26.43536299161397 1.014273072309813
47.62054101872283 28.84095948973715 1.144639811270427
3.957435796948818 42.08278715241831 1.054367289255185
1.221000737147872 16.68114082127862 0.946569725907589
47.73622509172942 9.345575746775408 1.094368426804156
0.8778967437697094 49.50038186344336 1.048382887399736
23.13789088099166 45.92088816776913 1.011557459295558
39.18749428502633 35.74488627572772 1.050099238742286
37.37466755666522 35.16076361116058 0.8435319224596395
26.90245005576985 17.16372608447621 0.9202448269170864
41.50972628803445 16.73364595823625 1.02578452626094
45.5746054745161 51.43008631627545 1.134756138744998
17.21305443263289 56.35788738977066 0.8950330014364927
16.03902821104928 31.69373032529547 1.129906030903837
27.77963094309887 20.21481811218654 0.866711645935511
11.81746705426717 25.13825790264563 0.970122477325988
2.086682427249235 34.95535793525882 1.10099155713071
31.40740394005897 0.2827567114880107 1.033636067535412
7.97030760160196 1.309853969286128 1.083456300546206
18.04349995406508 7.919133288748159 0.9560303068356205
24.6103011963937 6.618105402038482 1.028530768181498
3.257410798807354 22.01502097631573 0.9565989618948182
18.00045513734243 31.03704176844891 1.096335537549686
40.62334235879748 54.04730616931212 1.096118675167697
10.39907419886397 42.71002478604672 0.7849494364433888
42.59123349263856 44.5239408796299 1.186365890564848
20.70486057163442 21.21732844841542 1.071718776105006
21.50008515990343 45.39019281295603 1.027092837597848
53.42211850752221 38.94656795586765 0.8675450810354847
46.86570124461581 5.480527872443445 1.08843514855476
21.08372383708308 49.21492082309673 0.989203484469086
35.52164563514369 50.56129432682008 1.140955887110582
49.07473760520794 53.52210077248611 1.216412564354085
38.78291706870446 8.221678400981091 0.8545339064035912
31.35188283647964 49.18199126756843 1.102272496121909
50.87848779413779 37.34507208193889 0.8488171816037718
0.7402650749964012 31.29837295240647 0.7841264529842902
19.6885657388198 28.8794550746118 1.136474774030556
4.186918164224791 0.5587924148695508 1.042729965599521
6.039320287312996 7.428797346739469 1.028126643263839
43.26754023193733 53.34320381532572 0.8237193943173711
46.90449811560311 26.56325158083963 1.157307123972463
18.31128661302444 14.50283415778672 1.180336349690737
49.27619492275463 16.65621571925293 0.8450037054231423
41.57425802553737 8.916406406516398 1.019400724952831
46.26147848845528 53.919417447373 1.068863936851886
9.751118718996233 21.71881505554487 1.0232074201408
50.59827013015666 23.34668581995493 0.7693239594414638
29.99847689922828 36.94334363981306 1.107266265845638
44.37214101309522 3.666845460732861 0.8420320893838249
32.381001001867 21.86065496218421 0.7649393826703134
48.42390654302384 43.76731794083832 0.8848632954302559
36.78833324871414 52.29173481757368 1.241002472224227
19.16906150019218 15.08570390105513 1.063469681540282
45.05412292529555 15.34821384602609 1.02653476298535
12.26763126685639 3.28956838664113 1.1005545257084
56.03441644275301 31.42739892258653 1.114037007530832
54.77408474254146 5.727729770228141 1.022822055295055
29.57603018618004 15.173389971337 0.8996369566942836
18.84023543206986 17.14652795863642 1.115251764807723
38.80882616145947 44.29626675988374 1.033493893671102
31.06358467417936 19.22036027173528 1.211317161769511
25.5244674689716 17.92510627020388 1.01524895315648
54.06282281552573 40.90226755286672 0.9962526565749995
14.1216172455445 42.11694571427859 0.8784417880497811
10.94963532637322 18.46696351769705 0.9350941778220228
42.94551156179305 43.67888819737308 1.068434151038633
49.40661796760122 40.67568027678676 0.9025517579656006
55.89298624912882 34.17214492437064 1.032791633930045
5.029488387997024 33.7506999060282 1.068442663031995
12.66541026237673 36.09307308871908 1.022849653826484
54.01817935892296 17.70426620389534 1.057705088684452
37.22579110238039 51.081002147906 0.925045802365124
17.09745845482566 55.32063930356905 0.9222392420094638
56.6359987848606 28.19710854543238 1.089816730470326
11.87278879567645 37.93322180394699 1.046084172708493
26.21476165028976 12.49664021865308 0.9949428512305404
51.92931782963188 3.695931846599994 1.017245166291008
54.28413443932502 7.594728065465916 1.07583881340287
45.78460579681425 36.80718429424203 1.039353577564471
10.95946079444115 26.01039687265195 0.8356892717937097
20.35780522057684 10.08613425124722 1.024626868008892
13.4230096537727 22.36528048169114 0.9822421953166967
35.32239106917865 25.8140876697442 0.8699751653830894
24.11877669911775 34.95838982749655 0.8664517269885574
44.09223408442561 53.21576823024814 0.989794665945826
21.38062520296342 42.75867754302858 0.8857032014036916
46.45460938962857 14.03333714978459 0.8898218024098026
23.90467107151852 29.24361432494764 0.9641298468217109
9.050798592646979 18.24799256131425 0.9518770514621911
38.69967374098472 39.93898500825231 0.9415545515719288
50.02511928604223 44.23699676629016 1.00511456582054
24.42275941671001 1.741748447875375 1.238172243135389
37.70354031338521 24.56703230625346 0.9740147971619633
43.31292314143522 7.704546840258197 1.102445553209846
3.920315043963639 54.83164252006991 1.26622984468938
16.16383471580401 20.6695177809659 0.9568703483329439
34.70285495729318 38.04625659764104 0.9729356946377341
34.86205843038022 41.9913866976236 1.028588282063864
3.239379232395151 32.43520718041584 1.041243210237793
26.85184200473681 34.05336634491261 0.8194832037228557
21.29036311120277 1.91544553214472 1.125452353467643
21.61870973865442 34.32549727304163 1.093887311884913
16.74157816252745 0.7923312754334562 0.9050531782242155
50.06868317167679 50.19259545309124 1.07125872185586
48.02423794661846 47.36132321709829 1.00754127640111
17.65851599660633 5.165823446198284 1.027854789410318
37.35275765152311 36.94761348327045 1.174992479924795
17.75468272285288 40.59213688391826 1.073564807257704
17.64550322883087 46.875506779121 0.9263865288496779
7.483485991826042 38.93586634003365 1.003801469472527
16.26136358653259 53.4515483558418 1.128090306816258
21.27674156021175 30.74077174707352 1.125555876862756
31.53310302250697 31.8843678058518 1.13607389442087
31.21091517583044 5.730591470715865 0.7298545387882395
53.09191468781415 46.53188204464124 1.016099856488258
27.40097654210449 49.07168198380232 0.9028381359896489
22.91350768362801 22.24601059697848 1.087413069654892
50.56067004267157 40.6681904064809 0.710409503905212
52.81899745893618 35.75820112589663 0.9869944550684181
5.419517023218571 44.60994977020191 0.9640787800308246
41.06149809950101 29.13713839004614 0.891276324240313
52.42165235682467 22.87718273367602 0.9877922186913408
54.7615505660705 41.36637328861578 0.855073980698884
32.68534685004752 26.63491656102003 1.001429477332472
16.16679857911859 34.00250292662648 0.8870980269201816
20.84894349512129 1.060051551116654 1.053660974702459
23.30606214809514 41.17622952869917 1.067208048169306
27.43064158523019 29.14420962899188 1.013120577670015
34.46355781865472 1.047377335395374 1.021925178776855
30.54866741110974 42.32395464848911 0.8375870713265539
14.46109301199256 18.14991030197121 0.9325113970731368
37.48734824428677 24.6165511247779 1.056412984722264
8.982924386850989 20.79001250480768 1.138795791936323
4.883815318291921 15.58445077137297 0.963825475379828
49.58695369799945 13.41621748470525 1.102303547540217
22.11066547506985 40.20251315748436 0.9357566895247711
17.56093725215687 14.4984628416125 0.7027436158617052
26.31466694144284 13.18879756433368 1.031083377365006
46.10217938204397 36.96443289796097 0.8216432073051436
45.59601337769814 3.563272367493842 0.9949533437431332
28.17982351881444 43.21900885469234 1.055578625821316
4.332260352714108 37.16274790566543 1.157932068573304
12.99251283378923 52.37735509657178 1.016574457725858
28.53666550597952 13.17118149724378 1.040125321722678
40.78049174592853 1.355019918808257 1.020204619148831
10.41387100723287 10.09515866082867 0.916100666169372
13.87338339438354 28.77999243595637 0.9336552875613914
41.83689938338329 2.975562749884819 1.012884081647123
6.538835143921355 6.858768480764128 0.8683166431792526
56.51627435652366 34.71865866273579 0.9277994419560023
56.66309404404047 43.33130000174572 0.9376409195911601
55.96275756739208 12.6556068778297 0.9783064709965058
25.82678837507348 22.50273776496888 1.221334055501024
23.41483121244928 9.607280121002011 1.195882504349702
19.70243878183069 38.40157519346177 0.8293516857929928
44.67975370943535 33.57582220275692 1.00809080778913
36.55138495264174 18.92599291025009 0.854216821411643
2.949565774271994 43.09022009656309 0.9361735922331516
20.80887873275619 18.86253875301338 0.9933432103958306
6.314374813490722 35.69028530115741 0.8667388169261255
46.31889052005433 18.61243146546764 0.8604615142729821
5.710285195480234 45.28164806090372 1.163281765080643
15.78107110773263 0.09482669182812176 1.028391977035945
9.921678005681223 39.19590232018191 1.036582608256605
16.02460451332135 29.40454562120351 0.8697444197622283
15.18101088292013 3.704358196214008 0.9855714588781221
33.22101126248995 42.53175275005947 0.8964355154185282
44.28857142258835 36.17057703676195 0.8276490153962477
38.6364171675576 49.43085157937875 1.001362714315174
31.93587156661594 44.95079198104832 1.108067112539552
7.329777148240142 17.4400273475051 0.9981709955797197
12.49764045351075 13.04006234372038 1.024065458602474
0.459002610975412 21.50274651614146 0.9640912903521015
43.86050548863621 10.38068061665663 0.9268751687686195
25.96715792266985 2.341127215577814 1.130474697065555
23.42761151931603 31.94752572008759 1.024095862453383
17.47927844360437 14.99227712396173 0.9993183539599332
35.81919979202524 46.10125129022694 0.7860511360614645
38.53210286960569 3.001481504180227 0.9915851112622523
5.406408887545768 9.653239697056469 0.8618094416901033
25.77624840604898 32.81494247951309 0.9898304784266164
53.15000974254217 26.23525101702439 1.008109945255336
36.61593166022372 1.016337778892525 1.018190327728067
36.57312753264472 23.77604796633872 0.9160946256073238
26.11717518191653 44.16720262131058 0.9716398907308988
37.48781114885947 53.8208809098326 0.9496150194931544
44.06834088269078 39.87876799790131 0.8566462384660793
40.09064210163925 25.60044372575378 1.083459395868339
35.25368342281025 39.76694002084757 1.070610303907622
1.233237024970929 5.346950467371824 0.9910476050458603
38.16189294688492 45.30128070912384 1.124036585175124
53.24473647458699 35.47958191599677 1.301075417862437
36.4959196948893 7.884923419861553 0.9870057471696062
56.63671610114943 0.2355107703411536 0.9689407342734688
44.40271339165173 50.91301999749291 0.8294998531087042
22.57477216635587 31.21853874168291 1.033179875496004
53.85356391028201 35.94845041956215 1.114846724557256
17.26669817150882 36.94420598537857 1.200288504320633
42.91388766789525 26.67449399953452 0.9457972248109427
45.149528035498 35.0651586344769 0.9934037348103643
23.36643931705805 49.92871590514142 1.075903225651054
4.791002871837002 51.67823523081757 1.190014383098739
2.563158624136429 25.42610008801618 0.9597200952181638
41.52243336361015 15.98836747276986 1.001969896098893
9.901387443720077 16.75476348435262 1.105086598732274
3.143685470402094 1.781496980591443 0.8801386682900459
36.94145533951998 42.27884154546952 1.064732265764788
14.55633950305932 5.382712287540879 0.9789919730633211
32.0572062870754 13.23094712255101 0.9974378087088177
35.53538577888877 28.74118571762982 1.143190482303431
53.5800603002217 47.45928560963799 0.9382314046673474
28.62029354349724 56.14321892435812 0.8979292772516854
15.13158637058529 10.06537701565091 0.9161581099748239
42.06787366236927 25.03297381430537 1.159175289479079
26.81447082143951 20.96283418450637 0.9839995705923236
45.20880851345547 7.544418221593098 0.8114129728709805
49.82325976706262 46.92856551703464 1.218002718575174
30.53297611397364 17.90467885411562 0.7804125449834156
34.33136809213617 13.67799405505787 1.225561437977571
27.83600353628211 56.0012697149074 0.994866198935062
46.4605552980027 29.63165857532605 0.965444811808333
23.55928273431923 5.345940969114165 1.089067669154982
15.41131798476508 27.84225911826001 1.12475739119524
6.723842919209899 42.23145848476862 1.071615340794637
6.194292642732287 4.262626711401449 0.8230881212787751
41.08273196224251 38.5665186832503 1.27850967261238
28.49508417374226 2.94586665180785 1.047030936448834
51.81067055687805 18.89387683518877 0.983536386807885
44.82805530206675 42.86741714499305 0.8712932934143194
39.62429056205987 15.66405881180617 1.099903794835509
40.08012262176728 31.32924213136045 1.110054420734594
13.26731414267203 6.639405329543821 1.095230603162023
37.31795954346562 42.93777694131144 0.9934662554470812
28.59243109430765 43.5122522127406 0.9447156456228478
25.07877086944821 19.61329421708979 1.065330198722436
46.5811547327699 53.57385504319046 1.1668139400556
15.46773187837923 31.09520992175453 0.9231284352347335
10.33812177010724 3.295787153903296 1.076701716036284
18.95984596570947 1.831313873562642 0.95876808777407
33.59806792605578 2.039968560934052 1.136246050060431
8.679373917020566 12.83573907885502 1.034574959800996
45.90708166729058 54.0096483780116 0.9531657137403395
49.06376573166985 45.24019970756034 0.9241680890414553
1.728817272339397 20.65619679943481 1.122984069067499
33.33135982944228 56.83122276320645 1.01957978570443
11.54251514214208 22.91251453566948 1.016022919381998
7.304339798774729 11.87280963169076 1.071237974276215
8.196885932794252 17.64246159542467 0.9543335858256586
10.60487392759178 34.12844275130352 0.8177519084400846
26.99082689964717 44.20294185364756 0.9429517268558577
34.06832389583268 44.84778525580083 1.017258125858754
15.98712198342528 22.97540553658055 0.9400897371625776
38.7664458941512 33.92119931239691 1.174321603954376
12.14956180199495 40.4952631664906 1.155375073290781
43.73323643241694 43.96699926022766 1.253146034327049
53.82127045040078 40.13831421227116 0.9295965630144869
52.01112384396192 29.26556123060433 0.9785352245694473
21.76807184460018 10.17972062955598 1.009401640058574
44.3081633808595 24.41590110325064 1.062933547418533
19.57588759929682 23.47657469309707 1.077600347135502
11.32435992235521 43.55440599124618 0.997121441458367
19.61961700516735 53.18179352962495 0.736455360726805
41.88132603926646 27.68038890076819 1.071765557973662
9.515343583428926 17.30581013080934 0.91001902526581
2.536025488533091 31.39801804553625 1.224684813716684
54.60704589290872 24.30409733313327 1.045896604365553
56.67704310532522 28.88590205595172 1.025506575473357
19.44802119976283 19.25293067807934 0.9330915688718859
33.56971117228722 35.51675915183348 0.961342725307899
2.86863017448626 44.0334792845107 1.108231394032788
9.646809172186446 21.78414803733311 1.203382337503726
3.65201189073362 19.16215275561537 0.9338891429304111
15.41073277146124 43.36276758572215 1.030100861153717
3.651571945590699 51.79762699957826 0.9749599009758813
26.19564504511452 9.31129811439258 0.9811509681076942
30.49169476725706 10.77338369366405 1.006120560348928
39.65928574961577 23.79143941066761 0.9113990151210037
49.42166852411891 35.02176249866456 0.9352616899994149
41.70859917006856 47.37645579053855 0.9528661812218698
43.83556979607584 44.57722934455482 0.8412304609140652
20.54885233452024 44.05674422069301 1.197058981569489
45.5225398314756 24.20086425179656 0.9956626544183632
29.44202095802968 21.62962974776962 0.8911091538811035
13.97526555879752 33.09359290362038 0.9543372846799174
39.28119033774416 42.6229017924624 0.8045461022189422
34.99081592121665 12.77288507845853 1.019327065713802
42.94162292449811 36.05557123574222 1.044412197461505
6.125673516246338 35.36329142207433 0.9182028726071469
43.68210206631669 55.78593287793264 0.8623027254874931
10.30887392503623 30.51767183584984 1.082527938930616
54.25606362999233 6.912014530465013 1.075629853216949
31.7755531942358 42.77860343492525 1.218662418276664
13.39110143454331 3.554899713748554 1.060176037888496
2.624079891771115 27.36636699334083 0.8485817537055793
53.04588480016491 18.9296829285704 1.130582540084272
4.674238405038714 31.03670069483886 0.9612075427521712
13.3709348004176 17.64419090498434 1.004529269243167
37.12609512690739 19.49660834320663 1.121908860382355
49.98936168616142 49.73790040274053 1.119070120864788
13.20725617613981 36.3525238555635 0.8838804249887675
43.26453838602851 12.23226254397643 1.057663010795978
53.24192321451471 17.37741714174739 1.070070149900633
36.99939164239885 0.5808094463221772 0.9782237604783803
14.90212924541073 33.04527641602106 0.8604280687644061
7.081977110859928 51.2130603819215 0.8593977327902204
20.64689154161461 20.45291191127752 0.9164329872456773
51.97641547675077 22.37854673218846 1.046367329831197
47.55431792771179 44.9657771363695 0.9777804964873014
24.318300991933 52.57315648466961 0.9879791906964124
14.22489385689837 10.58283935141882 0.9719871366735193
27.9602565197089 1.03213169008127 0.9678529036505321
20.09984169392839 48.89257337520485 0.9661953724667541
33.14450975234831 11.9838751964196 1.042416970767062
31.36142119223318 40.22648686320823 0.9796802125934615
52.78129940236979 43.62891902896991 0.9517175606191201
25.91892042612607 47.75771487912057 0.9459910296847818
35.72349198894738 24.12391284300197 0.9124642415674686
20.23481243114677 3.041792954337687 1.122479950742264
13.6246323322992 27.50248832977493 0.8190879779936252
44.92652335945821 41.5848888520081 0.8734734586173454
33.47746220067025 25.41754434277189 1.000213951003072
8.125598363171145 25.95084502219727 1.142229634341749
37.93472024515957 11.56401905024611 1.096926925265368
24.49659495218499 44.13165582350067 0.9983361094128316
5.185842635662222 2.353631186463698 0.8873934125777813
14.80491272909796 31.10476306178829 0.9765107679673652
47.57800141562615 28.83483802798895 1.108292428973316
47.9362913067156 10.81281382023022 0.8550797780695591
45.27252010827536 45.50126334116853 1.027388593033192
38.1358489641621 33.19904346773357 0.8594672229372724
41.22540852112016 6.563614340761497 1.01183812643193
35.08801332679019 49.35100688429131 0.8207949133076811
33.62111499981075 13.44917960811834 1.05446213696812
26.85463023504924 1.117709925453044 1.00277210714365
29.29370365212378 5.766678040738533 0.9842915543288807
35.78059323214953 44.09861638122174 1.01138291542146
10.91099481839267 27.44944251815297 1.243127987757738
0.7267772726373641 1.847286125108267 1.084822772495934
12.48064673295275 26.53477642011585 1.201798503007752
21.10467159613253 50.61649569711485 1.122197981684612
53.66558916618376 12.93135023998625 1.200129062843132
46.71807710114777 23.520219401233 1.074808057581962
56.94718144691883 43.34276384410577 0.9424941874217795
53.06559054696262 35.72777465252567 1.268323930867222
7.619713897174091 41.35237504372018 1.117402535613121
3.386474141099711 8.346491169811456 1.088994614477501
40.94989947786085 55.6803079017812 1.099491785972118
11.18350689959876 5.054571047450682 0.9571387502573043
56.24539483675984 52.5837682534865 1.061125760571278
0.8765551433323674 56.99983294028781 1.188284583650643
33.26873040677455 30.62433537450821 1.118317320157433
50.11814065003681 22.98680748137962 0.8037279742990717
42.28834215751306 40.43922471927443 1.186384570327999
8.303719849001485 45.67481629861278 1.272706840961326
50.18368889306844 41.50705367769443 1.117407658183598
37.79018641439741 42.48049246542179 1.006303211239178
38.06426071890828 56.30093558193228 1.019882659765346
37.03541413835968 15.02300692723273 0.8613551806613113
45.64734230174093 29.60586658893426 1.072878873108548
36.29095199997116 42.79189707748215 1.098232003680646
39.88363324705681 30.28303201090686 1.038558269029513
1.9279824425131 15.70314406915714 1.128443069340204
0.04147765647688771 6.214687623649224 1.029030736733917
23.66370001792149 50.22516657608802 1.129181136499225
41.48946765693346 16.7699197073327 1.052750130283433
45.44705729533315 21.52488179529313 0.7849731260943232
34.82902631388466 20.44026893630636 1.198604396877404
54.54064984970756 14.11997831385582 1.025696496094615
6.69665024834529 46.11579923430262 0.9015766871098887
7.596749238482094 8.624632690858391 1.001893708229719
51.8893967428661 10.41070040287948 0.8520694793298034
34.94678578663002 18.55309676078758 0.9910237565996683
23.00698319310647 39.34152599393461 0.9211765335188951
14.81464880137455 7.496450823497237 1.336509981578453
28.19648933093831 6.85035893267503 1.072964418751155
51.3446412721391 25.73713918064588 0.9975839573917309
46.69260646714485 10.64760562016052 0.926188124490783
36.29162021227722 51.51154977060461 1.051054605140381
55.47286183595325 25.84795444777606 0.8169906311173624
3.864675613057183 50.36225855227665 1.156480757434827
11.91535528652154 39.89452182962304 1.117740845600958
7.479988487660879 34.92233847962801 0.8322962722341294
42.41878932966794 21.34749347173958 0.8307128553288806
25.55634335920044 14.44012192191562 1.126074607658199
22.48997187078464 42.26081810112149 0.9497727768684178
47.17331428601095 25.54082825246305 1.071956529169023
36.18843389916626 49.21942580827485 0.8660612389336102
31.37747049721771 51.66716560053973 1.093298466789891
20.51512002177309 28.21667889795112 0.7134025940535915
23.21259083236223 56.77377487242863 1.045384368277734
39.66829667550898 17.5081287852992 0.8735153145314704
13.05028459851178 4.904344445981246 0.8723308203266622
12.90919585009534 21.50370372529314 0.985749338932994
5.111942097131136 34.19967670468598 0.9920447739091837
19.46049480580748 1.273525037930126 0.845873054201
53.14274224692152 32.38830040180511 1.081689837213941
24.60772618353727 12.51691626176094 1.205536037220842
26.99834169354213 48.95972944188851 1.077781613508527
20.17640831329692 8.579839400751441 1.056729120910387
47.28723656120115 30.20454861093524 1.016551217344763
47.71267739623444 56.75807014468968 1.172931374948372
34.85987768269138 30.51544344402637 0.8894110466166343
25.61541935224804 43.98649497469258 1.066075409084603
45.33601660110802 36.71563013070991 0.9333304045744222
37.98915516864003 10.73115116298718 0.9552017457268953
40.18481178217792 19.12860095972596 0.9380524837477964
31.6455172214869 13.0606689495317 1.043564006219337
56.75226740760369 17.01276578987612 0.9800049948658226
25.59260519062756 50.86136719950539 0.94185345600179
50.13322433183586 12.30039071026276 1.180425141178282
12.05846082840974 1.676778092364212 0.9315603732182489
14.36134514555398 10.28560487473645 1.095762178152287
40.22239297126531 9.757961372266506 0.7665873683933456
11.11954314919167 54.81080191387367 1.086880982453268
8.541953050318153 0.7392845348172283 0.953856466583718
11.23729927755767 51.60428033285042 1.049264992384344
7.664949255839432 8.284089855050709 0.9316036526077155
2.895582262377991 11.23907989414366 0.9806189557220126
5.100447093649044 21.34598988124448 0.5287296555716618
40.78857816326831 28.91734750332187 0.7720956089153088
6.132643866414504 36.38261931500519 1.053344478090176
15.7891346983561 27.55458866411568 0.8714390627838174
53.82232958349508 54.8670227890215 1.171817207419676
14.01477382705304 5.36428263381323 0.9945718967994844
56.96856296666365 7.138129797828444 1.045301460986563
11.13488957711257 7.633512222503085 0.8994806380839073
18.87259211664674 43.63498522883047 0.9091490666730525
42.51865931903881 23.97303921029579 0.9867166309243562
52.89038674016035 13.17286666630435 0.8756993614955861
22.15427647398518 26.48451230930375 0.9847000886152586
5.867131597766249 48.51523809298651 1.303449926453721
55.84150900451537 16.6536639577959 1.047099487675465
38.55973946701723 44.34909531956031 1.117081788611665
34.02108180337636 52.57451329407026 1.022101380945252
20.82658637213827 49.68194092003719 1.113593590487204
39.76551889850084 31.96147594925085 0.9376782609384299
41.82272378021047 31.51060713432292 1.117067644190491
43.16108446948281 49.80369889028542 0.9761939547388289
8.535983465861522 38.7026688981348 0.9030018734773978
51.25904140447222 14.40311509017046 1.11480338771743
31.05677904796637 20.74467270064385 1.009130394160462
29.25460939679975 12.6165184884409 1.010968680243062
50.4890868670722 21.66859917280665 1.220448348245197
3.979094050814907 50.80453998306977 1.093098593753264
12.9925852157141 4.679061504397104 0.962521017527699
24.48164900042194 56.15366968519691 0.9921612686456738
38.20514084175468 3.459325898186921 1.063637391249641
48.27161465458182 46.7411243076162 1.096551004755038
4.144239371243976 15.37990176090035 1.094014087544192
35.63120641495623 35.20101841921034 0.8948252767390731
47.81753690765125 44.21834248174836 1.038901006299952
14.1615069853894 56.00856866361973 1.224616784150858
17.73318645904455 32.00528084254138 0.9893728488779172
32.31911527892534 37.58952418323118 1.153216198784299
42.26858568762829 49.45797170906233 0.9678863871922523
44.46537015329365 39.75134605576812 0.9456098430889004
43.21067195395505 9.029079901068043 0.7935004720218655
15.41163524957916 28.37266675027677 0.9700480475169513
43.75256851117712 30.19094234853561 1.077222096932128
54.75689306657617 22.87714294617863 1.117589099846929
10.09548542792699 52.23826514568099 1.065953731586953
44.58299861130444 55.12097388325304 0.9480385141672298
36.63554915256591 9.036038864420744 1.079823166040477
47.61446621902961 11.95466440494855 0.9365146086000991
0.266364873045294 31.89414873528022 1.089138558166754
8.048760583646949 44.73173502633895 0.964800825961726
13.40224596830189 0.856166718460697 0.8189650969043155
34.83530575774392 28.81388124442374 1.305476366407028
48.36975589178957 15.9814019533719 1.24874976049336
2.585983986773521 46.12664893182304 1.127425952378365
34.70107887950776 48.9540303274775 1.108523837233348
35.9010072927461 22.28407749081221 0.9900087054225692
37.89326286730043 26.71055333675377 1.143185377626458
36.23989856254305 28.50772905978734 0.944849191248894
44.09851796091465 38.9315826412903 1.21279628192447
0.7596102923898074 52.1472785445616 0.8090779229085731
20.95350437469478 40.06556363593115 0.9732213803046688
16.26127180189885 55.78881013243869 1.067012715613243
28.1838517706766 3.249200719059073 0.9344448714352198
4.471507197465519 30.76983578399282 1.041682305853591
14.43257790451524 27.07692853038987 1.058675016406499
35.28408242449355 50.33358519726134 0.9820350940514632
20.53744486884095 30.25426886195982 1.119317523696002
52.06963991889248 56.777343431384 1.008967869671307
25.64280501503628 45.86051585611911 0.9541949497592098
15.66644027534241 26.40241530742609 1.106274235917107
41.80752039086424 4.961298722290107 1.096115658578573
25.39532152581742 1.068792166220393 1.021036235457265
46.55889743685671 31.93396059886271 0.9406657094095832
40.52396709868869 51.03040463432223 1.018877906306185
37.36045673133827 20.13637428737077 0.9021903363215724
2.976745253417988 15.64453912928912 1.019759506881013
41.00362571142783 34.00740435347306 0.9875413504366086
25.59202011003719 36.07326563032031 0.939892694369122
12.80812326437241 2.427552746807948 1.277187556300202
16.21453383481807 28.47456353971481 0.9806169607974397
13.80432142960109 13.63748844509827 1.000226177893518
5.183626904703503 39.1996429819612 0.9249158398793792
19.47440933504813 4.265178048175377 0.9470675741108816
40.86769633175232 2.99837643373682 1.154359168026458
9.707866975435925 38.87493843672561 1.159582539814749
51.30057854312499 23.17782643352534 1.181907314384186
0.1852307604557046 2.804709768297481 1.152726168064573
14.37746983178773 33.96997854531276 0.7796752923374677
36.39753129212071 46.3732616083572 1.278040773164759
55.66015663587496 8.227499346354744 0.9408305092288103
21.86498781799571 51.7792166954741 1.066770937515856
51.66412104743725 36.57126845585707 1.10191206200811
17.1369067896795 39.13202918653005 1.078182959027879
34.1521414216385 53.03509997298713 1.116942550380856
34.91003838317005 12.08864709040553 0.918445319292889
10.03783483059976 12.12272804143034 0.9565073611024766
14.92743780972782 4.770321150203385 1.044958303340451
44.19304413636822 45.08616558326695 0.7754871186862474
34.45942716508146 30.61607088223848 1.158042405923895
31.81807477484368 24.05501692930936 1.132260118421902
33.25433102215376 22.54718600006177 0.8617154086326504
51.88320035109445 17.09077752618621 0.9442756057646012
56.22280671271626 44.27997615527361 0.937877158100651
8.055207087218392 17.01087528653949 1.176060559596351
29.09952237694502 41.17781938294779 1.032131992406461
55.08797353836147 19.49237369536067 0.9784880948422536
24.26269487210675 38.59392911037148 1.031814966210547
1.101576904813562 56.21860914501297 1.02525898803823
29.83468000070875 37.00257928716139 0.9165946066877819
2.616020999204377 15.91522894842328 0.807435895209313
53.65989891703236 9.939972875611844 1.141646035334206
43.9974406240496 48.54309924158412 1.071064046678612
3.563206355815384 26.25355711451432 0.99592547511893
41.40525148641563 11.61841344303378 0.9114749290602877
54.58365891342222 15.36395475145614 1.100891257217875
56.72305539516874 52.671632425241 1.093024969435809
8.687043746787609 2.119023318923555 1.026135909673982
32.71786945300077 9.788620651601171 1.024685925836522
17.90495322593718 47.96564572070057 1.155651180721749
47.08754138652586 51.59059510593796 1.075903821640934
4.530567981549803 56.41334094219531 0.9199311747282872
35.29053951859965 31.56131838334786 1.018903143635314
0.8148754713194796 37.94386773321026 1.045713750905746
50.47215931744881 44.07930787237329 1.076479325927874
47.33609948322927 52.41449437635694 1.132345372289115
39.41861441611248 23.05396890968735 1.028865855219243
3.956342848463144 50.5527397494543 0.9451312855014733
14.9285592650662 21.86129610094302 0.9530244926050759
16.45189118033829 53.93428576175788 1.026041044232198
48.76354095515028 20.98245916188809 0.99529629725396
52.54377757177864 49.88624292420514 1.080831502423058
8.907826321622276 53.35865304309812 0.9367785029228011
40.43796091547141 27.31921440284663 1.005639854631474
50.43580384339942 42.88122353930083 1.195425290288261
23.18081460994706 13.86747300013316 0.8879179555647693
32.577748822783 5.599428999516847 1.147678323396718
46.35567585302316 40.87778478482635 1.134003088702334
31.33360357365273 4.28423509154666 0.967886995121524
9.300335743138723 22.19097203956497 0.942210557306592
12.78627475248011 1.063876671746316 0.9299601429527112
28.11795714549625 38.7172087732317 1.053068253291848
2.020144327553056 37.02578346711853 1.137597076955896
39.40576907964692 18.51382267871584 1.207992258814051
3.169469361272394 32.84157292304634 0.9933543452064092
13.0048273694724 27.57586080142104 0.9109620833646053
40.56831587830946 45.5825761922554 0.7986853298095418
26.36344001645383 22.53096562741835 1.117500120399093
4.367542546413626 0.6970435635638627 0.8557150524409778
16.54903258082878 36.11553648864643 0.9867837658390334
32.29759544520527 29.33530733330888 0.854508994817755
38.4692087366568 8.297370305888993 1.125912843166395
0.1882353933473283 40.48935306420985 1.055190146913566
16.33960802263562 27.72892282611175 1.137264781906662
53.77791988839299 19.50907738390801 0.9339629519289838
28.748826881288 29.77823614039376 1.098074846510763
5.157899284343189 4.924116682225892 1.015419927186309
27.45508230964424 54.63553647493736 1.111096718359737
32.21838289090357 54.27028305515194 1.183638964564071
21.10272277849853 13.56523270419111 1.077750941570259
1.510781945898562 2.571931488612635 0.9619771194740935
43.06128457936518 10.18575675654493 0.9905834440402725
36.96311457546573 2.400892575458108 1.10553464207476
21.90996998590882 41.48517533181476 1.189576094545381
34.91400051718298 11.11989024799312 0.9358711162337594
11.58694408069688 34.16612031691061 1.035683161144436
37.73973700904275 39.04202639034112 0.8355045085604509
36.31230944549307 39.54381664588294 1.034944784527337
4.725535318593278 12.69812896274874 0.8898720690509414
26.26336166693985 24.09435389102174 0.7561276485639122
28.40018958570445 48.12596467701996 0.8205784481211332
1.311721407022197 5.756485805733355 0.9654075125654196
16.86236674052773 39.22640098967887 1.120006990637236
23.71157629495094 17.41152076023236 1.128478976806631
49.89222697442967 24.77207471885349 1.200990575501633
30.99047240055654 35.66129223940023 0.83186107732105
10.95647362664178 11.7302093830566 1.119722851618802
24.68832925646023 54.01562807523442 0.9093422879628928
25.30194703782999 29.4138645750535 1.036800438928904
55.24212267214531 35.97711867838032 0.9643371947683228
14.97987284743221 26.64231225784976 1.199867874303381
41.10378639637669 28.41480473587979 0.9772514289893519
46.52972993651858 0.9661531103617294 1.004436532836423
39.73848983679828 34.35278202050961 0.8497276427669278
46.43877096634301 32.63071678468526 1.031587040453689
49.17441136444658 20.37754374760089 0.8694249282991191
44.84553852297623 9.877729967645244 0.9755812038274038
6.893358016336969 31.43762117737793 0.9657957289673031
41.94773235448996 16.60711502777744 1.170471659925592
52.58423370615776 37.30301300776331 0.9099236428071585
9.832167231399644 22.68731700847266 1.090390014492189
51.10212174435245 10.60598702198173 0.9700912099583118
51.90210676468075 4.743327416825727 1.095459627175264
39.09610943733534 29.0720081678927 1.173073521030756
10.27131335962159 41.22096615015574 0.9143046238966128
17.33629526353269 34.75953860430025 1.137043918283297
40.06992725472428 5.181833759966229 1.067761988483163
17.71570151285999 51.53062658828247 1.061759743867024
20.64322257165016 2.663433840807264 1.067830253001642
42.85328886744254 6.721975269132282 0.9185913968394976
23.26937568665919 52.68545609884218 1.16804387326848
46.62140972661852 23.5114139954147 1.009643098398363
54.95161984718946 41.52351649129927 1.235111817005864
19.16411306623561 10.35085084957576 0.9936528240725651
9.656865190089151 29.4354264258572 0.9625428240335738
30.00153106078577 32.19773716116219 1.04656851099293
17.08994602323041 17.63879960618857 1.153212118107314
12.16942619447104 42.04656110054187 0.8275681396310328
37.46908140344037 23.30716778398825 0.7143192997613768
30.02914307966323 51.28229949263963 0.9731251026543634
19.0078263166397 2.438435330725478 0.9029442929110082
25.94984935268287 36.57955211195143 1.049468336095276
50.15275253455749 54.20459079146599 0.890937987626308
7.555441614499055 26.82127432423703 0.923606742751418
41.7522920001076 2.127258614230556 1.156029142339018
14.03537087749474 52.06479781496562 0.8133273337093305
9.077839041165001 31.12531690072516 1.020891944655382
8.93096443681557 24.87302361562523 0.8334235310363691
15.52773867059859 46.40004584025593 1.050035930080115
12.72241605805346 21.20933445273402 1.065470299753599
37.82296196921867 31.73024237469316 0.8041009631883682
40.35947841795137 49.59761916268506 0.8949567785826609
56.03044634593206 33.51223092596616 0.9378446775195399
45.82909650021656 54.35765154210741 1.092447492661318
43.01612977777427 30.58138850032417 0.9599520739302322
3.144194320377053 16.53932944803467 0.943754039727333
44.64559796110056 15.84779174153125 0.9411925522838368
42.97660821162938 31.90100673022727 1.03131241953957
49.08890819181172 55.69902426968283 1.00479967368506
30.4292666178333 19.75811099296348 1.083663223832171
49.36276436846832 13.78874503578467 1.055757002951943
47.30097596175083 2.157940030171508 0.9547505871740531
7.588066114852236 36.13007246196739 0.8780608688053643
53.7429430949236 4.396393764017333 0.7998614023581209
29.28103349743459 39.71955128001029 0.8521137553631655
38.41857552315042 32.40774170374858 1.161727748413596
51.2818117971913 11.84784211444102 1.014154677580745
25.63658715022569 7.521582799275212 1.022118975897261
35.03778680043192 15.93756311197652 1.057798762028953
52.06763557394391 9.195114375182946 0.9229922406968319
36.23004878136797 4.779096483150076 1.045495067829556
21.95204779922592 20.71639886624943 0.9018711986579171
42.74142787127822 55.66432858987913 0.9072498371421921
22.39711634553835 17.62572263163781 0.9680071259843565
10.8134000686991 51.67814984297294 1.105534750252072
22.51854226669229 10.32990324978246 0.8719672314312954
50.61169152269684 17.68439493686165 0.9831603905608393
25.20597773613687 32.01226616278862 1.046367618350057
35.18584178489905 34.88550056558358 1.03420579882967
44.08061494076653 53.86816783289805 0.7881128499404122
35.03257381545034 52.27623104456637 0.9044094897895905
55.6489501780127 36.87540944753001 0.8501164112125413
26.94024310863588 21.04606652355104 1.013223189648155
15.72421633998128 54.84640596427322 1.03715486905651
27.86444374027869 31.77230784565783 1.092217974036706
42.1022110954403 30.22194686868319 1.034177754200865
11.06738091728994 39.07669048433969 1.03764944193024
14.08895662058562 27.65606729996207 1.101567073383995
14.15885919246769 31.72707569865839 1.254900812767848
53.51570517780059 6.377052464232339 1.003262195716989
35.92674000930355 12.5083350620737 1.261611745045838
49.38374450960371 53.84053242990772 0.9311184250230379
55.62175671086728 46.88487658877153 0.8415523961668756
44.73128252650205 5.458619320978699 1.068221398741039
46.11828086996371 24.3415378724884 1.004165450104635
54.56348474117159 9.908986245239612 1.041863785749971
13.29718242320101 47.03371025623461 0.990464050861017
17.68977752965399 3.34120409113411 1.151381499343388
2.113214715902328 18.59932213537363 1.008363417403963
54.54144055654362 1.096383375626236 0.909417679840906
37.08551071169111 33.46818053930448 0.9471438178481069
11.04387070007802 5.988462947303645 0.9634052060641057
3.826332409785284 9.665627384402615 1.023424282919725
24.01160043525118 40.60462203603453 1.05755027883039
43.87912731146399 13.1298812786722 1.045353027172445
44.35037324407621 5.509644596609122 0.9344493077109787
52.62971888465328 0.6475556407345252 1.020317287771992
28.03369471106384 13.23313235595502 1.036695719647576
45.15326784791112 30.14690942696618 1.115443427656359
3.855367647882256 29.37389502132958 1.01811768607108
50.83032947444838 40.94087838611606 0.9458054362087712
13.42351083290927 51.7530108023216 1.090650550189425
26.55157367165739 9.296850342441747 1.104122420573896
49.90147240501897 20.0526460777282 1.022055669967658
6.693055359038085 0.84763226045651 0.9382941102086242
15.13376409240708 31.36842915339788 1.157222795874018
52.87158840842153 46.96621858373574 0.8597327641592017
40.66783441587716 25.18218916569938 0.8784143054283642
25.36775255918864 31.59451278187079 1.095405663715581
26.3475235576497 11.61970907152617 1.12578406716649
48.08811376108235 2.52104232391391 1.028370971324058
22.57368840164211 11.87593853747283 0.9470335328916866
41.83721840001513 28.34706709224129 0.9684214268358617
50.09512702007551 15.96532591989512 1.001415522157546
23.3350303658913 8.228891085939896 0.9462104053095935
55.19510966967564 14.43613027242763 1.109008769186967
18.93357477753124 17.53522324819827 0.9366828030837526
42.71741241389765 0.736587452113902 1.009458575729536
34.19592197527919 27.78554784030912 0.9579888642893943
39.40525691183529 30.61596460529415 1.018563962430747
6.064487856842804 44.58814009027003 1.001854239994432
56.46407862774286 56.44276911832521 0.8135450775610176
56.9852433507262 5.383445741787295 1.008920730880551
5.993797126223239 40.73239139548149 1.138187862097157
45.70073388502967 29.32882749211454 1.039339642611214
48.53544623988468 47.15639212455432 1.106833992940831
50.47061923075031 10.46902101741592 0.9845543321447626
13.07043021082433 50.40902778665024 0.8791979494070946
26.57604160233216 47.26635218610352 0.8838090399728398
50.80979771903241 3.599832512251955 0.9562373908242129
39.71985705183813 56.87428557587521 1.138703655434576
53.76817686193072 28.49770513200094 1.000090251340664
53.03549694550945 44.4054412373367 1.145159093141367
31.35812156384723 20.09911506115418 0.9971480781798131
25.96833591394515 22.89356777718923 0.9432923913498321
33.36258879460515 17.94712255846109 0.8858187359157278
45.27840924182833 46.43301900542947 0.9297522704325056
36.69937119153299 32.550725945528 0.911742906051604
23.95834326416177 30.50916888402271 0.9050807790444891
30.38345445989792 27.33853103375925 1.033277963244078
4.003608033062708 1.895916241172662 0.8215678717041284
45.17722613233013 31.6267344703091 1.023344254785592
16.05537317509548 16.31505873860561 1.121643190464898
36.41417379975979 47.52891733987672 0.9553687445407433
13.30706251613193 46.66968098546829 1.047121862838792
7.616803517386692 55.2462816998578 0.9519380774864713
36.10267031616656 18.97295386249803 0.9164664149855368
51.52367980802603 37.05907578163738 0.8986958399871737
46.31121036517956 30.6742382392633 0.9235715058993526
1.012769246479855 47.74088413069997 1.132256414737715
21.59058106625014 19.00335145741857 1.20315719400285
26.61093690973285 49.08480376241953 1.112356311500787
53.00495387008645 48.17151836220712 1.069760111307526
38.70043567554114 52.80536101749416 1.195768699639868
22.08880862877183 48.66830813357062 1.015920928362466
46.91458980688574 21.57768259131242 1.184549538199542
48.67856603519925 3.01532227127595 1.134011215180748
40.07439805291332 26.69093443764883 1.080938832628624
16.87648402940318 26.81167412400789 0.9369868382951951
17.55255822816517 10.97618027589106 1.106215725071957
36.89260473330161 9.065227227315878 0.9751729585953626
45.75512235879671 32.57131965159034 0.9640779766718172
5.006839029959794 41.76007622888315 1.154198710553289
17.17920387218669 5.443273636253212 0.9541679509580687
40.3104985222735 39.26801250095852 0.9926209914769577
11.97362464711705 44.02617155016687 1.069621968595937
47.36319341527447 3.652190655773594 0.99412079680376
46.85443647245617 30.11589187435614 1.143985903952887
54.43385192539257 6.730920475316663 0.8040362835437441
54.79563143746724 4.512778457958614 0.9310060127067393
26.54535142730239 3.756014126239351 0.8803561167762852
36.32733377782969 22.44165280854406 0.8997023203828964
0.06054998843956273 3.070171738541765 0.940419489862782
8.513445401337671 50.25728886213959 0.9018307695824094
56.50776636158478 5.62502714461881 0.8812941407064292
49.65119872132838 9.405993048290719 0.9340354377083627
15.13358166447542 39.6926925427712 0.9258592682464457
12.80858439058465 34.58276243488433 1.027272756492716
11.71893861224825 12.73615038894869 1.162381751583514
30.21627458893521 19.19784498084236 0.8529742991879959
40.85189084794926 56.76162604278029 0.96534074434837
15.0620998023367 2.281192884911407 0.9929363529016941
23.7283574085349 15.12264979077626 1.020565796485654
32.36240365140252 13.86481002479084 0.9080083990522825
26.93243655745519 31.8701699864446 1.119142733491746
43.35156099514643 12.14103589073803 0.9385704769681614
55.38122929184755 1.485142659621845 1.025111718869546
6.473160796553437 7.642312797551189 1.083348275448089
13.11290223622364 18.19209940880169 1.133321100531927
54.53121179879233 50.59473780197778 0.8199914580396137
53.71296078698382 38.3831026467416 0.9640896626907911
39.66980724673243 8.418463594009385 1.088854680340906
21.94801275243424 6.398164628724644 0.9321000429300135
40.07331235058295 55.90351703618817 0.7195553465597796
41.16418742722095 10.00574890803813 0.920090098364164
55.98098512505227 17.12524799123651 1.007312657332165
15.79506048736864 54.36221439035712 0.888897004563682
32.89235419169643 25.08355144741179 0.938517584740725
18.27110171842906 46.00525642792007 1.084819148492875
23.52037220751884 40.80686265500582 1.123478999916876
32.24430268036402 20.23333296795996 0.8908532165880191
39.9001528354828 4.859772495394466 0.7624557551634581
34.01913006604609 4.848165587917047 1.099357784059369
56.46376046047721 16.31173039102542 1.015873497820772
4.336998356197494 30.23744745656729 0.9451052963825756
47.3626954478038 35.76081550156736 0.9813960550480449
0.6801978450641958 8.973086072119459 1.039217503292476
34.05663751953125 7.660706114331589 1.138310186914589
22.57780843813802 20.33228834920204 1.055646907335536
4.139150977665163 21.55457369962454 1.056317554694165
9.331513587074127 26.32911625286989 1.02406643771257
31.18888874826435 24.17437023770733 1.021656009983887
54.07983203701667 42.44682587238346 1.059095270291793
36.77807534708552 24.19837412247358 0.6940828002802543
45.53910539184655 41.11507370328301 1.074367452161916
44.26567590761262 45.11325505613966 1.072699919136315
53.77160307242144 33.65528030351516 1.083429527849708
41.31598641784674 44.26361553103831 0.7558220969187126
51.16052891461203 30.62625741056458 1.046084498761895
52.18083111018912 42.6933097637693 1.008360302784995
24.62879614514708 42.33607128185037 1.026618716745054
9.51044149301501 32.00480819680021 1.006260582538332
41.2645107657949 34.24505515501139 0.9780248455961456
1.443429250942277 49.7712885629252 0.9284887458260837
5.15765978962074 55.87925082998316 1.077448241056586
37.70397200375049 40.44937084962119 1.06897685135887
22.19710512701287 2.389779070108095 0.9462449400124142
46.65339460114641 8.438140303100525 0.9652281559449128
37.1393489288815 23.01519072475619 1.019191329691306
8.708500461982796 31.3666163405248 0.8906739569442935
17.65625129437831 43.63347664830903 0.7804457597062777
18.63828481856654 14.44881199973114 1.277352041859642
4.41174791586201 22.87046798964519 0.909720326027721
15.64175655257039 40.64905787568961 1.027873088043562
4.734427996787442 16.91790549499817 1.123134279619478
5.459730318495878 13.94374682705093 1.029310115607665
31.86156665015107 27.65683544550875 1.096714712600122
34.16992696382567 5.986920471762736 0.933291843765911
54.57731836828278 14.30927586616449 0.9109363766027804
46.62945590523512 37.71061168504442 1.00184908418611
35.68175487764261 7.285707173070734 0.8725348685369823
34.45239996046405 42.98237315191998 0.9730194896171525
23.31486811131 38.86414790286876 0.9614527648247778
42.45532407306848 49.45375309300318 1.156091720911984
41.41250318913372 18.69509889636892 1.091661901195083
32.63884572341984 15.72751554368414 1.06169562264663
17.52906892659565 48.97237164712156 0.9893730548414644
6.759150461181602 55.63772766182093 0.8653724335665042
7.672015000447638 42.44090533882422 1.01591574725452
51.30696145040307 40.37583479535572 0.8978065001641847
17.99847645917836 17.62182953517038 0.9317859775702573
19.42809573254925 9.959307741354829 0.7409925873915701
51.34591529487908 4.883419779075039 1.013342122918895
23.57851867544396 43.27900972789107 0.9520480733758667
25.630651938557 56.2173643988638 1.115859965586716
9.317230751420013 46.86698848561709 1.06143684454821
16.11043142718749 16.07638121260161 0.9592815706421245
1.517286524883139 51.4281509292443 1.146772118535223
55.79854976143621 52.82424800182891 0.8308502267337305
13.44607751045659 0.04396834319642202 1.091115110706178
43.6483438213581 32.87417324300584 1.056418670276195
37.75759302208088 12.41633691890926 0.8900850972151366
16.75267754716458 4.336111670982144 1.099338840125024
7.575090692646378 9.401767079905499 1.000183992294455
40.89224020107288 16.89232144406639 1.153571303562103
23.78511805589549 34.48598918155115 1.042170749214381
39.20162256257684 22.5836678173317 0.7943130127222184
39.38069403794626 43.75631469383664 1.032393382398216
17.04957660383059 26.02903783276167 0.961940654739865
7.023296922456145 0.3880809323806693 0.766735683097219
39.4691896338338 23.77597449616342 1.026815939190644
9.159303981884991 8.27766867320876 0.9340298811454321
38.8664081193816 37.70235433275921 1.057051985588791
6.333820229551671 46.37287695164461 1.068863539657941
43.91579259183062 39.30252288621968 0.8636433930917278
16.78851204122813 16.34797114755398 1.043255973338347
33.28457846505781 47.09874922460818 0.824072672988869
33.85506389190213 50.40315601201875 1.066528662190359
41.69431030922304 53.48555180220192 1.106191986112066
53.87363273458259 2.9251983076917 0.9577493319826331
15.4935817278426 1.597825337945402 0.9434966952259494
9.875494011154164 22.95614265462204 1.184907843982577
5.355240015944112 12.89637477365154 1.09684452807562
1.033984529335976 18.97858696523057 1.084803276379572
54.42619897677852 17.8224965971068 1.079602142735517
7.921245795172288 11.68013749443001 1.245799803058874
46.37604989175501 41.77630968707442 1.01047608433983
38.26186146273364 25.53930220684935 0.9045599163991858
22.78796743265724 35.13549419731623 1.227504418273412
36.73331953526164 12.55423507632419 0.9991743342842915
5.934434843684749 46.6088135464158 0.8667625796763938
2.505188320067333 47.90801919759625 1.054272341559329
6.749036288237682 2.314684057289122 1.029533710821716
46.03997238634153 10.67346539659121 0.9722616652948044
10.55986163372167 43.46617136312005 1.154660877258189
17.17694875187098 36.4172077888703 0.9999640799194921
0.5665572143935399 6.552998643625993 0.91302558833644
37.62335884460404 2.455378885592976 0.9721893711648617
31.18915290114896 3.411326250718593 0.958796783502383
41.69287541121844 17.32419259162815 1.014492307861214
15.20788849201421 47.62731025490319 0.9219729143198685
11.7528785154004 51.26576626126923 1.051638948286634
0.2472960712608397 0.7928508751992374 1.048569537960313
56.69357745148874 4.435970990190269 1.155091874195517
12.85240138734337 0.2601346393395843 1.044024887972486
5.90998533363919 48.61232847842031 0.860993070247227
36.50129772233837 37.09913826133084 0.9718008098290226
39.75279167702086 36.71653011381465 1.058148487490375
34.41636339687573 54.96068016903507 1.195070965288423
48.67894636545281 29.2608254301645 0.982447918563902
50.78756399303096 33.30523175946681 0.9243227161610321
27.57099799419334 38.17414290419507 1.031071947397927
6.333293383630595 32.51022962551109 1.018866350436178
55.02828661214015 21.79782461132753 0.981713718543256
48.93501267346321 9.017256219413717 1.076965843641412
52.43721194911618 17.69692791891141 1.020534652773381
32.36976948770218 29.85357534599191 0.9396331659396915
31.97443526004182 7.990508847399852 0.9592189300432159
40.64178615978071 12.90128206643336 0.9219579965021225
51.07542499717112 19.86424471291911 0.932423210461941
43.72301375294244 43.05672557980601 1.006275009666165
34.73160361392964 11.48484692046645 0.9960941731812779
17.46626156171144 26.66661626085016 0.8494040557776779
24.51161426795256 21.13168783771419 0.9011934932057447
51.65504615365297 2.455750509843114 1.094905765233982
20.15267842875453 49.15469672584659 0.9401994130741251
19.94583339567568 35.81028649015831 1.02132099159959
43.14684091701491 26.84274178922304 1.088202340997573
42.13928712398712 26.78862705025292 1.105417933907201
18.53448316619475 24.72442493062672 1.188293782130786
19.87617440609083 31.99104350106374 1.042874876533203
43.47589042153018 37.85912346926477 0.986686245589926
24.27439425432793 6.977993561410342 1.127862229662239
51.2417590586663 44.89460866381163 0.9975444511691191
38.91643265584317 14.39443748742083 0.9714657385104298
50.20472397757914 31.91761189229675 1.009157990512899
36.01104432810612 36.35156486805136 0.9903588031724686
6.140191918304279 41.50437753717619 0.964923289955254
19.82056985228349 44.14160312253125 1.127964508979939
11.86602802661528 38.20000074300915 0.8678658487529968
13.34609649299928 32.25888993416861 0.9890661493535639
51.86818153963805 34.90966190160702 0.9869726777299804
2.111316435556541 46.10994057176166 1.170879878521545
3.504378032639799 2.85357590199149 0.9223096223186158
42.89001514291857 53.70910203676164 0.8296360932674953
33.0606668782703 36.53154147580803 1.161902360462206
43.05139087003255 39.20085879657457 0.9115886339644386
26.34246189256313 39.35974532335985 0.9708366425163663
44.22701374079428 38.20848994572111 0.9983864419968079
2.449697767128096 7.195077624262812 0.976314252999547
36.87253511272023 54.31787930676615 1.095562235543318
43.42781987852781 7.909010064745792 1.124009703840841
23.01160063967649 46.93219791116761 0.9552445255744374
43.64129992138655 45.53377378756822 0.9594942945163217
30.80267522707706 19.70196679965684 0.805083540299704
1.902825569688727 46.10123422327509 0.9425141342652678
22.72602679288295 28.24528748879455 0.8558044564228592
9.45377740797297 49.02072558646124 0.9996966306352717
10.52615076747078 22.92115726132 0.961144563916722
49.5065505446431 50.83794815644526 1.043960267378971
18.1163255400566 29.37908563082064 1.049334564315257
11.13007515721492 34.3745378187739 0.8610291681767064
24.51584519982145 21.89266112395221 0.9207700599465979
10.42643488497773 17.07882877536063 1.067504097228247
30.85911192086484 35.49175012181129 1.161675059260858
24.59298431854369 56.6589216653532 1.206094904585414
4.007224952805426 53.05396386517862 0.9441891225558926
45.07468942509717 20.13811293995851 0.9299050382452542
36.38215964864109 36.46293978787164 1.051163118211293
30.30088794431691 49.1756864223516 1.336870226744791
1.267795771019438 21.45671538098562 0.9642052505666245
28.41948776944517 33.28142434371701 1.133984502762049
34.71335299066889 38.84592265442289 0.9771755084781509
41.3344024020873 41.93065709477787 0.7888933890026991
26.9520696303584 45.34162735489273 1.129689395488536
1.802629715671125 26.05931035851096 1.152535950423485
56.70214476934734 38.18478936431221 1.009887921670853
10.07349950451101 35.82313806415682 0.8995349862797354
22.93719199436586 11.34129527553045 1.022844809002396
24.86077010159417 13.97729899453805 0.9962818171749571
22.8764239842428 53.28025787103933 1.164286730922202
9.162241859902741 52.46385330169641 1.089825534430334
10.91212439579522 50.49664426199004 1.141912717604976
38.83827159034008 18.37913130334538 1.134794744196592
17.42822582899976 40.6409013060112 0.9217113951041185
21.82569064378072 49.96069178169626 1.109748375688192
47.89187617036136 31.89919014829173 0.8207843087244231
43.24048545036487 29.06368326445282 1.003467180040118
32.16301164737111 10.21251367601217 0.9936753551836892
24.18981267055022 51.26032336347752 0.9999742137392635
53.30403962000462 14.44853600880529 1.011987110009094
55.067512466138 4.012342145206566 1.095521909550012
26.89407339407786 8.979636835390533 1.051669973163252
25.66771504081214 7.272056690543916 1.120784259928273
19.9881592770052 13.10615667612579 1.177902409487652
6.06684845782204 15.29430340616699 0.9452473877981917
16.71304006907765 34.85067830367511 0.9273526122308775
6.914361541585234 4.286383191722623 1.001772703165848
13.166039168912 35.29826092081995 1.02404633443506
29.55858425775477 0.614204534149824 0.9343172319765146
51.8043878748102 24.40868456960129 1.113661255666824
28.42102671480786 1.938498020609141 1.018850160760543
1.851537123253354 25.93001312200446 1.02290249810506
5.277271092998456 34.89479682543072 0.9781436033615838
55.96742470188412 25.26543037000365 0.9670775002186351
10.07928029078957 54.06780195937855 1.125146512263095
38.66415537039943 26.79232038640991 0.8539151123577484
29.74584587930974 38.8328418046389 1.02819416006192
15.07391013301625 42.91188507476443 0.8872839087703813
23.26773691422666 46.68968698321361 0.8594264788565082
19.99827960785398 18.07212476249418 1.033650240209646
10.944025050357 42.51939824108006 0.9794153529611591
53.98120228153709 12.79556217361035 0.9783279076520441
4.490930184950554 16.72668242954029 0.9834233518712451
41.10308083850103 3.458354860291982 1.047952647595677
26.82820682452443 52.0713931168762 1.179516195081571
29.1718362728934 8.49236216838116 0.9266834140510318
19.2798890831321 51.60955938259585 0.9800673420672671
42.92315831404326 34.35379921614835 0.9517462363366977
53.73787428985251 3.789181318501561 1.017107722720645
49.74394796963033 16.7361538711638 0.8992029753924723
11.77885810554906 32.80533113135273 0.9691028504474879
49.36171773698261 8.760060360543457 1.062372238351683
20.53781150306473 56.07142523865748 0.9609111454268515
53.55017837674831 5.529924302608671 0.7536709215865903
0.6013173929421778 3.347295825065717 1.128678846087225
31.8707473431112 22.46503089622829 1.074106475548991
28.50443564239164 54.59603468309903 0.9612686642332946
53.41503163493007 25.24230990570146 0.9342094049453338
53.00129907392026 53.75732190895701 1.168794113825262
56.05185318740637 45.36301678436018 1.01520665247585
49.17414585788462 20.48572666965692 0.9783635135020285
37.74456995574039 12.71195733440665 1.118659557645675
18.24188163701533 50.73261146048671 0.8168765327197082
0.6731334541333529 18.8431990299575 1.010630204423121
41.30822992618579 4.517519593479819 1.067242250007765
26.69451719694516 1.382820151924538 0.9157684254378676
23.61059283959241 36.45360050231852 1.050136825579262
5.177048404317837 22.66244600045609 0.8555692093911131
10.31519246628284 16.99076309147792 0.9701220516183422
31.18015734347522 48.05976242202323 1.10910594740347
25.35451070142654 47.9446020628999 1.005901071484945
44.46992068573363 26.02764415555989 1.059369904548128
1.571524926261755 51.09603101904319 0.9148692635867175
46.06734753822319 28.26604212320691 1.100980177166752
38.23895957751151 49.90625770758198 0.991048967646683
51.82177681607277 21.69126100590977 0.9612015265033905
17.19746330762164 51.41000812240411 1.192497746416098
42.9522418598422 48.37762065109686 0.9050436267722359
42.11492987634378 10.8242811927685 1.103270910523476
6.599564322083985 29.58485053553472 0.8527278394549901
14.13467845373539 38.42345027459015 1.101547362146648
10.48339640744189 3.202025965415885 1.04916357411402
0.4199535844009153 28.38662329660105 1.119771025455716
29.06074501483736 52.24173040047368 1.01003882646596
13.67410000305348 51.22274578419642 1.114810664919017
36.88976185158349 54.76891565917475 1.050217395295345
49.17892375503617 6.136466332774827 0.9836794891630927
45.4648457837593 34.64869424637812 1.077098189222268
45.47297543914662 28.39099294058559 0.7513103380793396
3.164626169095107 25.32490076093231 0.9245275103741646
6.748351008979767 55.26175476296886 1.109686782262531
20.50133061478908 16.43784340677682 0.9271316534523535
56.88568632625308 32.11350190644781 1.19956541584394
55.03980497319242 13.55978630276387 1.24980727532195
11.32870196193862 46.52047216357685 0.9159319605092477
32.01679193089566 3.507625690432091 0.9766949437777572
38.15631996335291 17.44836711485328 1.070211196550979
51.06141337475805 26.62929537595683 1.019428301905121
14.52534416668366 1.702547145868906 1.089038741442285
31.87947312084933 35.02667480801543 1.11617579844261
45.67566914189405 13.73272129322063 0.8417123978266448
40.74743138800721 27.71128674583104 1.132044462622954
2.824788625736157 36.42560199528262 1.107586919741802
54.19290401702416 29.16103628983769 0.9299752336683078
18.68150842687185 46.37196072441152 0.9504220160200882
12.02923164285218 14.33844692322353 0.9187276377050517
19.81484698216191 20.626174066973 1.010865457355481
1.141051304592309 14.76904311905105 1.01056695792025
50.6930702792914 34.61198084410838 0.7961008673285198
8.226841007930618 39.36873939464276 1.009663047284062
32.60739008365543 12.90481473966726 0.8553488823866462
9.156101128159138 29.8002940741369 0.9374344700135671
38.32190002655699 3.747359456376806 1.170134412175482
12.8832306460865 50.35113169595186 0.9004613672185988
43.53668327561425 49.87262044421985 0.8201312081426122
26.65184084589213 6.351530231233467 0.9917088391817139
21.12057335028452 10.74268693604632 0.8241040493594617
43.45928762176041 37.59216364174716 1.11074893075758
15.20414445931285 48.09289351622243 1.145483829566829
19.52109726915187 6.548846570099167 1.019747995108336
36.27934572951838 15.67455599581569 1.207450258394112
42.50593814929292 45.43544685767751 0.9913657381584455
11.9467167793525 26.79675009650958 1.15790087432431
31.31914863517468 24.829947425439 1.09922043708223
47.56677648404929 6.68456501499031 0.9603586412330329
42.27757543245217 17.21861730339873 1.049929307886918
9.519056853148648 31.47079707564357 1.145740946507141
14.74883223825546 49.38510936144046 1.013611330038096
40.47800285112019 31.14425221930456 0.841899523674589
36.50182326766747 23.54516876328046 0.9845035140086517
39.21972475909615 46.25131377822315 0.9698392337068347
4.216615828320671 27.69457480250605 0.8850623072347339
54.49132489901563 48.14225156565302 0.8912092248946351
40.99328003311217 17.63920663839169 1.04933764279484
24.32377167992469 25.82478198633752 1.194238497051755
48.77867382056018 37.35986695269116 1.212088085686545
14.51653554919946 34.1202087565885 0.9002556150503102
11.26098029700153 29.26536781399761 0.7406616586205409
2.218344485023219 9.983320916063768 0.9078864038754795
54.02838749300147 38.72016777923339 0.9769447954008036
54.50133674987654 15.74821441189768 1.004181341257023
47.02507684706946 1.717952551654518 0.9487717186055079
17.88128515932769 40.93411411341937 1.035354690887448
54.99043131665812 1.874565165897163 0.86892056538539
7.362419830338293 25.21329547707611 1.248501878491082
6.256959357884228 31.96357173377814 0.9741290997080563
9.083780463823947 16.26445902197829 0.9213258578762022
50.03886272108129 35.58909855531021 1.060387075738051
45.57241947137398 36.1769817355913 1.02706704800513
33.9773749853379 22.1009091507182 1.0786703141325
37.84912356261589 26.97582165150709 1.223191371145911
33.19666428686896 24.29191277701963 1.097156660263258
8.226026890438995 31.81443271917032 1.02291006095644
52.9525146386365 9.799347642250055 1.010211737305024
35.69644007398581 20.71449039350939 0.8256336969085937
54.60043177222853 41.95339943187004 1.002005128259794
37.19394547082202 28.00033922493473 1.106673679783707
51.02426974197117 17.14469027525964 1.008132374566931
44.12051195330942 35.67571519393275 0.9372702536677048
56.16530608160668 20.94451335582161 0.8800221625084471
52.75894607499193 25.70617925222319 1.007125602581822
17.19068058775304 9.111016638163019 1.088500603309703
37.84052006706619 25.50356915895993 1.004848697912452
55.29765773718136 43.56741437947723 0.7926209646880802
42.33317141296956 13.61635284340771 1.032301946256627
18.18299093851028 36.35613565256639 1.037652836556365
15.52162668459193 9.835525784564915 0.9012753769638699
11.43737640159083 2.642138611358655 0.9396101194905987
23.58665196718027 18.26490559208435 1.057400043750696
17.9940154021578 19.3455980156295 1.06324673187483
28.45661465379252 42.06440036514048 1.146378467538017
31.07181662510699 1.282121685464923 0.8776472024626415
26.78569084442486 36.0558053688406 1.068289320799049
55.47975107165042 0.05110254141087762 1.017385864264979
13.66745538481858 14.40482348408775 1.034907263238588
20.16905811064367 56.20716881947926 0.9895156774527838
35.77115194302571 28.30338655146928 0.8308869433888779
37.36105874616702 47.20852837115923 0.7681914966250271
0.8112108012713543 54.5321771300082 1.215737515150444
44.13720531674903 18.80522622997185 1.044996718201772
53.98992221988269 45.33438979943022 0.7995000769249052
16.17269049965436 28.06173884498968 0.8831281011772438
32.98664350015421 38.4538265557279 1.110846372680684
16.45330487073088 29.20847604573168 1.067517937902873
43.61329952981942 42.43580712444885 0.7403340490501793
29.32792907502871 56.39505939669677 0.9431349718643501
27.69844594816605 50.32239883221798 0.956687915169963
55.30760936267097 1.643971084451289 0.8749096968821746
37.44019398160288 14.91396858725416 0.8937055201714019
4.38831313298471 53.61288450779993 1.046461874248931
50.54372263911353 25.94978294286401 1.029885524948888
10.40702692065715 26.53036611272505 0.990697100232475
55.73884215845673 29.6703584858544 0.8803065123131055
56.98109207348018 42.35214166173346 1.011512443931951
41.74720103188753 28.06750566981151 0.8094045216322181
37.40810211347793 12.44564695351089 1.159377737330645
14.08961806450487 40.58460300582676 0.8429550653948188
34.83453164009123 13.26576627896436 0.6898731187330271
10.67254659471686 33.70800277204626 1.22234581563813
23.96958528923317 53.64825405350339 0.7860445973040926
22.59803696982471 38.11985433712595 0.9846705604130652
44.04367401452906 30.00164644187393 1.045486356144343
2.672004927728327 7.961278148908764 0.9346493605600562
28.13465778163386 17.77817051148888 0.8692737160834256
45.84567618130039 17.67840138435289 1.073408776171254
25.32750576703227 10.23558063024449 1.019220812145273
50.82018363607125 31.22864447405033 1.043828857691684
52.6828901105015 40.7366904624443 0.713576888173036
11.09339124387754 37.6597690762299 0.876110272706173
1.710582468523915 35.06297653311071 1.043395704905994
52.57628443491472 56.90606007301531 1.272948406519652
10.54326419557597 39.61995842290109 0.7778640876045038
25.40247454280149 32.57971144261757 1.031343719060822
26.4847284729987 53.53713232443535 1.055346094721384
24.43342910168386 34.74649685190361 0.9013356760960737
49.43913876565133 20.82754193564297 1.11390062980509
52.0561864096933 12.84651074085688 0.9125149033442059
26.99601283762418 22.04340886466364 1.136892621552499
2.703177940893536 39.55967295894384 1.133462047469711
16.15238058806974 37.01120104408413 0.9314518941135722
36.91726111709944 22.52634701296983 0.9324917552651335
51.34862341934285 9.824967605445984 0.9007614549962565
42.40467904806355 10.53452575697309 1.142351990686417
16.2882302334943 35.7625609756273 0.9494648463140519
17.96611908449145 41.72298260253061 0.7971476793172615
3.453718170269261 10.40525785014278 0.9713374796547091
53.66458025186536 0.6067109213241892 0.9165523174324166
33.4638495945669 23.66059306294685 0.8399733183841247
4.749997117905876 25.35329775342406 0.9340147348107205
53.87261299084528 20.90237770597561 1.174229323324874
31.38204279466627 26.97966609521754 1.052224736210333
52.10672749351092 15.43184010518335 1.056633916319939
25.96636586215644 6.018994237770789 1.114574740674245
16.27396749065908 43.25591936300319 1.232142743653155
27.9789019655338 35.17993372640569 1.130475824887425
44.64534442529331 33.52942650370738 1.146364400550092
7.970517687020133 56.7862572375621 1.219330785638179
46.57406218004137 12.72051480492601 1.169112733522107
33.62289251090162 30.50405376195165 0.9619785645090694
52.30237095258309 9.253935186776303 0.9722334568490572
36.23360128199383 10.89254111698481 0.8055564674395949
42.11625385243271 25.96436528627033 0.9604035281162988
31.98335952404112 7.677915096132977 1.04524940540254
54.33853907759233 6.709575080177549 0.9567409313963197
41.88950880658324 29.56334609657682 1.182384759872521
1.846867493748138 40.68678136015627 1.074365069067043
15.9479034817535 21.84378843421293 0.8546415854438166
35.76926215634181 5.521965661794862 0.9266263355019533
48.96864083268151 11.18719575004056 1.018094296436889
34.41287085619423 44.2710117587219 1.094067803917288
13.95542547942858 56.67473224535339 0.9650633146854218
4.091225596652937 56.07167933186129 1.088734260277833
10.15429901990774 0.6224570291221407 0.9894203695952033
3.173088324802503 7.49283807095738 1.032672804934764
32.81027908754082 49.22154094242563 0.9583139573822518
17.65443609266283 34.65714658128896 1.161110710255783
13.64015147352598 48.85622578433539 1.234576189339035
53.37149530061124 49.40941362986779 1.006256458154625
53.31823075065307 46.34683225226907 1.066469299187895
42.12299428979075 30.73110158030461 0.9056927547781523
23.92978605997273 47.57326949041955 1.021043442747099
5.238857471960996 28.02101165662567 1.019027129539478
23.51618488529519 56.79924781564588 1.145186217023978
31.50041203270685 26.6892732100977 1.041894329333594
14.78036320618371 40.10236494760139 0.9140095678269751
31.05398508443217 32.43479929884654 0.9190514709065779
6.962506138702159 31.39966300241634 0.9596323172073395
55.81853311826406 3.334001412770712 1.076571983396293
34.2697999525209 20.12730732985181 0.9854558321000045
42.543556763578 19.39279421576894 0.9658410556224377
24.95691946891924 17.78819497012915 1.081783105435012
9.734670211903131 30.19577694088024 0.92185359988842
17.40658809263566 53.79502792833141 1.037299987766829
46.57331763094911 48.46057317706783 0.880204777317933
55.4228805375392 36.19233333933742 1.004130443905823
38.73249210917042 54.24141362926057 0.9335005568855167
50.4381381671122 16.79613467808633 1.031937945215156
25.66887604476366 35.9816949041475 0.8432525288844552
55.14309565217378 4.145848362774518 1.134320566049897
37.31547995159192 7.877765837534222 0.8982251370147744
7.257384845175494 38.41535722157702 1.250295649184976
38.45007809039674 6.436251641919954 0.8940278876357868
12.90720429872498 34.39608926484179 0.8481950427380347
17.25977068779048 2.4805219031314 1.145920163903353
9.813351036428172 24.27954292636343 0.9785589285545001
25.68193122776315 48.54584314559858 0.8891735835739099
54.08741186051044 14.95909469619351 0.9618828842698605
25.00440065795761 22.75628790527409 1.068437978785505
8.339177914587397 22.5990527852434 1.045828076450202
56.96165109004902 42.68080321824215 1.104864875186889
13.65528755060178 41.08566155893992 0.7240988885448556
50.63856021344595 26.56249187586945 0.888250200235053
29.04301377900085 44.33841323914864 0.9363959557225002
0.3879287631194707 38.85636481542902 0.9775403564794221
30.40220796102761 33.13891269459339 0.8439741391051699
34.2781259442112 27.48961979499535 1.03797863879811
6.475856127439 35.52948056046361 1.061000986603668
34.12268221710002 14.8150340420264 1.0062214168729
0.4958372337258594 49.85227270929715 0.9695058843934777
41.30336921583087 24.59199764700234 1.049768101769328
8.677659205942255 16.66465032364458 0.9897037061678284
24.5211486157594 27.15941000318127 1.07858294338619
14.49782321578722 27.95090996145779 0.9970621920571264
35.42052721018928 26.11577938129929 1.006463633187246
36.31235496621223 50.35269946667957 0.9393903704356044
33.58142247217774 29.55826263993898 1.163693939203993
8.087743173859893 12.51417862182212 1.097609154744318
54.87231266818583 9.216276519566904 1.005314004297315
22.96014754891402 25.09463931251999 0.9415221496153479
28.86053785814929 31.63780675485628 1.020169012899525
1.797216758037553 12.32227083450289 1.010747936398555
49.94584886866894 16.29503997382477 0.9976524488660239
42.41081935512405 37.29395074830109 1.206835300834628
37.18911122353241 44.66551143101673 0.9281749056786628
38.01821087115361 45.17426909048775 0.8987911437461709
46.05972882968361 16.40970727587571 1.071421350777172
28.92388589769783 26.10386035829031 0.9992524321075644
6.363748496567713 18.52239777358361 0.8758953031779663
49.42427889184295 47.43215780911602 0.9750897019519659
33.52693703795175 21.28481672344953 0.8274212538343072
17.66650317081553 23.86718132200985 0.8913538204676317
30.60849748207652 10.61235203948447 0.8883654701919345
38.97872811834269 25.57304065095868 1.089059921900754
51.17562902633829 19.1678393153324 0.963418516474943
35.66930550507703 51.25676292658633 0.9754399926211119
50.94274470859335 24.72903430821795 0.9529322217815916
21.87650628521876 39.59035607361717 0.8673058131175064
48.27815275698814 28.24025480832917 1.090559919047716
6.182320773220771 13.19948951862729 1.033584634697531
14.82184940940787 28.25228533719307 1.232585176043502
52.11946665920292 5.094213648277434 1.174115329002538
43.10070464625056 35.28168795503755 0.9243324589097306
3.854728579453532 13.15152092611022 0.7893139401085677
44.24727205338295 17.09328063488625 0.8923669863264638
11.35004353492988 12.86274125280918 0.8153239077208824
47.64561184013524 22.01651371084922 0.8558315241086505
4.606869757923703 26.31518638195246 1.058983674167957
40.76237293368316 5.719623578581784 0.9135654902400323
56.2566563176255 48.24767014582067 1.145381708537556
33.63441495952868 14.07850570049067 0.9001280662644433
46.56685830725677 14.61942211567397 0.9558951112412547
13.21434477400703 32.66756292696463 1.019490022491721
0.7469956384724917 53.75583865016505 1.113030178684602
45.34175765297457 44.99426771839813 0.9428840472629537
10.91084522377273 25.19916279343849 0.9605994289850236
20.12449544999958 1.55645706390797 1.036757898247123
24.47671545691635 54.84094812294512 0.9772708665764104
0.5421698407932044 9.542064802973561 0.9215637130070614
3.030419569476703 3.444190139623447 0.8603039527602547
34.90911254748195 16.24476437002642 0.977221821408092
48.43500109689077 36.85874873160326 1.251359161157777
24.56606124181583 36.77675872332266 1.205689003195794
44.03851292051306 35.76386164723144 0.9243438466394369
6.614343293762926 7.163008343969941 1.051183325864309
5.324537418933835 51.39889390040138 1.017822854084546
48.65256606026207 29.80125287585019 0.8958876138399052
48.99356203293128 40.13305262761799 1.062772787981037
5.426003951312045 5.870893838755271 1.053015322347883
24.70118791735786 45.42683707150949 0.8965511137205556
9.142078145473301 16.13618898770595 1.232198275799528
52.9129477110286 50.13860220002876 0.8566894268983056
15.12331986107087 39.95146063154166 0.7367622593428833
47.1144689755116 9.222782531856923 1.015666724282988
18.56768295288444 52.43900642098813 1.083895513125017
2.414984861116384 7.583576949119371 0.9887741964044893
6.377233910084345 51.40854689404767 0.9515139357881861
0.2794407062602419 51.13937258307793 1.055803558070586
20.25966140872783 9.594524711181654 1.154313572565267
55.02136178269114 41.61330628237376 1.03722860158289
4.097038287248946 23.30694753271851 1.073867004027704
39.9614466298192 45.3480135269221 0.8199255095820337
55.18242868556754 30.07591557878811 0.958045230992869
26.97036059851309 50.75518127007186 0.9954137825579993
54.05399089355673 29.38534545962948 1.117701604978325
15.23446263849477 24.07333303339469 0.9730524944354462
43.19476032592112 35.4941240737653 0.8109722486536599
23.4549733733083 31.68921950072479 1.099335710803801
3.279294692109942 27.55201168709994 0.9888983924700345
27.56199768537748 14.4417167131052 1.04263501618235
55.04550586596388 10.52344428865399 0.936277304292475
1.55299873675825 39.94840670886841 0.9489778642004907
2.869463084204804 55.60698963031498 1.011284199303852
53.26360904623922 17.27267704590814 0.9608529128393297
3.200977475941636 39.45836934561765 1.023198126755146
1.124357781896534 19.22177446643904 1.067266747605508
11.55805472124277 4.403652474006476 0.9553586357583538
26.0043928357793 17.33578381237378 1.043057969601004
23.99593846779128 24.04989867520048 0.6585426326854441
20.27783317364651 11.45858796846987 0.8723722266109986
27.14619500662489 33.25587928400183 1.00625073479909
16.20428596632755 23.44233289335032 0.7512452565059703
27.30618337369812 28.53803810828274 1.276123292361651
7.665682550829687 23.91416318990018 0.7222259557925743
46.61707480047694 10.86666002677132 1.034509723214604
47.73549527383199 7.496890290871677 0.9450000284929801
4.605650360046723 2.29354999507477 1.01614165152273
11.84777174976085 37.90493562720015 0.9882889312606866
11.71522032595948 35.84371021755212 1.028255074624685
5.629378925370695 25.23266744950445 0.9399274447867737
51.03303639545712 32.77557393199558 0.974687277762064
38.04823907141026 31.78095102253414 0.9437277119135631
46.23087078157387 8.69879321507122 1.103995352529027
7.763213332632191 38.98548894048924 1.019230294296826
36.12629947118754 55.49870863300688 1.064338910919446
0.7922586015389573 1.382921996239071 1.094585631191187
35.11138631827728 12.64003035129981 1.102589023707344
48.48374056885193 44.24269189929715 1.06038847250702
29.40105507122402 54.11311949422262 0.9518068355339314
29.88869339967551 13.96390602922249 0.8475538722094236
38.03999764474109 34.36346107505423 0.7857968521366432
9.14441207104568 20.8876094575448 1.071844493402628
27.78702993122257 13.26976084814861 0.95788791436396
7.012184425728481 25.54737612258055 0.9820212745324978
42.38547525014052 43.13848389691603 1.169408659341371
26.8704337016076 24.83834333058369 0.77596068386654
33.25077647774051 4.981819993342189 0.8608562370033542
51.80842666412165 28.96211422419274 1.096385265985048
2.78132597393418 24.20948170880297 0.8125992626002326
47.64357314894142 55.96392711809088 0.9656881226290606
29.22059135195827 28.68357076713982 0.9229487492581174
47.77180748329116 42.47180026419079 1.015106253581604
24.76493951201669 18.55883738797104 0.9088695040901059
11.09647839800291 7.344298947762837 0.9737934594650842
48.89222940844122 35.14256312704764 0.8782075870184727
2.980906431088646 15.46292988046209 1.13398519796193
23.74448310339101 40.45928011297215 0.7843134813784788
12.42139431062219 33.78288998211868 1.054242357539634
42.76239144977293 38.49662802903756 1.027985293160336
37.46055514712844 21.26016663027004 1.117164734445016
5.08953533931148 13.78794328718816 1.08369071172351
56.25974355137895 49.90243622330131 0.9884484899836672
14.42018018403099 55.00130466371836 1.164791281223404
3.755050148700853 46.54801689672657 1.145393117313468
43.72330282941614 52.64727958368476 0.8340012617544357
14.4099426406482 27.67148642832017 0.7534224520433523
41.39838613914251 38.1544257440392 0.9311603181494902
56.70733548500917 23.55216082537182 0.9087261105328867
49.18284007636031 42.46972690823941 1.026949675214627
18.87569148041107 42.50934400153781 0.9503236998522282
5.482581984942119 23.96522681972255 1.0024852518287
19.8265696157825 55.55703084010493 1.032585233772245
23.52251486644266 34.24674979981349 0.9801674476865323
26.28451271647798 10.37060782377171 1.039481045953859
43.8841366343592 10.68289882907779 1.131056438820854
21.56706397448064 18.26568899967972 0.9839460123680442
33.7020959345168 26.61585282889002 0.9507923698847853
19.54301420810773 11.42248406606842 0.9607505018335746
38.59076500897797 39.36958382389023 0.9296526114290293
7.087333214044261 30.24208727862783 0.961935197115778
6.851235956349986 55.60940347593716 0.930460607740797
14.82205365543349 56.87565647944606 1.005660865252922
13.18250893670251 1.706190289792693 0.9791678204544343
54.90709325806568 29.6420074653076 1.070597301265424
47.90401021572948 0.3951975858747948 0.9295834876968061
8.36588392516872 44.7628090883432 0.9909315503404205
14.45169108568304 46.95664896068939 0.7130810719856158
52.06992883611002 43.74872650939447 0.9035605252510379
30.96905632222493 2.157262023611582 1.112020539414888
0.7666654730060443 47.58195752444768 0.8616711566407457
40.63219339150572 15.58871915498223 1.038609735628108
38.3041602705159 35.56466677578383 1.01361872597279
27.10416382882007 29.20817045970269 1.076406679711593
32.23737747931731 44.32574831337004 1.023924800909958
40.08676779739874 46.68906856500035 0.8679410870996512
14.12027450377134 29.35232605708406 1.041771446115094
53.96788719248394 45.08933082599627 0.8260524556059169
25.9096230780285 32.27625358024438 1.036001629512904
4.540658451868528 9.541816469534215 1.229201653010509
5.340919993976559 6.48004528110849 0.8526894051777157
12.23668203513915 32.44508382279663 1.114498887539785
27.76904253185216 10.9255931935858 1.041786143013556
35.52229471016782 10.85581030270821 0.8500078558267016
42.15701801476861 18.04285815173893 0.9190925633461763
2.824267061811065 16.66660609546425 1.021219910515709
48.94285970225132 36.54221758411369 1.317682320884913
38.27570663591647 39.80783241093523 1.160571278389396
47.96771459093677 27.55493175497043 1.030263361392935
52.51098906412301 16.14359960152935 0.8282106502769042
33.2969928543535 1.311860596906329 0.9161296019974687
7.660175419719971 4.066035359662974 1.075601196901843
14.92184566237118 12.85211554907827 0.9162628670104804
55.98716211411504 35.99681664816887 1.197498960127669
54.03967482645049 30.41131889978951 0.9857399755118565
0.810786197805212 29.04123390561027 1.051188518740865
32.56147828444907 40.12394150305723 0.914478162099436
28.05314108266176 23.52919284884315 0.9613787042875407
39.6727924503725 14.90582021926801 0.860556492852725
24.41603915179895 5.296437306467648 0.9690261643684528
6.608297929916669 39.02962468845286 1.003198544365747
4.779067365815429 18.84575174695149 0.7828874747472618
31.69786729602975 24.19925690591301 0.9188727877030511
55.69772970289817 2.284919107465501 0.8702063128874187
24.77863838187356 34.84144704688408 1.028153183444883
1.907869079573019 33.36208987159752 1.103806723367882
16.48603134811205 46.31550377854868 0.821967877095912
0.9985402128652391 27.16490457959701 1.081592659094863
42.07072479886502 37.29567302404701 0.8952861413238561
45.96776999624808 16.44017404105522 1.063468752862392
55.46979875605079 42.7877723694722 1.025066620088018
14.42181964657354 23.68189354784875 0.9765392067842055
1.942291051122496 10.28667974764792 0.875693526565844
1.064547777205961 20.20465374700942 0.9247985121530838
9.520157499015404 45.75456732453525 1.111647678837891
44.71548370491503 22.39979137126346 1.303503444770769
2.695464368767787 18.39366995747838 1.218482333911214
46.22638254483527 40.70416939896725 1.085072882065915
26.49194174189677 28.39155750367397 0.9236776091393906
11.37807482219212 31.98062713955558 0.9913903864776237
36.16704221356988 8.915850469803368 0.9963945828721571
1.483812737969594 36.09086176384746 0.8654181305724979
3.793319695998598 34.95898557824967 1.032615383740151
20.14930315369242 4.857867473204559 0.8896599031497918
53.65989758989769 10.1239303034376 0.9677106058350583
30.08358819553796 26.08579755112799 1.071205522296251
44.47946750860636 29.13652135205293 1.189870275251644
16.483221963273 1.449205339164103 1.111951612442125
29.84076284283807 28.21077742204572 0.9097645606369409
17.95579084472535 47.35200726257265 1.070559741974792
56.26785773237602 31.95381543596918 1.005424961468712
33.21369482214269 32.28455223296049 1.090957490465555
10.24353778466747 4.965741969163409 1.142380133056626
41.86488199134585 8.407177083383862 0.9505009067377099
16.09097390765835 9.530969797880841 0.9635544481701663
17.39725891984872 46.174562129739 0.8458691700860383
29.44391905257661 38.43683665731775 0.8132783774644103
24.5454401702366 46.27662167897291 1.062935499167762
17.48739907447593 42.36779118067017 0.9900611032322891
44.73821024910463 47.95740179901821 1.114244669465994
22.91121720844471 15.70431903456539 1.080976056270691
19.29062018789845 7.72765605045839 1.003780791679247
12.6933980196218 37.57621551750983 1.088514531500858
37.94133505594979 25.56447025414764 0.9140860902846857
43.20687109334715 13.71220737449462 1.0243682639349
5.554200727750641 8.160485760849195 1.135126251058689
46.59732241816694 4.353882349261028 1.172771306276801
24.27474145930016 14.00932272756906 1.19699112998047
33.4843635663783 55.63075954123901 1.080172974578165
54.57205718177001 52.77498375427675 0.7864105182644
30.85960619890113 6.250476729707083 0.9278661808125912
44.61628386546685 18.70915030627938 0.9846944890260716
23.95595333350634 46.48965678666237 0.9333199828357205
36.42393129198995 29.51015408779967 1.037930854455668
20.5862558468181 31.78301532742708 0.9494373150371328
1.256787666704873 22.32634118261111 1.044491044667354
39.50163972214872 45.28900033388706 0.9642280304137204
47.8954576821511 37.07369687737604 0.8625329911826977
16.30568680553962 4.216693731125767 1.0133470983436
15.62360249162819 3.921970644463771 0.8152426183672778
26.6336945619591 46.88179739745417 0.8926508102046424
8.396044971605784 6.057625827406359 0.9178743068136327
22.28999929842074 26.90022532683808 0.9666869579595417
50.29365245825316 42.87625514523883 0.9528377003320476
52.18434169990213 20.0072330953587 0.9068040123009761
10.49309462983771 34.68598139550815 1.066718468467434
55.64242553275191 45.11676580510883 0.9560535155467471
1.733343226245299 14.94811231174884 0.9550650503968231
18.87008298275531 15.25930357363974 1.08401201597143
36.26333390281691 45.50377754471441 1.007286012918473
51.56140337212076 24.53305242980507 0.9894678352795295
50.70556639354004 16.85140264399881 1.021053423585114
2.727657789237638 53.1165184109083 1.031151506202229
38.54965892366583 10.93025411708758 1.060836126400479
30.93748721244628 24.83800950312894 0.8354718284771654
11.41998196599073 39.23372064169204 0.7684211880610299
31.59393813255892 24.86898729478428 0.7731021452907019
14.29642599089836 33.32728135880422 0.9253028849074528
50.68422707667771 1.68718258928842 1.038653418747693
21.8891891007727 29.94756095295193 0.9888396383815571
17.60693982737462 41.7523634795809 1.141931322704135
51.56334250167168 11.31250619437197 1.087600558284926
15.26167800336223 56.45805354251436 1.142622149551795
13.59538448722818 46.1991652423512 0.8195268604293151
28.43288585750055 50.52262483421836 0.7822733178325685
51.19502666555113 3.026823963516776 0.9037848740218943
36.354105322321 1.208711735535744 0.9513917829988356
15.12133813049707 30.03833237245601 1.01623759713803
2.98589332540794 50.08685445882699 0.9511488369950225
7.040817276593678 20.59283315278256 0.9623586539592864
31.90533934715453 36.44298400890221 1.008871881044831
47.60078003658018 30.2170643402343 1.063359697961541
10.07844823043721 56.03608592508179 1.184555715895627
32.17197222177496 23.67383271766539 0.9506113999858501
49.99066007509393 42.88422580989275 1.084273819120556
19.69496096190762 11.38227217755386 0.9369421226045905
29.08739865668463 15.48687823791377 0.9472088796898754
46.50754380156637 32.07329198209256 1.006947038769049
55.15252085642541 27.57146445548696 1.011257531317215
22.85593459096548 45.75330089300559 0.8697430357819583
5.666428384681431 53.63919176749847 0.9480481235709796
34.54080971728117 50.90167955211442 0.9923678846820551
10.56981652396257 46.09788708346797 1.082733888695715
12.11423464497283 30.26477748587019 0.828093344272869
15.98692962852629 1.401242426783425 1.009067759353842
28.55802141202522 5.494473403549973 1.195418095215335
2.042834455167332 29.14065954375112 1.112620682484277
23.54470466428656 0.1953553115927406 1.024536615050279
52.59908967819023 3.162294473108973 0.9697740826575882
15.13844834693635 6.1689061756101 0.992593954079408
36.43368366148029 49.74034081759878 1.123265264726058
33.74259607668156 8.747527431579087 1.04193529956841
55.22399910875782 43.6233042672385 0.8688877027988235
14.50125945941604 0.2668335639251552 1.100708316665567
0.4621888755178958 15.476087783685 0.8656369594445736
27.44660337895462 46.41084508011622 0.9291876945385743
56.82672080389537 27.34437032013404 0.8234313782020957
25.1749952464248 6.881788268630294 0.9034130517733604
10.04408276828196 31.39125817892666 0.8468894998667675
26.94299107368244 2.304264298316214 1.023916681742752
15.12420214019911 0.8560890545398412 1.081769517404283
28.11606295272525 25.27297199856163 0.9205506378024769
11.89627626580013 49.72685391769132 1.24738867446798
26.60689559886553 27.66024005024705 0.8198612838869577
43.13632783393204 1.219421420348539 1.286126271331665
16.47992952795696 2.113068359490982 0.811845839333919
29.45743870616771 49.87200178712234 0.9413164502103258
23.18843860048262 45.71024851161533 1.051873695284166
20.10150666399929 40.58907773233442 0.8371845968763926
35.53678569362349 21.74544783483513 1.016114772066164
0.131985082352527 5.089954581153558 1.142967574396523
31.43747986407833 28.24804803507777 0.8599488369570657
54.58811007001815 42.25920284551531 1.013850722684259
2.389928186959553 24.19500566888368 1.047242674469779
51.2640901432671 56.05577072969441 0.8421386995785169
34.3821676752447 10.74401967122407 1.281899493114451
51.95117597652188 50.23910860355902 0.8078494764977391
19.33652628042573 8.597262608631171 1.209806313077111
49.18634034096559 5.008415639404401 0.9610931107821252
4.183480779260155 39.15209275537734 0.9259686271394174
44.2420473365309 10.02728625993584 1.021702634409358
32.56351389669045 17.60497391624608 1.043601432663948
2.864176735218697 22.08028876924901 0.7674331998295401
54.34662963559229 15.78361963098106 1.052896027026615
2.354739396998072 16.00822944986086 0.8248347938301368
34.70437686224672 29.40540940007447 1.00938561393202
22.64451800363349 8.971033499097002 1.147291826085504
38.25281542085708 49.11614797595709 1.012689383798563
54.12456361536149 52.59254727586757 1.1302802972002
12.59124846411461 32.714370011219 1.047874507485082
17.43826971689159 5.432016826901592 1.171675095034687
5.623150974336617 20.30244645211028 0.9273233294178176
36.08606610963403 25.75534059375308 0.9971883382726544
51.58050033570291 50.92545647030951 1.049319721555074
26.34064913277545 56.56819313884163 0.8792755322825159
8.740472887987492 48.98516713640893 1.032167481406832
41.10131508582333 56.94829310800335 0.9652799547532698
20.43244401758185 38.22587867464213 1.015900296338192
13.94024868586112 52.44885346826578 1.084500987899698
32.85698830888467 56.68190498355865 1.113820794238651
5.113921783917547 33.54353145023041 0.9969730684302074
13.59770445134384 32.62622740661084 1.098640881275621
1.381567973821223 31.09381236931952 1.037313478195828
43.60922700474468 2.762111240421474 1.079044248826129
38.84703134272575 54.36970123479595 0.9985135226487789
53.11110601067129 47.58750425725594 1.049053869126838
4.598625703527883 1.01323655713966 1.227712801295367
11.68206210512764 0.1394660343134152 0.8749620075042045
52.5883195025792 9.893917347720786 1.240584178707912
25.30421574800472 23.50869997847299 1.005657479480574
0.05223140216070758 16.78687979829818 0.9253466090267707
6.04436491199041 36.56554346232002 0.9900437060693038
10.65935580509685 53.07987736402074 0.9910097183640406
10.1880441527758 38.68840790711735 1.129802654650502
39.62257972621479 25.41297746003278 1.056926339423174
50.38422886858891 20.2033722657726 0.8733195973150308
55.12232060643021 55.25353788829108 0.9485946631906005
36.1735337866347 50.71064010900941 0.8947736609710206
34.89588704001898 17.27157146310041 0.930839771810515
28.12351035472169 40.94025197855208 1.017750809034675
48.36618489090641 7.496470703974586 1.049455282645103
33.67403807801848 1.554229017139519 0.9813645628581752
50.58930451264107 25.24298772646253 1.149586818763334
15.03072453384787 33.21188423885586 0.9629131103786264
3.076349046116857 4.520128554441095 0.9245775305768158
15.88540316274641 39.24988283275155 0.9918658125315801
43.72763234084827 15.45010869784751 1.04867387282532
35.36948892863909 21.62351938086726 0.8940480046649851
5.563771332876651 29.55879508636836 1.020325142982387
44.08715999735853 53.92995622378307 0.8596465482804062
55.48418524092259 26.24014440143488 1.15516110783431
47.0580263627032 49.07348972702096 1.155737898587241
13.50370427244515 21.70063041741989 0.9699118829122146
37.66422336486365 19.90151224699873 1.122841711909863
24.42164080143982 55.21789888116433 1.108710791752927
22.99045524373206 22.65240943834764 0.8739686815509118
38.10251813619515 0.6202461289336189 0.9580660218471421
31.3416069389049 13.82419827060038 1.03734064157223
43.38299335696874 51.20040540965293 0.9049899824099775
33.83533446902192 23.43825914731168 1.050195095640229
49.67840354874656 5.019629768105052 0.8220820503944501
24.39300941042277 44.16153565010127 1.020966832876326
32.30063291140861 23.61208493710127 0.9817920941784211
14.37901376717678 12.96485624972957 0.9721118563357986
33.58764739734477 17.18016556705356 1.074215594093437
29.41397146247978 14.69016550699722 0.952385151755453
28.51436377759761 24.91365713482427 0.9794111464646487
40.66095667316623 14.89735713456634 0.8621460157973877
38.33561628187802 34.07566594987906 0.8824133849687604
49.81581082558996 31.01401980408189 0.8746906300671443
18.17555542764047 49.20367635609753 1.117586457332512
9.887203559226917 50.47618833904908 0.9394074014258624
6.441044588778654 2.329358424213416 0.8184670671498624
20.9777267854557 3.14647324948873 0.9152128796995742
22.84235715393087 46.85224378055532 0.8974208004156634
33.08730071926829 52.25632861641065 1.005302086570882
18.80136955007974 39.67286369096156 1.03201180103833
47.95413019971649 37.91543206801425 1.000457296156976
14.99109799135062 49.98496563219697 0.9835952582655539
3.303766232591014 54.08639370933473 0.9518193962429254
46.29007003888957 20.08098940089391 0.8743704798924214
14.95550997273787 5.105831305545676 0.9366649886863113
7.435189729759093 8.324933486210616 1.14129523849458
24.54302781100526 20.69978613951233 1.133426847245856
10.55202989352496 0.3193693311509533 0.9698467027866305
42.64171358134677 15.0944391810775 1.031684033386679
48.15121224622764 13.00845129648617 1.05469611450606
24.32648423701827 39.10534241940144 0.9816923837933755
11.39508884791056 8.914981329308349 1.102520191104612
17.48060467582224 14.69885508050158 0.9960825819065235
36.17817674073306 52.29144505098995 0.8932467195775105
47.75537991838315 51.13368671347093 0.9265597615769823
43.42752010534868 40.07326908599272 0.9539131191446938
28.53225222580705 10.65958871723134 1.213463316944214
10.97895804838229 16.10036760573292 1.039502045178278
54.17872130040951 5.186039794788714 0.9319384868328735
27.4352759129532 12.11837442923261 0.7948814527966299
49.57611145897587 38.83036476086377 0.8777627315317916
53.52921984136534 27.03473077064135 0.9505130321662312
37.73110662574466 32.7073965555557 0.9994044458946114
26.84108326902663 22.72345215162423 0.7279127450283882
6.589073110180475 42.37132454401409 1.115166072074716
25.44459360346412 2.08817043718331 1.011004159687554
3.676181932760487 55.90324765439296 0.8951166158257965
15.0036152335832 38.35117385692484 1.096001672348877
19.84117980247418 15.75760341191553 1.224269011937569
40.83807582726612 54.1163832899725 0.9572215468857713
50.15404534952438 33.4141872596993 0.8527863683911521
43.47090339449742 32.47596786565891 1.076594253253158
41.22213187870669 24.20200999369938 1.020570866509872
29.27175985196222 2.277569621464969 1.076263671191414
20.39577220771265 2.827678063338472 1.067471567030571
13.62548480398277 2.747228672610237 1.062313127794368
27.43947494050463 33.46666460645695 1.038710758504129
14.50233550020602 2.342907885249196 0.984898058654994
51.23696560749643 7.656380849730401 1.05759336235658
21.84378195779574 22.22799853944592 1.248237291648898
5.659681470906214 6.065913809959737 0.9365669547746115
12.61422151029772 42.1185050444298 1.077598321848002
48.86749358236207 41.88598136225994 0.9251762549163868
44.71365942559841 39.69023752943158 1.073253883650174
1.103631574708797 49.62950795266288 1.112145728586871
38.71780903624268 52.28606712971165 1.065685698515241
48.59447371288876 9.157283976747321 0.8545104757856155
6.277866267728557 43.25506723637463 1.001998284393198
12.44221368266373 0.5148318486822917 0.8072910557109559
13.42730736705815 36.3582269779212 1.033243391531609
21.82114385386051 2.857315900203453 1.028222979155138
44.97582094463325 42.0687664524041 1.103190710979596
19.32134669987548 32.37189561052802 1.076165978599626
49.00878259540013 35.87738251726952 1.121643532957741
47.53960706458409 20.76151430502604 0.9973258632783625
16.68325961832109 6.045518192018158 1.120373155603139
7.389077639388423 38.5044034721816 1.015838233561937
42.65911693529185 35.26111550967261 0.9921614492696553
29.25055064738288 39.99114915122797 1.091715646284763
38.4268129153302 41.96063568674057 1.080019320502919
41.03539925303096 25.70972171971096 1.173455297696986
4.58710421043779 13.88256581261873 0.8031513349033297
53.80569612691444 50.56379252512185 0.8488432430406516
50.6464235394478 43.45227265332466 1.161782897832476
2.937970306695425 2.549257605126713 0.9228281954013331
56.42791266852427 29.70174007150425 1.124653893247829
54.13885465270786 28.67846331590715 1.078554140401411
15.99114707670694 51.11970213806243 0.8864456609918386
24.39561192150955 0.02654630319520193 1.109954016641574
33.0707281250836 24.41652804166848 0.9504451400567504
4.62113648216293 29.87642422545535 0.8754403213166591
33.69870186722777 12.96301500963188 0.9005732335235914
23.35351995302063 38.44900908342051 1.012304200252863
24.69828539420771 53.1875141436176 1.070450275877031
5.613350827998179 21.83714002037288 0.7960842647979527
4.272116281684542 40.85712450968899 0.927305097897869
12.42594213570745 28.66772820319409 1.056729414022439
19.40629887273828 16.95439893796779 1.187070553536554
56.67189400860662 24.02743535490121 0.9395393188200696
39.34861098199553 23.52952503065091 1.102167770457272
30.61522955848613 5.702130935016149 1.010724607652282
8.118845901973009 7.861110032005753 0.9058438296591675
25.38949373242887 53.98783352225453 0.9345857584371385
29.89944427874845 38.37994167738591 0.847371241881847
18.33660929805441 35.51279510674663 0.8631083590619362
36.15692618263742 10.94338205360965 0.9897604124174746
41.50034323357993 55.56322505537571 1.197698963701276
22.59066041027692 17.72860415500058 0.9906048102153581
1.824451737955423 4.939271365729753 1.056520993046831
10.6414023007459 46.23666329972291 1.183035651042154
6.618831158903815 18.76024820271891 1.009356204436491
15.74808172497343 10.77942958836417 1.068265627565533
54.15742009885489 45.64752600372188 0.9538832053140844
24.16032108392582 52.37645293696618 1.073254354491
1.696616101403076 20.97935618831746 1.000715919849084
30.22433345495925 39.02257707250425 0.9284035046987531
39.69970939573818 14.72467668853918 0.8838763249961979
55.89691393072573 3.176462485071487 1.058934571276684
28.32609454231621 0.7213656421384614 0.9578022537324161
33.16104696512271 18.75713617808983 0.9459548768744782
1.820886974605213 39.77987812402652 1.015825066816811
9.69808986815535 11.94562308767141 0.9912381982918841
41.91299210950406 1.857461107362742 0.8642696298286283
54.23391407087162 29.1362685594411 0.9925915640882474
30.05266935520464 0.09956493419574804 1.124940073755514
18.00167949870307 19.70794408149456 1.109750058077609
51.18979565808074 16.89859340288611 0.8209992343756297
17.61995904502457 31.00014047045267 0.8320225483033741
35.10011387527926 50.78100601014728 1.038032131275855
33.5608841341738 30.27466102935125 1.096005159948107
35.83966115621834 48.34908714953302 1.155760466780072
3.294710210661735 11.45311921809479 0.9820826873600318
47.39521215827913 30.73436266869975 1.133752490398896
2.870631228140849 50.57910176672931 0.9338783445255576
44.7286911368038 3.763227103167785 0.9951626254746371
44.3555324004756 14.85778404905358 1.07437511364325
46.55877722499835 38.54532803201365 0.8395737854552928
4.061218179325209 49.37633649696426 1.032534987071034
43.44332426201707 39.16133205460446 1.075404887377139
19.08233290448894 19.71822661474264 1.143525846572687
9.475261913368135 54.92199408724997 1.055517622327001
43.45974511162366 14.3620239483947 0.8712213984122872
47.46850829313905 33.85495724336009 0.9347996017427966
21.48408344596815 47.9670178452353 1.061815901079058
4.574042391764952 9.212774556229252 1.158512478847852
16.28793099116903 25.6223848981887 1.113258211088709
20.63110535434964 48.04430844310872 0.9178991590476846
40.42064494007297 24.50889292522748 1.206252091153588
6.853655561736624 26.57798742064181 0.9917110678890341
46.29621403538446 13.1847556960698 0.9198572929754441
23.85798255347553 0.3635277465747333 0.9732908613414982
14.72555169496944 39.66865303771042 1.030407807448488
44.17268488191659 2.821938285521203 1.110524463680832
56.66778304971186 53.93315058384703 0.9309647048578722
27.60497842803829 15.95571404088089 1.119912076467436
7.000022457446914 3.621104118703447 0.9638827492384796
15.92840728952009 47.42066739751989 0.7219355369849119
16.998654791619 31.83949082663259 0.9820066799237281
48.71805134402497 6.294868800460765 0.9249733000927775
6.658396547035498 37.22439129381645 1.095927184787125
25.8937615095143 21.38394824200494 0.8671634058229896
24.20588655406883 13.55663796773024 0.9259199332988661
21.72321469277293 17.99484268482534 1.072152440966899
6.514043763984946 11.4620570984958 0.8913382089936029
36.52590813419125 34.11902219202324 0.9398013778929445
25.35510594786848 34.41779359682361 0.997533980088211
5.702547681845048 41.28351323738858 1.220855655014424
7.065576062102605 41.83711578596249 0.8483516525334993
8.672035552408563 55.78362743267027 1.177490530095092
19.17432940200639 53.81371767391158 1.081858553463035
53.31986920457327 43.38021595607522 0.9389221505963219
4.375058614357868 22.16462969042576 0.8941064769189938
0.6358414476904279 10.88910237834281 1.193148761300867
45.00812457036605 4.044457901755561 1.114320229821584
39.24319317156598 13.36323049169184 1.118044038017401
54.64674372908042 6.300712466379959 1.071506927241485
21.778285579187 4.712319764640331 1.013181221620565
3.495947170767908 39.2698128653084 1.1327220233105
27.14660320670652 17.85560847439599 0.9356394033263324
1.109031260995675 56.23452340077354 1.022549233797451
0.8809941964601139 54.42890046556894 0.9155763272261872
15.47198430982976 46.98979794466393 1.069084718020891
33.41597950198501 16.10782575752019 1.073023058197702
2.250255331979252 52.54937569124129 0.8499205742828001
23.45850933783618 56.89699906105967 0.9048192034627497
32.25772924872941 45.83371922878256 0.9542039571006581
25.9608744708639 12.31792324749656 0.992179624092085
11.55244662172741 50.7819899743339 1.117029929785188
24.49880617088583 54.16718597857616 1.028529175357501
44.1569838966974 38.44931928787815 0.9416357169212083
56.07861626477847 45.03588421970414 0.9065277070209213
30.86096008860551 36.1731644185135 1.022114836650149
1.128485383060055 54.31946945298439 0.9449095498919565
42.55626434346487 40.67948227873048 1.016340924857146
52.96648995064501 4.243380365540916 0.998256268498019
50.07709959432348 17.74562274606229 1.128258220090982
40.54214244687098 42.97809537219726 0.8685408597994992
49.26177502063186 41.79342510588161 1.067087987462219
52.28512515606597 36.41875891732926 1.094579365302807
24.4546431104907 14.73472994600177 0.9782525576492257
46.71193299848211 1.377552143939562 0.8534696532627764
37.55071656245306 21.44232507396597 0.8486811234406999
17.89236251352931 16.62088001548354 0.926079310122938
0.3003622676713216 20.3873885387496 0.987963534515933
7.692007195992399 49.08511056941241 1.026865054887358
43.74720216251314 54.64626181993925 0.8627298385396597
27.2483392270507 23.50728745595891 0.9453267578100499
8.300712561840523 5.24572159827022 0.8872500356838674
55.92887313846912 31.54345695560028 1.05487762681731
24.76106839289939 9.592026539422584 1.054744572578055
9.894289051599005 5.311784928809751 0.9080063366903648
21.93266494429329 55.45525022803584 1.326830869226248
31.23527842212248 22.2330272385073 1.134636956630997
14.31813778137701 10.45424647836678 0.8753042955620844
39.69639240843076 24.14887109685171 0.9735906430603584
21.79513289024827 12.85633586386979 1.181181740483908
49.95088202690281 31.75572935899521 0.9592838599397662
37.00145095726543 31.29532322347878 1.005777472871083
32.79505151780091 36.6109139498374 0.9876219224173278
25.93230991434879 22.4399078122526 1.050420993572506
31.66526493228286 35.82659899249049 0.8962614392388855
6.613250531076105 49.68435771189833 0.9965953065898526
4.154866747164571 37.84852895319859 0.9326318465908625
19.77581457131348 29.23552273178264 0.8337052952136018
33.45175201885949 2.472206953201539 0.9795864929930579
28.91580152414544 18.17952671888262 1.053809769386055
31.91608451954838 21.86668352450555 1.072500961308626
38.57785780149412 55.91332960450711 0.7284206105533275
9.547620931895274 36.25669724739003 1.151382051169305
1.696605033099933 52.65183290310755 0.8370472749726813
14.30652981219186 29.44829780070497 0.9937820565654167
22.1326555126033 5.50631619594354 0.9777304405335232
1.768309296466554 37.05004043646624 0.7387351356839178
9.285563141706197 4.955573702210362 1.00014354460859
24.01633084752426 5.669956970340552 1.080218983713378
23.84948368922318 55.93140687743733 0.9852752810413956
17.79881586963256 16.78473974055831 1.035636712145085
46.72144674915888 44.7917992569468 0.9360396356834271
39.83042353430317 56.26906768105415 0.9226049908599279
34.74899850075552 25.74510153743676 0.9860420517422226
56.46882438169272 49.05552833949007 0.9286113882371889
6.326589999872534 14.74361797922459 0.8644123324357973
0.3760952606685903 34.8304117097661 0.8823028340992896
39.78598543851915 3.304072694528882 1.048655830054507
15.33161537271534 6.801307769865407 0.9669484086571349
55.96583880249683 11.94665610275541 0.9343657755055665
0.9521148390844999 45.68728552511301 0.9567523567448579
44.59952985197284 22.70535168037999 1.151005987431912
49.53205337493311 44.06835420712287 1.077481633510108
44.88862801105186 27.73618867608541 0.944629160183358
11.05150751073449 51.2152180109244 0.9138989030241346
29.04562972069049 21.76754850231463 1.070504257393712
21.08926117377787 11.83161513266695 1.220666406610206
18.63292290253235 24.30782623649939 0.904489354932445
18.60197560843172 24.36563754983509 0.8967121479569832
36.3122936525905 42.29496198487234 1.121339880758271
6.255099909498869 36.05074901229271 1.102928003728417
2.837700823246362 13.67703015714745 0.989021263693731
16.91680476950333 52.36975419817946 1.003538179889995
43.09520685816891 45.63401237532218 0.9690967385923416
2.413873412373417 54.14671436890341 1.108112366260407
8.574317113763801 11.89486008039436 1.074845437218845
9.661228569998046 29.66357831408436 1.198322058573713
9.084454860577571 42.35939811559366 0.848111971600102
2.040676003340947 27.6864304690093 1.056938607583509
45.25424487993784 46.03732931801925 0.9281742423531556
28.67848513400111 51.5093448159794 1.059201867278754
45.72079790510274 27.92577912701563 0.9923068156901028
11.43301562286588 5.637602648063377 0.8504614546745118
37.31528741089408 9.39074015682132 0.9523166614118056
0.812412335915683 39.72916082326749 1.03795607482005
27.62284086440822 15.11177163948853 0.93145563972631
52.55650280255661 37.28406943440627 0.9296434393962989
15.01691920124782 53.85980481415046 1.124235099362653
4.642376104668889 17.05759520458877 0.8273925303183554
3.441118327174856 12.80048013655491 0.9517109451595095
3.404741061574193 32.11960346117597 0.999959415162111
29.8755889268944 53.03062283109437 0.8802330099923654
56.41859851890178 41.30860454976028 0.9910086981384261
53.48700453689648 38.98351286350913 0.958303131556092
32.10487197437551 54.29941687281217 1.168383272968312
37.96105959497442 49.33551452464215 0.8873165612669371
53.75409811304608 33.51756237098834 1.193462976466179
52.80054038660626 44.63650316029624 1.016623731447033
38.38925282768405 0.4429164647324553 0.929365222055648
18.73596822085603 18.21506929640429 0.9525176914783808
40.25482015323584 26.04579314684765 0.939950731584001
22.07641595139933 46.12648720719222 1.071138548771007
54.43901360334782 23.74464140401438 1.02495146888462
5.728154240980817 43.94549097257922 0.9814645638563276
48.22543495997108 27.44082790121475 1.075782849712313
19.77634239931421 22.34191553264014 0.6785211160543634
5.704056899391142 49.39592635836262 1.126399856760688
1.947513724187163 41.72652783045849 1.064347148091665
51.19610448470158 16.75784195901726 0.9644431519235115
34.97291125542154 33.1165646492115 1.048789815688058
38.97786582586256 24.68079994371198 1.086484326432426
27.79892315473357 25.64790612256522 0.9163248754843063
37.6120053667631 33.52707739571439 1.00356252740508
3.967905270386443 38.18121448819582 0.8320659718691616
1.023934828594297 23.74424766970065 0.9069223475418049
8.232588987440145 53.17260352017945 0.9364600161548922
55.65510996741015 10.18010271162731 1.090099506134985
26.93794467064456 30.76087584661361 1.039663181489863
5.783287078041251 4.910855899523411 1.030164994333034
29.59165584323539 53.12441417208147 0.959889413157587
48.815434654623 43.3989429675969 0.8876098825707186
12.04684906361943 20.42240676536337 1.143059703876608
53.14143517852828 24.64024613222119 0.8701732411373659
0.01177359559190161 39.99376212013595 0.9685087075815672
19.73908418171996 8.244362583032046 0.842301932933043
18.42446529465936 17.06549696441065 1.119631334459772
11.24540852161376 45.36240996530392 0.9452728395526609
50.27326589137002 54.70381328030667 1.092202025923243
4.789848477016132 22.86492170806272 1.034003133582049
16.21964088791033 21.31071373927906 0.8727113980437237
54.06103558980908 12.36107603989592 1.057397283526317
12.47041646226794 51.77242051845995 1.056205840863035
39.6046645229704 36.32400458088331 1.022650110829363
19.31776667447657 23.85609531489019 0.9503188525950756
47.86080072813704 55.48413231479196 0.9225348567687899
15.54962925265992 53.49569798563407 1.055434966757131
54.64767598810032 6.376002037141473 1.067528615079633
4.079815290905449 18.31424206230521 0.9479282739934138
13.78586353444767 54.90804271675089 0.933099349463405
31.54667151465391 31.13916608185469 0.8333032487331111
44.36044197592905 28.6077070779203 1.051738308438507
17.92858970674155 55.97065861056124 1.161301670107242
28.08382233934655 0.5332542031692593 1.120159423160547
40.14969232173156 54.61242983937842 1.220610524192322
56.05692876086427 31.01049302332592 1.016802571900672
40.29575904612232 11.64619138028761 1.032269732404363
37.80291615743326 37.94343500767994 1.071072472728676
28.8643768340649 22.10200873487722 0.9673775127262658
12.64155175194217 42.65024036851257 0.9734544873337518
8.699968578619869 51.55672296628203 0.7599696420923526
1.700243001198509 53.06041055454892 1.1460757646919
29.37181237543552 41.09301975094388 0.9533308490368789
44.17114370696765 0.4556346882393745 0.9242570862863697
32.65646813421345 24.77596624930201 1.164764734903769
20.07823668470524 31.71339689507773 1.105994137353488
27.82099019262055 53.82353122431018 0.8750033687790415
20.0256532998875 45.84318363659232 1.012679195865192
10.94519237146955 3.792392665889297 1.01221954353313
34.54027047592228 30.95524382309767 1.17291737453786
25.51196676283701 33.05371261297432 1.033473980426376
39.30064958254837 48.67639680703934 0.8656855887620765
32.76941653144053 8.425341416348397 0.9421652968695809
12.12809661968057 17.39569045901098 1.161281648692803
42.17165673485569 50.96938494638046 1.023681832404585
19.49796164897176 40.95811600748362 1.047905131347346
23.04033429969118 37.96517395133394 0.8747128050460038
32.34210791361616 43.06598759957868 0.7294461362258389
34.95601770698839 37.75354993285311 0.9085928264553572
27.2853414669099 12.49628815636797 1.176867956070079
28.89715729928443 55.94672140104078 1.114841008747592
49.70963875144238 4.666573830724961 1.1733452017497
49.62230012501697 7.233920998048932 0.8856984050120746
32.23259599890215 12.12026174744603 1.051957487147277
47.63883846329471 14.23237127868103 1.073730993749769
23.34195365586409 22.98094635036818 1.048634575265855
30.90386115010076 16.75923661829868 1.129420198926434
47.75066474161608 42.61265490605154 1.109044813686428
22.83341539829663 53.09057136210174 0.9387583392861492
27.52436871944199 51.73057269758106 0.9733984263111212
56.39714652830602 2.409355500903612 1.075747591466286
25.07174281546461 21.45941081804196 0.8906886849957056
28.69333181609089 15.90516255232746 1.123135715720175
29.81430468792762 19.88536882162344 0.9959934447983906
34.11774010030447 24.6238959392644 0.9864480439358937
43.43408950159051 34.41609897856419 1.079301035301715
12.6704755107269 48.67806830661281 0.8070396011144385
49.66722127127797 3.421140225800285 0.8616465105180328
49.90833217832648 0.1241385578755935 1.045952344016432
7.155840303821415 20.43270089776847 1.061196355030725
4.602488541324851 8.738451131032059 1.032725160746672
15.71126857526194 45.27505512129285 1.16541940978728
4.180217647077617 56.24679875944126 0.978496434903382
7.28996921297627 5.462159903935231 1.140944552464386
30.08605584319963 6.134031332626022 0.9039085691782625
18.82380826530224 47.86026299971168 1.058764475071441
39.53833130632449 31.70923725688329 1.206892892068796
34.91542402837212 16.82905446590346 0.991350330006359
16.95319305032175 49.93034650242438 1.182581739253122
48.25645710446707 11.8079043057784 1.013283592794386
6.059762062998378 56.72596808417047 1.091670908100758
40.66161657760927 21.77103066480301 0.9382056034967738
9.175631056155838 49.18124082599824 1.055399157743394
9.340909355478784 16.46560026913211 1.001335150668172
0.8733095558701593 27.7294565731331 1.064537858305901
35.17488257222571 19.69711784771509 0.8676931290601388
51.19140165028693 1.128050826083892 0.8837909770995835
48.92613578817161 29.10682565211636 1.102578708149251
56.93058185881497 34.91029836885179 0.8255863636562968
27.63098846265627 48.18703893673934 0.9581469268622809
23.11020435677385 52.77796473762857 1.132709689231
22.48043603658697 6.771820907840421 0.8968001489825468
16.86593153042064 26.72462643204472 0.9372789363161098
2.662699988420447 26.20684088589942 1.289881697585666
6.760654104762084 46.62527683778912 0.9726497919291811
50.63947320247045 0.9520557285063228 1.05481142979924
30.05888138062269 8.710432982403056 1.075027140438677
20.26625092433125 29.98946323943765 1.066610968523527
21.1765021496343 33.33893399934234 1.051925252795951
13.65170736594671 44.28670650640815 1.251392569753289
51.05852741424857 46.6658941128598 1.020319816252564
46.61360261804126 10.92445891812651 1.078336740265166
37.13129980402594 2.580747219538664 0.9543413876060647
49.58240335135832 35.37899190298235 0.947033977496507
11.80156652107908 53.40493760789043 1.121926633648162
10.24323742754908 5.441039697006829 0.9924981280981987
9.706998073825146 11.27289958543745 1.134981056527989
0.4053379033717038 53.32772942507999 0.9880325649757864
29.66666339787965 15.82184636491437 0.9544530764441302
8.868546559414149 1.783562108307873 1.050886422839301
13.85153289178923 7.839976712986816 1.077685042105516
33.84389499195102 50.98283272235786 0.9832088438897406
29.36182459879752 0.06500740911113444 0.853608670300105
47.04425893306931 41.16339111987659 0.8701967733338352
48.88397908996976 21.64815092070408 0.9461985555499723
7.318788950945618 51.05411808893742 1.078940572052143
9.875964427309095 52.09853758620962 1.137033815575736
38.76901448367583 4.829954194757135 1.003754946132797
46.39754658024644 11.87714442511887 1.05795981497066
38.05844739128763 23.24144157219745 1.033251548384533
48.54417875946694 39.71199882203341 1.104713015417125
19.38519283960815 45.01412377646851 0.9091308860466616
38.84106207678144 41.28355663469227 1.053558625408368
46.60070316102389 3.08387506757112 1.026947190780874
24.73202601481789 2.593405138046204 1.064164197090517
32.53880028684568 10.96201698852797 1.11817603023961
6.06055454819489 21.3478719705473 1.094091091543483
47.24471890891191 4.086166081524532 1.028626668930648
15.9633105331861 32.62479001359306 1.081096907897278
2.883707034813104 21.82328765412014 1.084728049616014
0.04508937385170226 15.64814009687311 0.9845137058448676
35.26344571926791 19.43028221345985 0.9796210954721903
28.41990586995143 42.50332592358036 0.9505555406498005
2.546497510069281 18.02060900443262 1.002263271844781
24.28124399449734 39.99337632208754 0.9820644928198562
17.45885620334132 30.34179856923492 1.027389016509003
44.34584060141157 50.39127518394556 1.005923947208214
31.53238092853333 47.22954763622468 0.9076989711062136
14.28448233626992 21.0444402527271 1.099555578913967
34.68993442537726 17.94674618306884 0.9267830364170611
3.450072106649201 41.8538786381734 1.035340687158217
24.13044927321861 49.03727312434338 0.9190736256853954
5.356500103770057 40.08951114401664 1.185917632097733
55.67983199128873 29.6377440982674 0.8257869431057743
2.979542640959631 27.42413573219633 0.923654402629012
23.84226330688329 37.40750731826178 0.8470804609938947
30.79878247566464 0.8641075491272414 0.9808471955183699
1.417651491434151 46.01334531373035 0.9915861841100889
8.243086251077749 38.96293192448231 0.9861474278811795
31.7316783344055 47.55046740572455 1.05620736250224
32.40434601735526 12.20322143994422 1.139411344759389
27.21902353885538 15.07933832615583 1.118084700452138
55.16884949671517 34.51879390679244 1.212639944838577
5.213267740892837 21.25173693627666 0.95113596889967
45.60031770011425 18.0075992890669 1.089622877266324
28.68784926351525 19.39910017577889 1.037456022985979
8.412445462966545 18.37215665326088 0.7753737773884088
17.30414677984274 12.68544298861429 0.8144618464963064
51.6483749130966 6.888767112460345 1.229794464347988
16.09770041010236 39.7211471063649 1.073894231840131
51.92436854630912 12.28954109237042 1.050134018764405
6.581384753613446 30.76333046181282 0.9436953767025698
1.271142857741165 17.67784382853556 0.9947044996709284
19.43935185179084 46.87146058439811 1.115043551236144
9.270560733634309 54.5571499823393 1.042117003264905
21.2327018702555 17.68300619660085 1.103812783943068
30.36844918521514 48.08639541365504 0.8699792412436456
7.08408165447604 25.01682409831175 0.9899393302005582
7.737971178133958 40.04568007963043 1.050084045562915
14.6838285185787 2.662339697900387 0.9765505439375698
33.42567018625591 40.2002859335394 1.077254934148267
26.01544752252076 41.70779455486117 1.08939585876326
43.64740099834623 34.54976126716927 1.018164778293849
12.69526248457621 6.086752823594376 1.125578360315658
54.21395396544317 33.69178255865899 0.9742360112930442
45.93785558451798 18.44665580915597 0.9725037596361462
33.97440015989095 44.93319669688735 1.001717773906479
3.160372914821083 29.3096213318918 1.0472433125251
12.50990723888851 35.21385749160026 0.8872290144062325
21.29383762939546 45.78852564831661 0.8753920638303441
23.33828688894319 42.92653865875981 1.010493372801625
14.02799145133607 47.75950874051056 0.8604383717299858
24.45129127262686 23.24509981891378 1.046961751086346
29.68860119939251 18.8260800278867 1.370067019307817
43.56931799490439 24.06581954009171 0.8775801026776822
36.73969171929159 36.32938000714843 0.8966199410199527
36.82741322406913 51.96893975370048 0.9413290135240767
54.92225659448759 39.98778613889021 0.8881920214866158
19.57382921342451 36.7884682979381 0.9779230463277664
42.33452402862465 40.86766684281996 0.8122964802535095
48.80890544401896 48.9152808351979 0.957580790695405
1.492338808482671 5.836896868812338 1.104788064383197
17.07884225904888 7.12608079524994 1.160418006838234
2.044682861792241 46.76744345844138 1.179442534751089
19.43954906400272 12.52147881804103 0.724076081412416
54.22276438783052 56.179240809837 0.9520005446345258
9.168300680894545 28.67827202271589 1.073541556362243
10.18624370879784 7.090557248839437 1.050232072415883
14.21122381240652 31.23988734848792 0.8582344569997701
14.25327306578554 56.54574784103117 1.098986535453617
15.11154799075404 6.91645960878416 0.882997301283638
31.74554779415277 16.60388679923671 0.9197450939583783
52.40346986865787 29.83219876318807 0.9102432050543974
21.54641813856848 54.4481527304501 1.110263988641824
27.60509755164622 39.03919128563217 0.9483440865489889
3.020057779746157 24.82786191293405 1.069975946725084
40.0451658945741 47.38673274982103 1.02909840877028
23.54918862765151 50.23140960337194 1.013525090207806
27.69621434467668 11.68851378452429 1.052320518217884
9.455134111202851 41.94948741046223 0.9662591812673674
24.77975439595978 26.3458096163095 0.8520411413651984
31.47914788475221 56.52530219011255 1.087002613473206
13.94563950688841 38.35316628420407 1.07990853352273
17.06470312553677 35.49205764545689 1.160366104948127
25.99063660716202 6.406416539757706 1.143414327221814
18.70353657971301 29.01069438690818 0.831943821383424
47.30870137191783 47.43079959295262 0.9454206409728465
7.510853924095097 44.78599137057829 1.236384713246841
56.47450515510258 35.1011804668704 0.8994149176956499
20.156555679234 10.70876675411536 1.122514041057391
44.46161223876365 23.00427281251376 1.185726144913762
21.37552098993935 1.407251719109366 1.024794679034852
36.89930936456626 40.15875808482932 0.9397793206289605
18.10456940955695 5.889945945185584 1.055152239633771
34.90064033209376 20.79945310382147 1.119923221909871
36.73007463790945 1.782251297394862 0.9427195325079407
49.21305089034748 42.58975137518242 1.25789497306026
14.82476735386288 17.85909721947233 0.8543026843217116
52.96027768634273 40.9533752966455 0.9209665348103042
25.00803926308082 55.62414642918117 0.9027561421946524
32.76716303022912 16.35129758406025 1.001616840246091
28.06688844601944 54.14268402016847 1.072142239042597
35.58290810910189 54.65785869427857 0.8025362815317613
15.5830856010239 53.68747751865885 1.190621145513828
25.9477133294324 13.22565814583826 1.095719869136719
40.23069626895278 4.026610753977025 1.063765409362333
46.61636212915944 55.08920150952842 1.19021603936551
50.30284437877258 10.41318172002825 1.067704371967701
51.36655704321645 37.39651322848933 0.9385907078021215
44.88726844121109 23.25624236197036 0.9181564124135202
39.60753994603061 13.52601728147176 1.145619170570452
17.79711543852329 0.3660892492002292 0.9855804129858804
40.02019750141548 35.62940395373358 0.8599049591064452
39.78874269350839 23.25089374382556 0.9120093099131954
55.69464090312582 29.27237681032735 1.180219809012452
21.14237830561697 48.99748525535571 1.082862784171602
38.26060726738563 34.05211554702935 1.184236480722703
13.92736549951479 26.14787570859672 1.061451368999214
12.91251164298156 7.599422592017531 1.098520663438726
40.28198710423055 1.862856440647904 1.02255201193857
6.396286839338153 54.04694717938404 0.9436068235406346
39.87768757756692 16.07797746363933 0.8078863768659855
51.70738141737291 6.398774394019868 0.8323080603094155
46.14877882280796 34.36339609854082 1.16352834994843
6.635772882325469 50.59432954881076 1.009524996536474
36.8409049282041 46.32133143922376 0.7819439035708187
23.37344695971042 41.05254734589371 0.9711700883301501
44.24938787764376 23.68180486871014 1.081515434921797
6.597702723740461 53.35155335038507 1.175300727412072
41.65111762315553 46.87968982797101 0.9076114814008476
42.67751091563958 11.0633124001619 0.9987841983492294
20.68867412055315 9.287542616151061 0.8304740750299359
15.68631701017093 23.10997624886687 1.070651592762828
49.75945163646687 45.13826825336473 1.100272927868284
45.71655593147341 8.857779595469022 1.053179047497178
8.895813018966379 12.09000289118383 1.132700282780124
30.19689590120544 42.36951048363443 1.198988986244186
29.70092197260862 14.84801349781827 0.9518652551195661
3.478577234073811 3.434825134200428 1.308665306719595
32.52602839401273 46.15608814971339 1.011035265741561
55.44363076586446 48.45933498696393 0.9937480828226019
11.61075802594924 14.12994774949269 0.9713399274452917
2.268216002857413 25.52270715754605 0.9834538740414539
3.765434128123072 41.0008138050329 1.076332365186432
49.85859340050192 25.21282102643178 0.9556783417578744
4.571992950780314 42.76892034186466 1.160196112147204
19.11828893754551 51.55491782424735 0.9033994953841002
25.71331119430871 48.81921091015414 0.8692394871492688
4.397336613571894 52.26057106780846 0.9266141867165349
2.037596652767433 18.89547414793422 0.9545435894924498
7.456241191111618 16.87939117098199 0.823445925536463
50.446827528275 11.22167534577738 0.8863561600900073
36.50771866529608 56.3346784321287 1.036393378407502
48.61945906682846 55.62600762938429 0.9645649614764162
47.44521851299574 3.292527525356285 1.07104503279671
18.29528171396595 10.17976116024878 0.9194499682551035
5.440332201514548 18.21163273426314 0.8290353823706852
41.58809247547206 53.91560575734619 1.06873535606772
0.00163731258438775 33.30403529447691 0.9712451443756897
19.86702192801378 7.457878503696005 0.965715003654958
18.67955384947339 51.06363141493109 1.04895356421478
23.0776849389438 22.38321925484725 0.7376573374229418
0.3890198801593016 22.27833667782989 1.135175599332126
22.9361560065002 51.27861610999266 0.8853806973423389
54.57114363534895 0.9063886263903177 1.084236978268896
23.56113567974471 13.74517969030197 1.029668168144234
31.95681242456511 8.187099429400218 0.7100442696360738
25.91707361206276 50.64967255091745 0.9925744264475532
26.95370784539436 22.99702294124152 0.9270183276640473
33.37658945488585 20.13713428431057 1.077674275509039
14.20076569924167 2.388557309931404 1.025755653068193
17.43936255920649 2.003195437604187 0.9178644648713929
13.37657682149512 49.24949987430568 0.9927192483558552
55.11053477465666 52.98768376046218 1.002032463815288
9.42685807376488 20.49307931423796 1.07458350275773
1.193477901720199 41.38367049832999 0.6213164011448521
35.03334302270475 31.81017975686592 1.049106343815503
53.0292624649728 4.98705084155642 1.002134255003167
25.12418515240968 34.11807509563774 1.061981742764677
24.4619951711325 39.32495085165135 1.146525897873489
41.32814628925554 39.94953119007383 1.087541801791699
32.9995979005469 10.64149010397563 1.073303740619381
2.890989951738618 41.89198462939448 1.062663710433449
42.36385845596151 8.521864318997537 1.141263476054282
37.71387436600116 47.00052108662227 1.11914718542368
2.751010130509273 38.90735226772136 1.21819007093355
9.017903781504325 9.417534554571628 1.214691713067574
6.241368631013375 5.047166219934433 0.9811729496811773
34.45301811325039 39.52877057508043 0.9891468476920493
38.16664642475855 1.915013257840189 0.8314677883485481
43.81637101472187 6.181867662901928 0.8965418974611227
0.6228099938588263 19.81596888872607 1.107540422335273
9.192143584225393 19.71434774515887 0.9210456161329209
29.29624445144843 51.55600206672959 0.8565875855831324
33.81393285645821 8.950086430157574 0.9979693893282069
56.8704285243854 36.56494298696748 1.019025696991519
10.99613186111494 56.87534247938326 1.13369857028443
40.6721546373666 17.23750049212831 1.162027279934804
37.60551060857508 2.452718219464979 0.8925244557394714
41.29054007040828 2.459231982221469 0.9885887068552558
8.641099645123397 20.7488070171088 0.756904372788331
47.92287994731352 25.46445741200096 1.06654315832424
51.67102557172581 16.41501722131624 1.124016288281834
47.31921878145971 28.48495842818402 1.138599061503156
8.049901388608804 16.22254232281006 0.9767521727231004
21.44426733555471 19.04603324972374 0.947153635718432
36.28353374185205 21.02039347496833 0.9719714965732646
3.193161979873274 0.5696055365584817 1.013451288139469
3.022323756023461 44.686460331402 0.972543198656841
43.25790457066982 23.14832080581613 1.050413623036281
43.89712782292493 6.716251284217579 0.9726233142129681
20.36346160125149 52.05019468863038 0.9547162276635511
24.95728397972755 22.81872476070129 1.006708450047431
29.98725878912362 50.32238763120137 1.077276612936855
9.544929927468733 34.45263934901573 0.8744762049322985
0.08319342745616726 25.64281472966206 1.109730996512909
46.66320823117309 42.76222327526762 1.154399548918499
36.9363327324094 50.05912849216681 1.205445990972171
37.74558879702612 12.81880038130041 0.9652331687635152
6.106977267706291 53.53896016047288 0.9987300541476397
45.0542997792616 10.08648620736156 0.9234370035890773
36.62353295675643 20.55380575850317 1.087647493347275
54.90320454114266 56.38090255920817 1.09968916320705
22.61320553515721 7.448134442068699 0.8163556562210088
33.09094919827345 16.40260317707556 1.168770181232198
2.063126105378907 22.75415740290385 1.005898477165769
15.81328586852797 28.72572228951646 0.985205197488379
21.95811532622115 53.55887466555409 0.993521565283756
50.09783479948427 49.26232726791051 1.194312829230949
21.06919768455867 53.35304621763203 0.8881507636934107
6.439532398450902 56.96712639646937 0.9529178269880881
29.67730322232344 18.02831899329476 0.9763630114184976
2.604364324176854 2.451147794467932 0.9545263509383256
15.43073627419338 25.21756985933407 1.024356367903404
47.91396882194745 42.99023143481008 0.9781814748524682
8.666881306407452 49.97709495386905 0.9604795407124397
31.97655376511466 24.5576746796992 0.9558106229493876
39.55743004826709 53.93466909133581 0.8767286161478778
24.99976168526326 14.21438409165218 0.793051752412288
16.36427993390908 46.06895936982192 1.05555724611145
55.19245683364219 17.00696270773512 0.8786184747447167
36.67499974354869 27.86976005596563 1.16248609826161
43.91959379749353 37.63964602520673 1.083462798087394
43.67409081788458 2.350330045144227 0.96268052701332
46.7482796338146 48.30799332694523 1.0163724137868
14.1131972661769 21.72483339892925 1.021425954962079
18.65950246372237 36.98221732535503 0.9892452966923495
20.77257998044257 43.65926414898563 1.031304558796466
32.72822351880755 4.764031699748725 1.082264514927989
16.84473328797367 30.92068032590704 1.06559216758609
1.790440355329979 56.80627610851371 0.9823591218384409
37.74267605493901 45.71003415282352 0.9057683780140854
48.06036419796774 43.30313799171854 1.206451290941094
20.99013992724481 42.67497239898656 0.9622942533963259
45.95646190641283 29.8226023054787 1.017494348073289
51.86173771687864 3.069659146047039 0.9526130262717327
56.86620231711594 41.90622441279992 1.113969034289028
0.649726328742563 32.59442580938079 0.9382152704175624
6.515106135287837 11.44125049348979 1.102007200370658
14.01419267478129 8.305546490617816 1.121934432363231
34.9965866743571 40.16377550324601 0.9313942606027483
30.75091721385294 18.0709093460212 0.9234742741262664
47.89351167804259 38.57925761005806 1.132444213195112
22.77703823977012 42.44094735590785 0.9681240383187848
55.64788552403817 40.01628630283115 1.110858832565351
43.03019111465206 55.51408784115412 1.166268134041987
31.10851362399222 14.59276680163702 0.9608151710913253
4.174377060110857 37.62361975928006 0.7872306264503751
45.92916627644057 37.28154389713031 0.9491161190869851
12.94543846461244 42.9447469198819 1.312705398637724
31.02069173474828 6.97157925412598 1.04104164279032
15.28284954385965 4.771608948601227 0.9446681998313678
24.47898804232431 15.93600025164709 0.9927806416243092
40.57962704709713 47.25602630863713 1.006720255914477
12.77335095581289 0.02483310505041532 0.9584446448951691
15.90257663042405 55.80354207046495 1.015146137157879
55.41785417423483 46.65783657397043 1.184581675713547
10.27105430293412 24.45187146936165 0.9753769425507228
42.14496747271389 33.70840794626083 0.9240796322518582
52.91091881408865 16.16565920746217 0.9018432975643432
20.9372681560634 8.722475773991308 1.069081900796927
13.19413776844467 45.41625619838771 1.071715333720711
35.67228248048215 26.03542365973602 0.9890995198524917
29.66005516967739 48.44563346283773 1.154442163284288
47.24917550675998 24.59917771099097 0.9779166996323304
29.38771914615655 32.73263499407686 0.9981126969211693
22.39047156804729 7.517666557579146 1.069973778654125
52.25744476321034 30.23687787690986 1.133440877045638
8.028513790587203 17.37925519672188 1.037625183076553
1.133409769336418 28.9657819466506 0.8205371217892206
17.38203814503832 50.76020704943696 0.9696312082115977
11.10131235332289 53.05432062552046 1.143446702515185
44.49995406181549 45.85588744741673 0.898166899107392
29.32399932310171 34.74912956857548 0.9468803747699273
29.51729173656427 32.87223610415693 0.9462240383021473
18.21934397063188 24.77473647323192 0.9834655813935328
24.76559654984884 0.1378365783662706 0.8960863603491483
16.80008569071073 1.464864572726593 0.9727289169198359
18.84411976944847 48.2108878121762 1.137993103233537
53.79438145449124 44.94585076670435 0.9735137054227668
38.70605778959862 16.63974770328018 0.9575408698211183
10.23074019850732 1.501688445686218 1.009142358589792
32.4798238023556 3.812641024967954 1.140723759271128
31.43683296555506 42.96158836500793 0.9820812588531352
18.83382444262217 32.73366240865256 0.9897903087847011
28.72886114880855 24.94293842368896 0.8002639433490943
54.95932229792668 15.15825301835232 0.9380776834985748
42.29957868824693 16.80344204083245 1.036761407678808
4.749292807536801 11.90757615394312 0.9232051540476452
53.27037971572503 43.45535059713542 0.8880571712039984
44.95703906936433 28.94843905696107 1.000240810733095
4.231814148012462 35.31461496246728 1.008077000616368
39.12725598743523 33.11038654535561 0.9736133977678337
22.67322628883329 53.64157442545591 1.142841052118294
29.37523680756578 8.793372369740798 1.09405389586229
9.449989155144426 30.04613029726135 1.022981261733278
47.51710950421035 3.247152339782171 0.9115460431397198
49.68901720209467 32.81668816591458 0.9514755885684468
10.96573413348092 11.18102799783509 0.8217850827505349
11.25523778528685 39.51305799070423 0.947099285821456
34.52689179057576 13.13505062746585 0.8631424569215125
1.625599983905256 16.65414777801099 0.9661327926485144
13.29572217692422 26.30994839375371 1.143052498965917
8.805877004194016 42.67095901103269 0.829573238023159
15.71708928175135 40.39115085843538 1.109856294152803
52.78663034308079 6.234198759419005 1.077980332457037
39.05088695187629 6.688897605374874 1.069540199689379
44.53380549817057 53.96153523398635 1.047904221721877
8.142563205278741 42.74402260535584 1.005302883401425
38.01259762235573 25.82471111734617 1.067845976360708
47.73867315088337 19.48319122404009 1.043527779836484
5.609145270944175 49.36427313478863 1.080528125301967
16.66309940752718 49.43306120551799 1.026334043561373
21.16453083751934 25.46897641172119 1.041984414679525
39.65900248599192 39.51147291414043 1.028636842888879
0.05530823117834899 26.29730568420948 1.218343180045556
32.98620328958435 15.52092587785839 0.9894416650314883
36.06773039049829 7.474988083110651 1.086836893237808
50.21901068846649 52.0330631584083 0.9199659903938708
13.0350047131232 35.17531012193081 1.016216451082362
44.97088554313913 12.80105037977968 1.075444141228845
26.22890152699729 9.135416354115781 0.9390751867324938
8.403267981672318 24.99486936256051 1.024630079410791
55.15403118876463 48.06227046766424 1.102853217418841
37.31553457645492 50.34577941491538 0.836157209208428
51.01438856078982 16.38326494041051 0.9884778697181926
29.21508828188064 47.57507500405194 0.9753162335954678
20.40224111331731 26.87358962785154 0.8897496206903585
3.669429949330832 28.66226359347918 1.112385087360963
29.34124246534949 29.89833150287081 0.8851473527149853
34.23125319333339 46.20094792926728 1.059694741306034
35.60613861941087 32.38528435555533 1.135321207980066
30.59462374895561 54.62279449571985 1.081153180370876
21.60594352595785 10.91015829886783 0.9457703568739161
27.29342326582103 48.78934135557587 1.081972129937143
23.65518610396198 30.88698180200857 0.9776745777993475
47.51554507786201 15.04420777086365 1.180035026262837
17.29817828363654 10.91778616463662 1.156776561927685
29.65181992745577 56.79922071555593 0.9904393741559723
18.48555882437413 10.44949984850804 1.242620163623879
32.12910940830088 1.696720122218467 0.9885258766718995
34.53646064388401 53.73505293425873 0.9693341705723094
12.35538496792102 39.90030168690733 0.8372683239102923
17.29437585700973 36.010571071883 0.9028536436875236
15.22061470487184 3.08550048902887 0.8164378303006332
24.02140896908073 42.67859295507827 0.9194762268612805
7.122728745044548 52.88830356341242 1.061365384687723
5.875098679156554 6.773176522819873 1.068471765846378
43.68684267098403 17.03404148390239 1.167578361424097
35.67391517463788 21.22330328832534 1.067093337049882
46.72833781630189 26.12447935953945 0.9500350878783461
31.18109528263151 7.022713646768924 0.9487278756911299
49.27120731178262 28.31391210961803 0.9466267843661738
33.90057741799419 7.49182199011176 0.9637904762042113
50.17041494519003 23.0721404091791 1.003806885838772
54.59521528361142 35.64822856273885 0.9132678643833795
31.53653212615127 39.10552574978468 1.017251664122341
11.49112052493315 16.44146420175278 1.091509909075574
19.40126648424252 47.2446000772736 1.019577555126747
43.03742957256615 9.12960427400172 0.8896445813099751
16.15231792077065 21.50412981515011 0.8813353037974085
5.186903600202363 26.2985269135323 1.062465181219097
54.61243902315034 9.273432016034347 1.009319575098307
4.949932902096739 29.01185159525454 0.9899395259756568
12.50857768883397 8.305108509634206 1.285613276989377
10.41994482484644 23.99969821376712 0.8574478819577449
22.1776614096843 1.222078370499461 0.7321134522312063
21.2593015773498 41.57892792046952 0.8635445982896616
29.33988767319354 29.70215960531596 0.9708280771442416
36.15937702877418 4.712742244691002 1.274406512152533
13.98617426072535 32.11020344594037 0.9302649237085654
5.783667620636368 24.18159266383461 0.9626344249866436
31.9722263505553 6.999127676710081 1.002340121874737
29.18207872667447 44.48080403938927 1.100389587339158
11.4805022266137 40.05080892427397 0.8806778534502558
9.104689152028733 33.65816366284069 1.028273251586039
18.23709155676751 32.73956574254649 1.193740800865517
37.66072187929448 11.94562372469605 0.9441617751279876
21.80647383993793 12.91521124724076 1.028908591773029
34.87813748972404 0.9658508687121099 0.9377437337777434
34.73766692063663 31.6141277791998 0.9711505927976253
37.14861142642265 40.52133454127299 1.033634447733349
17.37829039635988 13.57107289301747 1.191148314332137
18.2487507798936 32.68252660924686 1.004139002785284
15.73333550697814 5.277785570024413 1.083076479910854
6.387416669347983 0.006222801751560905 0.8824560169272763
32.74578857084074 16.30249817869742 1.216610660382017
36.57013195081154 16.32111214488797 0.9721699012588634
29.23632339212872 56.35661352628684 0.992795529065862
2.342456659461584 46.86427688406048 1.024226718485091
21.47840463671759 41.54363293319179 0.931937515515599
20.60145809482851 20.274125079752 0.9791591965016642
18.56152515418898 12.29082262669263 1.029001628779661
44.98361263190564 14.73462157218467 0.9811941244893752
20.01240714220908 48.40749232909059 1.010259303854258
3.72317094063534 55.65418346815472 1.095923060905645
14.95668162030945 52.60213247947494 0.8499216025707921
52.79007165636405 36.43515765687225 0.9904691450383086
35.7917711831591 56.321194929686 1.069908397930939
14.89067187946787 40.18679268992823 1.150382862459685
24.73042559657731 0.00277657807002616 1.150999025649779
56.64320162248016 19.65322122287621 0.7752552868520616
5.976096042886421 19.93791985089794 1.15698658755462
38.28937559215789 47.99617170262903 0.9617842505310434
39.40366400517694 27.37803893041706 0.993192187957095
56.95596620252168 55.43566453384034 0.961436768362072
51.03779701331528 2.637070045171804 0.9385450746218849
51.34780545316069 48.016535256997 1.324370021169483
47.337730186683 42.55413694658975 0.834501875503348
13.32636927316262 26.73904864338182 1.171816940935623
26.74182522145185 21.56641505871267 0.8817591717436464
0.7100160926161408 31.73505408723608 1.055935577293262
55.2898081072093 21.22778454433558 0.8220474523868088
52.60224321559176 36.57918367282449 0.9295561686403994
37.88096640719146 51.62762025214155 0.8759536219115456
46.63515010924784 37.83693258317044 0.9339732726917467
20.23696241585396 25.45534716334909 1.254431621298504
12.33682055693903 33.56333171555928 1.020522851990921
14.62012658529921 21.93622102818276 1.084422518519203
55.8264491049696 15.33014267791535 1.147779358240892
31.54026686890995 47.52987837117625 1.066622121851298
5.853820410489021 12.42123324955871 1.034164209483698
50.25816585927185 35.220783382757 1.0194505071858
48.97111904433515 46.00774621218804 1.12006399787632
36.10513201826491 0.4394821056348654 0.9621358454026321
17.87302119791183 56.34209446066157 1.179588572602769
32.90542614967815 21.08922510225755 0.7263729892689803
7.469875774565095 47.52555273497736 0.9507643376431952
5.855695386350013 39.69672124585915 1.032209530923383
20.37446243286806 53.85016145550188 1.032100047349783
40.44687068716011 9.198071257769163 1.007272370002345
46.21026292825596 46.30069109764914 1.09801303262664
41.789661617386 14.87747036659972 0.7648347593308299
9.588544881245376 33.76078066172115 1.011177461875615
24.85111824928369 39.99034859705267 0.9193261799197805
32.34989211584902 42.72413944719552 0.8935099598738473
22.33394648709053 23.40385697661147 0.899099483967567
5.763421862741663 8.359392617530839 0.8415725093536379
48.05611386338999 50.07464426247154 1.01126373533832
8.469278678050861 25.71391825224921 1.174079620359444
38.21684046286011 56.53129407043163 1.11792523043909
12.33305319321018 23.00650205370341 0.9275673736866674
56.76728271542456 18.29398096273373 0.844846025934523
53.83200808466971 24.61840093816556 1.001179256989204
10.34254038536108 40.61677256441525 0.952934066320302
30.4266215853517 26.27652158740746 0.9810193148093252
16.23718083055559 52.17607455336306 0.9243803552550015
15.45520460300856 24.70645950860645 0.9003124420410678
16.62260887381742 55.80198231563065 0.9643667754057638
45.17552509073891 54.83944933667753 0.8619511671814509
22.43017635840465 20.61323407926282 0.932946109114962
31.03602173274198 19.26218441653167 1.034876917346525
48.44408461705041 55.57417540278946 1.152747171908159
15.93712383040093 21.87070620240211 0.8224256757946962
17.63127427484434 17.53107550113046 0.9527274995502228
19.40982910404439 21.75123496481741 1.101115679647836
16.92730949163777 55.36684047121873 1.16145147792806
3.353469416663735 37.81730227070735 0.9700063707070022
36.61928458633799 50.75259893143205 0.9193397390352357
17.815527600616 34.95256091931488 1.032827073733384
47.69460168932313 16.69135352070041 1.073530914397267
2.274713043717068 21.73062339552241 1.118297518920497
54.0509746615081 27.39762255428248 1.046391607975275
46.0805234639349 12.98809846536633 0.9568979123194199
27.77986401448951 9.899603004986236 1.061443604179037
31.46229592871959 47.18969311853391 0.8232466164804464
25.83670302659119 48.57814746144141 1.039425073065779
12.74077224160581 29.19017244325493 0.7780783630223825
49.16625076027878 9.014734291944064 1.019516466947544
12.0704449871883 9.981778334352084 0.9584944980236325
48.64325732534903 34.66189687403939 1.028959171315506
23.02297569672715 50.9179703690661 1.023427360914604
29.37413618824172 30.50484186760375 1.012138742917805
9.431593369893541 21.64246494492631 1.070834858885769
31.54206794991254 18.89835817082709 1.129579778926349
27.40115047637427 6.192905919716184 1.075852262689677
54.7710533811576 46.01306220936266 1.01463299927062
25.42802594622039 27.16650308676367 0.9572934311182014
36.18123737870773 19.40135325230721 0.9171023096946489
27.57605501430857 23.14853258996668 0.7809622801278951
0.8104294374633717 48.75595109851842 0.9346941971324454
13.137282682181 0.202949707025173 0.9852147702847287
28.06644295345361 6.078037981445918 1.068935369890369
44.74906586564568 15.50250522210379 0.9184207993317174
34.40086339293088 13.69064584220324 1.131016694645621
25.48403970873171 10.67315333414504 0.9626637760619927
56.6862155435077 35.3565252913891 0.8677975187744567
50.42159617665298 7.017123782083916 1.003867595938433
26.41847703439113 23.52685695911146 1.085748045964087
52.7513661453274 52.15145246272509 1.018178740095826
53.4450530933426 50.41118990136832 1.05025031267246
3.746469161355155 24.51149604679621 1.113686104878575
10.78666878947367 17.41486463528819 1.091673599284819
56.46936911738914 36.27070852474808 0.8609144542858029
2.525801588094701 27.77423351294092 0.9970002959270706
44.75439372740425 52.94739776474768 1.167103551159319
25.5502312935657 4.209834329415967 1.086136115985431
7.232052631318593 21.3015974123504 1.119550090930555
48.86167391103771 14.62813825841441 0.9138984360507361
23.90855856747765 45.30672700438031 0.9947809416819765
12.81822302463382 7.528556042596957 0.8736225516459519
19.15056272929095 52.83222429353382 1.0074547560387
13.24708890227931 49.7766484086293 1.113111871719587
9.20794001697001 41.33510689825523 1.062508171014966
7.681139369812393 46.90069773276369 0.9444052784010469
30.63410624425584 33.23137066337809 1.03285814702134
54.53296810227119 50.47181885432071 1.079321757894508
30.84438077911939 15.39636107086966 0.8709579510264287
30.02449932928407 3.649067695554843 1.183531622932501
11.0127816679947 38.06382748906679 0.7573744158861674
45.59238353166374 50.45465815367859 1.145715565226386
19.66322895961964 38.89966282290391 1.17256206165388
31.67631123153321 32.59982968941323 0.8001354819628799
17.24542476015418 33.85082807617766 1.009080814362996
23.77973862168367 52.01471066429033 1.168211956274823
19.25546287757133 54.41384486593951 0.825014779487506
35.28000371497124 25.77904940339693 0.9970640940970108
6.837813740986313 9.124384494090632 1.102348233973477
31.83043918424772 14.19990977700795 1.086037809769158
47.22739059116104 42.84322085224242 0.9767956892767634
9.674225518328242 40.85612079773849 1.079130377468324
14.9861441161419 29.33745447794788 1.181814493925438
5.247772313304139 54.43209485217561 0.8942722998965664
13.97786345145566 22.49319707345832 0.955203092857699
51.84796224480866 55.06266152349425 1.004585248891581
53.32614541022393 14.1034250958373 0.9857919885322698
27.46942003558829 30.75651007786231 1.086730687517415
50.35127611474659 34.3072337765746 1.091761812247357
20.8855566721808 14.71133372965797 1.173284523774937
48.72659633947843 11.11294723679914 0.8610400616962943
27.84645440329167 47.63057736848974 1.031520073173694
39.56623455163382 50.60223802393406 1.164169690400205
48.03433284956698 42.98647458198782 1.005118211141444
10.30720393839628 22.31725572483486 0.9808794068991873
20.37991722178642 40.62405471160265 1.012939282347146
19.25859127904223 15.85642358467748 1.030669520962748
46.61293368908247 1.547557484613525 0.9658379999558845
24.03524509120511 29.49382823449272 1.134739830242359
44.20516199069338 27.80084036001975 1.062149971226975
56.03374900018505 44.75971654605107 1.041738735517493
54.9884966462797 42.6376283688646 0.8199634182624604
22.30875959447993 37.55473117137083 1.085375371858074
25.36873803630878 27.27419918928025 1.028960127663901
37.30384530699991 35.67594200124775 0.9786825749357183
40.83110818445269 12.97137210935884 1.115337918591451
8.225809293438592 3.08969943695222 0.7962740389567503
49.81771077812542 18.44072938311879 1.005529143868028
17.96964817446175 16.85295584278785 1.022624839524456
24.84473255502281 3.807506553273418 0.9191528466422484
22.89943612781327 39.63590652059573 0.8367243351737473
25.27353486291763 0.7944483737435417 1.149840108634125
1.442663892378408 4.513401202630904 0.9932390489246616
31.78760039191116 32.41566437921285 1.094538990034279
5.487343929934942 24.37905527948358 0.8983850331468285
49.40815155133985 9.178223109421424 1.0443968022027
