38.23449674213049 40.65242083494199 0.9087441762948147
28.15464687168349 45.56147236216882 0.4872912315482464
19.74023130384285 36.15597457399404 0.9151442100614109
33.65157056397366 20.67597389299235 0.8425227323343685
7.76756601583565 4.634211174042062 0.493217017290589
19.03485622770845 51.25861202332126 0.9514412056143986
6.762530036160038 12.90631262348327 0.9621440913949243
49.74367407557725 26.31446564165618 1.274646793942579
9.867122737628931 53.97086416788905 1.322894065894631
24.70735715595417 51.54968336622682 0.7044600075764627
22.63893214689518 44.44758845979701 1.419238044919163
5.115485599783941 7.357228451109132 1.364559492856633
51.71244801940045 12.88305164216228 1.300078277506271
21.79352023582604 41.61951610474825 0.8461790257231419
34.29842367269956 28.55605027198608 0.7908924987470682
47.95319170316364 17.78149766464787 1.011964884908839
33.7158641073461 40.69686575219821 1.137967249120771
37.66772989354456 10.49099977430468 1.142659552572381
20.66044662970139 5.375087022956036 1.033391619859188
49.82267550929574 35.74634105420967 0.9470690896859549
17.33585284991928 54.93816110907968 0.8553870276214557
10.82121272469927 55.09500915701269 1.128367627997382
10.05522831066289 33.40587260173907 1.126458571385255
18.02538870648732 15.43324445254786 1.363839105210394
3.404798791932314 15.55121740817615 1.050216937568644
23.05237958629261 56.68129235165254 0.7844520991939092
50.88782522170238 56.76824369363871 1.187985372424992
43.35123053861373 21.04588794430992 1.235445989705597
48.47478830231111 7.011677141772433 1.134938472061583
50.311055918369 19.2436504765617 0.9887853219814672
32.26181247050958 10.64690874174559 0.7989414019291848
22.69520961106532 28.00302431034065 0.7754607923849278
16.46039113284107 32.75043792172821 0.9449990675349398
13.02845639177992 11.00398523360676 0.8104816419522248
37.98550302674319 21.75655704026881 1.285862666456611
3.806126280131809 4.81600744268671 0.7874525294581675
18.98192646074198 47.15735681874555 0.7487374750253111
54.16903396051798 52.28287040734797 0.963262964041105
6.972186152810318 47.48008985234429 1.160522188855208
1.126998567547183 31.70833241646566 0.7910328172132981
0.599380599148283 23.8222081786125 0.9844782513663177
56.57264610034071 7.12025361234334 0.9650107646871449
14.65498367122141 7.171832515472468 0.5928984235316503
18.17581774907923 10.54004220456818 1.525747778079472
49.43999710327014 5.286130513197803 0.8384169920624167
43.28426849901875 18.38405109773579 0.8461532509639262
18.69385393787821 5.266194959760734 1.077812049407407
15.72290969627113 5.710441823913921 0.9032733433127949
39.83861973222281 22.69509587562415 0.8237180658157259
21.13973842241789 31.78482970631906 1.004400793001884
22.58824685662438 20.71238449621591 1.210366349668787
27.88421703823107 11.4596224964874 1.250351330526556
7.926670564304418 46.0600347873103 1.05101927985944
14.24451413622336 37.63043379952686 1.144299842918875
54.96164064293804 32.93836807410157 0.9096530212173726
20.4941173989764 1.619538455558726 1.059130553314683
12.2134903302479 3.332737104656518 0.7868909938054189
0.6978776677036088 29.24372883012692 0.9556160383260156
5.721552197226115 29.77135064721636 0.8831121308355162
4.55618032699273 0.3604507583009315 1.447391441657204
47.57367514240261 43.46126364565513 0.7572939729874841
54.92088616868522 45.53035185045113 1.220025352252015
7.517926914858598 19.9205508697408 1.036473536669274
36.07990170180793 25.39115477418115 1.015447327858795
3.962829511129684 56.57401910078433 0.656069887209447
2.906756178898158 51.32532756092275 0.9584363243055347
24.580341821341 3.604633846601767 1.169639570968371
33.37598449381813 1.341260292726224 0.535775603795259
0.1631846382111239 37.93216484735355 1.337433224019904
9.194751908162027 22.31431460860852 0.8717590601446585
27.83574418762501 16.71267882302062 0.8332775067027308
18.57677106493002 41.73300586674968 1.194600580391795
19.87429730681437 1.071297079823584 1.304730196269578
55.52821808286394 53.47314511028731 0.9576338224046419
2.331936197509959 1.434974235219403 0.9806291828369244
5.03960808182117 14.36752900917434 1.235448768465074
0.2141720374180805 38.41559260218199 0.7575817580922253
48.11421645624294 43.74118588945883 0.7999305085313473
56.71589271664428 0.308968337862272 0.9885713595151787
17.0216471608829 51.29036597641667 0.7656760419977636
44.28440058337729 35.59841822581292 0.8278676901297537
36.6697153056365 18.21615868816905 1.060681178998062
6.11289687227127 6.13216715964124 0.7546961656761367
7.771313870684856 33.83016135116581 1.072189941499909
49.53128990090047 23.48010317258542 0.7500925200598526
40.89060355205583 25.32173445649526 1.085816467461696
55.62023318680946 40.60649624215741 0.7923132061100016
11.15813311988401 42.65234995524042 0.9713836191114648
1.966099634750793 55.442533729804 1.28163892804761
5.601231593452968 0.9204834601471589 0.7848493582168513
56.20563016608619 11.71412846572424 0.8434972803692919
10.28111650528438 22.43133263775675 0.8991251625242984
3.061747751227462 43.89710581903211 0.7579127024043714
20.72726714365523 26.078319810833 1.069158663038127
34.31316482104043 54.93478517045024 0.7638146600288409
23.25651960040281 36.57760026845038 1.216942619480665
1.810264562168282 48.88722239476034 0.8657235482670452
34.53957232345807 46.21943358807798 1.136193404037112
11.41093141185629 55.79034050451142 0.6412904761562677
56.71082399120127 26.41453517899594 0.9596853560205372
28.72629147103349 6.763474584446976 1.277495158340051
16.42143747416392 40.27305692121063 1.024967908217657
10.51286752964969 19.48318522539138 1.293660601912795
30.3162468473037 47.89742985735528 0.9749020956731165
13.13821725041523 7.629411641801433 1.008479723893853
25.833179988355 12.08873457512294 1.006504474296708
30.67318460050653 27.64344457706597 0.9616418233680885
40.61184228566096 38.51552926679865 0.9110323711519271
7.145952088826314 52.02277369751724 1.209493057155621
12.0349366762838 37.01669373596864 1.315083449328909
3.769392307274692 40.7612281473173 1.093183428324911
28.84276303921024 3.201605768036845 1.270626957918709
17.03438961786888 39.35563056885993 1.259847135803494
26.41552800844215 53.00103786727462 0.9037816951064026
35.10198216238152 39.55374525885738 0.9762614406283735
33.64932959091352 29.46362949743105 0.870698030722732
36.02293171222458 7.322514191420057 1.331056933868211
21.51441789582112 32.39498483408009 0.9119189271074299
35.74169000458982 1.820287640588492 1.065652779557049
38.83698137655713 13.51923424309084 0.9361402793949896
31.53785480164823 25.61714969697276 0.7931081067090716
42.73624840971839 51.50354648498052 1.003112947199378
51.5195088891869 12.15177641816054 1.014219365665724
51.70552167701792 51.13503380824581 1.240958802007532
53.55568816212737 28.35485126793145 1.297424966478917
35.67736545935151 23.70573732708848 0.6425800971158357
15.57750847683172 3.926398151519894 1.0680348572656
36.32138298559998 43.16634363875088 0.8331156349340713
38.91221403978403 46.07122494795883 0.6735952198376877
2.590459164506969 8.480825094730045 1.229216399764359
46.36634511331392 49.87102615734145 0.8772950018703366
0.1859826884167188 54.5976913453069 0.8020694119493923
12.68864701021865 51.70549160414631 0.8525311304538006
54.3282651441769 20.8826707647567 0.9744067420563453
32.80984068187412 20.92692839676837 0.8749510719409
15.41360426620282 52.0573193845606 1.122553182467014
49.13072548859321 51.7349872783455 1.098155133726298
40.80621219976163 15.16663328985061 1.375324479278432
51.7921349181757 43.3966713642686 1.305852502716557
36.26769749506735 35.50890132016917 0.8827535377839802
2.34358055672775 36.45368021002676 0.7004106839889649
31.15917178763038 42.85606040240082 1.102473215422346
18.2254589028775 55.48615439025972 0.8985881663023955
19.36882512847373 23.12089047167492 1.147352262432442
36.48065241728008 15.83011574103968 0.7441404767785784
27.86891483043735 50.02170087910336 1.356263510931007
19.17063752569754 19.99964029248787 1.000513448777038
15.56093381231694 45.83471471249811 1.184012783207711
14.95957164185102 39.20839222344029 1.179535990139497
17.71729351706677 32.33677524763009 1.01179561809094
30.68094934694513 50.82388618254284 0.8137198979336402
3.326275471749844 26.99099637474446 1.076549614640503
24.14818573796571 22.69510062676626 0.9699134989392716
27.74215629638273 9.394131171700606 1.386688816056747
20.74168428533789 46.91279382208027 0.7744228878573705
47.3070943445466 23.43635123196819 1.010079898982987
37.06127269382648 5.868028130320845 1.128387765133072
46.24811349913855 5.793713870827907 1.154618516715464
17.60103585645605 19.929062819541 1.374408659720607
16.56450038848654 28.09545939932366 0.8208603404521613
6.288542986516163 40.71268612645226 1.066535886267749
27.12041326571275 15.08368055153809 1.276229463270664
41.70990753905378 47.86209757759333 0.9636922159564228
56.3604699672947 52.30356869162227 0.9407236798701635
37.54003023521044 36.42174266112118 1.254277293087896
35.07535676196002 20.69070046939454 1.042158684478055
52.04173104653216 52.67639264495875 1.099009355674744
3.646431289448604 8.388947189966657 1.051813670712978
30.95687768513191 20.21093170447784 1.262995490158767
3.923617804387406 30.27496661538024 1.240109996238931
36.64585050458361 48.26514208608546 1.064566209277662
33.41057392322019 7.820462445179216 0.8950604606053749
34.75545586028856 7.853160893476177 1.216337754484877
8.507205214121941 12.16362462526356 1.000460396495574
43.76954168769044 12.15363653011324 0.7341895289082137
32.36456823459108 0.03697837797784171 0.8039175927056059
54.97184001792774 36.28818603897849 1.44574684718918
27.55332812506395 35.90268797609149 1.132021842000966
41.38395426626501 33.90215073614481 1.366393631932549
45.24744772084404 30.60766794328003 0.9199527303077484
36.00114682316833 51.89631334408015 0.8319842162089111
2.71677576271667 50.3074835107231 0.8647795898532697
20.26488161332201 56.78525538360013 0.9187252528460033
3.972367574913598 35.66500768562081 1.119646071678405
26.79913785066416 24.52493939014382 1.169867083513056
38.45189209769102 54.87386278802243 0.970741253321447
28.98095751925416 9.005220196212278 0.7277852253299368
42.90737095889978 2.979889182364516 1.094902325456543
52.3772273465885 31.15481865320113 1.235522224294149
26.05113197073859 49.13958480262178 1.41628805606513
43.79009488960267 28.76790775999795 0.8952938965671936
28.55316311705539 48.58536436668847 1.068097065643878
55.86371947911741 20.44862911498576 1.008325465125975
27.36102644417483 52.50506380596434 1.050749711254796
35.19370957007339 51.92294423883918 0.8938903693881319
49.79680700031892 18.84928834850401 1.164416341059523
25.65082186397669 26.57335773789015 0.7384141910089161
29.55324692025466 27.5914274275263 1.05734819362481
42.71301144953492 6.140804045899214 1.192981254539461
52.8148729367251 12.08521427078415 1.18989723789621
32.31282147546896 51.67859238929981 1.346968301231853
54.51467944333082 31.64748015983379 1.139352786284645
14.5736906475265 24.87570586096296 1.204482105038113
19.79865007325944 17.02087476850528 0.9870444603712356
9.413001858821605 12.59545704703566 1.260258182974168
39.16881478492581 11.08436322448978 1.292229854777659
46.62201654567477 11.72206170518047 1.131542664845408
17.86286575107969 40.64559222275652 1.349032815652758
44.09917141548319 16.14325459960068 0.5350857534756907
56.87071170838117 25.22036159328202 1.484559752107762
39.71643683999611 32.18353315730744 0.7551545015726581
13.72722029347309 17.41363337282726 0.8410587211266611
46.89776038559981 28.30091094099959 0.8346779695542239
21.06831113205678 5.087989280506964 1.199104118163121
34.07117911990321 30.48131301742108 0.8006693544106432
8.545136740219377 56.85226113901113 0.8614230963593081
24.02570543485959 55.16715328589415 0.9814235245383168
30.50218125456114 29.43718859527129 0.9862087693101075
46.34708830963219 17.60135264350164 0.8852774242771613
45.2325752127136 45.45115487671045 1.201028767398971
43.97293855947114 27.94901205270971 0.8348709460179937
43.19929227847573 34.36190832749098 0.9399489056750124
24.28552588833753 33.09705263753284 0.9838687158678583
14.66285440263471 27.21853608229129 1.197414021455568
0.2124433648830482 32.34630075672003 0.8473975099885442
32.19856186918847 7.185583727520696 1.090127070043246
6.924733390996574 43.77288471338008 1.127978249653243
16.21007328210868 2.234168097485866 0.7761696760118949
55.02826731560206 4.790516450437957 1.249488798562321
50.24167132714841 7.959683596603425 0.8730104364211588
14.20985452793997 13.87635933462361 1.088238942783319
33.50619944394855 53.90108690406247 1.164045129339923
48.69196709603629 26.65355640633663 0.8225149463106333
53.87209248862792 23.84466064295017 0.9609866013650303
38.70112222884834 37.03197075474633 0.7094278357761992
44.21755448226703 39.52697416559187 1.081641862275116
0.6725687848741975 0.1046342701207075 0.7473742109110861
2.338802394149267 17.98215607366625 0.8141601470938239
21.67315851742083 23.32554745782425 0.97076396971048
31.28523108097037 18.45285310337918 0.9477976043816941
28.79118917919285 46.11680719308406 0.7759048053287303
28.2339091669926 52.36819935374344 0.7450187716153833
16.93054371882721 19.92587623648619 1.286634963417964
26.28069773515719 18.8938481956226 0.8460641548971896
7.407421613301812 7.981819937462834 1.262111527315716
22.53663652694627 22.55407282037384 0.8815311175550749
43.24800770275667 42.49052533809586 1.186597809021728
3.472681385219414 4.109873378234856 1.119435226604737
11.91235755473019 7.715679960658624 1.223210871769602
26.1685330905805 47.81589240199695 0.8560995748121381
32.31439580224193 45.03053300037539 0.978449985373866
23.47418117917803 5.420488034570817 1.35411592966721
11.33865387939785 49.75487891433522 0.6529454344113277
0.7366988517980552 23.24015515401967 0.8510698207479221
1.755737880596769 22.6182028872977 0.9499320263077646
45.17227573421424 52.63153628941231 0.7725265772472165
9.7828997456389 27.60899059502827 0.8245543305868934
31.71886399980582 53.13070391450576 1.146373489870146
20.97126111805963 50.74356722260991 1.173624248996874
41.55945959806417 14.64268829936287 1.100862388087316
35.17032718247284 52.40480878828318 0.7812230572550342
23.18070169732939 41.66517444777543 0.7728943217921158
23.9895475180771 34.51935557672724 1.206350596431134
53.2654310959696 35.15675218736602 1.061685200348909
14.54403887574749 55.02116900310906 0.9926444970991543
22.31354341065211 45.94723080887796 0.9553997469186125
19.55910372527275 32.096443156291 0.9339158591042056
45.35202428714932 48.27508537716935 0.9680739102077115
56.90815399955407 9.323285378666261 1.167329676069
56.4630795873064 26.57811214475804 1.210690916838227
53.87913482258056 34.63340674323654 0.7250755447585616
53.20246622674282 45.1636226303706 0.8665881240468244
56.73530248586801 20.19201371827722 1.296915040937387
11.49589744000505 18.94840927652475 0.6945972408831403
12.31210798225929 26.03993634229523 0.8093793831680713
49.96750380469835 39.28312166374322 0.8573966717799815
2.034293839258279 12.52660750342841 0.8453303717854875
16.30405756193402 2.731589054098162 0.7796048415018484
9.865600593791157 16.21221153494539 1.135005464505461
46.15136078985006 43.44528624482699 0.9601255917442393
10.39792086575084 42.35382699005018 0.7556768870197087
5.545840708327406 54.29188705575275 1.041356101966988
44.28857917305481 17.04173814833245 1.092005573686015
12.68775021223712 36.04917826878334 1.28484735847134
15.49299619602645 14.7220440514954 1.015291702434657
33.31255929465991 7.879843334145771 1.223664335876542
32.60415004361614 43.17815991499376 1.267279499539609
38.06241308202148 22.54071290071155 0.9270900685635921
56.17697854953677 2.524778367264559 1.192465485001829
45.97006463863424 28.26642662066334 0.8784077464065798
30.68216627635163 20.57897346074645 1.211674730315665
17.8708604899565 25.68822911879431 1.271157329730253
53.26974515955418 34.11115679569131 1.350192467403667
10.32103132797453 37.97666645980285 0.8963732505694337
18.40059789242251 25.81402752400098 1.001549056872008
17.85622697223733 31.2907385571351 1.082370543444067
15.18942969440922 41.9482818678712 1.09487377521968
7.488994742040054 18.12674155650974 0.9633939564242991
55.77662117023795 25.35750049695256 1.045038996421024
53.62392711761591 37.13724714570551 0.9388871645377495
8.325659216533257 35.0235770633554 0.9351980979121883
3.711806155607014 12.63499923685333 0.6586232464415579
3.307676502181066 29.00072240317274 0.9679122062561851
9.977388862975589 13.387016752915 1.050676656592176
39.44273538069927 5.676099374273838 1.328486781901625
34.68736918023199 41.2196273897866 0.8247742942276025
12.42006242481063 49.8767989011839 1.421429530134795
46.12864165107191 33.65690397315515 0.6575359960964168
49.49656704137873 44.90526279476716 1.072632081493772
36.08889500335273 40.97760779362992 1.011112129896487
33.66190859799362 52.45414913373727 1.096034907384129
8.089148344047903 13.48180400230074 0.8016700426903797
9.374437156773375 3.075567204540394 0.6015288915123307
16.46258395745539 9.553247239698305 0.9394774431520014
25.0279253940228 39.82598437500465 0.8815750220336719
52.592093448896 50.21352096936364 0.9792297035041068
34.47245899051077 41.72073509996791 0.5848954762215051
29.62599786819238 28.88482938608379 0.5581610193396663
25.92067388953673 5.27794641874635 0.8334425604036477
46.25555421237627 4.185069518715641 0.9930737833198341
0.463717973541337 56.42968171249595 0.8656874273851087
12.911485688254 50.93322142908966 1.087930373410904
11.62843354867233 40.02199757379573 0.9919130246725919
49.57524481349403 38.31297281631873 0.6991486043228832
10.91700188113237 40.25781592086787 1.146163292597044
43.36044945305234 36.62036081292683 1.283348645020467
28.17613456220186 20.83290841702042 1.069519645756312
47.80193444890992 50.96709378108712 0.9812523924844829
26.93138883771905 16.72260831190395 1.235012825257949
1.639619277156712 22.19589517833474 0.9064429674573337
44.93027607162031 43.19840354947299 0.938127871839287
37.13162497856264 42.377195071139 1.005030532305762
40.86375930712733 50.41667240085857 1.090994563048272
31.72964521717729 24.38521445839909 0.7230593653473609
16.69681998840385 15.75791258120812 1.013362806191532
23.89017785847661 16.719369280487 1.15765149881501
28.57052209161712 14.69211228084383 0.7577945322830122
52.95646068777724 53.14689777099849 1.038019300773298
55.43209759398927 54.59607996493396 1.212654575030846
40.79448351440694 49.0915544452572 0.854668129939445
44.20413537239848 20.92610846642689 0.9657214965653045
14.34278084074277 47.93696209366292 1.473495213097821
4.506898747061798 46.07242605792006 0.853014436415689
4.830338612585487 17.67000460329931 0.7345291740915854
24.26098817692184 0.2086120067204405 1.041672290882898
16.92798128720744 19.7644893083556 1.04176305518573
5.843278289699591 27.61444432223888 1.213900887066202
37.5459475305611 14.22286089892632 0.7500597908155919
33.40489665344585 35.97804509800768 1.135542642283925
43.83924402149359 9.544554056387653 0.9653767166720379
16.53953279160873 21.3079935113471 1.101135859007632
12.24495557846732 42.11934750951797 1.386848863133078
19.95473969027155 27.56713213052933 0.9694360343152003
45.23713676037134 30.58405442190545 0.8175425749494005
24.99369033612017 36.43110397710982 1.271436244032913
56.19559328546542 27.5784987470035 0.863190934608422
12.53611591902381 17.46199347007181 1.324490831397022
29.06010852104989 43.50379523285842 1.081110121791137
35.98908383259042 51.40052723158175 0.8337733952544475
3.945081261426714 55.65675237619167 1.311171785904902
44.13632133888841 41.55753002388288 1.055361800439801
26.67687750685815 49.49380569881471 1.002063196930488
26.94840904788506 32.99994375184176 0.7960356862064681
6.583998147204517 42.27257433779192 0.8281035642111944
51.61664975882352 28.31921860450842 1.187023892778219
55.89771737805462 39.73036185360065 0.9890550130647021
11.27423648781806 6.734214980962786 1.290401008960237
47.97560926385951 4.872533771150063 1.086612129614799
29.46288606313191 26.96469306990723 1.094003163529337
44.77567228804141 39.7759239793643 0.7963313057420174
36.31061915369268 14.45254976835686 0.8188404781900248
47.45249352019862 49.54861367985076 1.030705601681117
21.44457398329143 54.03649166740314 0.7137027524741164
25.35571027191156 5.015433925676827 1.145491701548887
9.873466733318505 24.25342762342348 0.8927126874937142
30.98764260438627 20.55822105592034 1.237064392408012
7.106794077952762 21.96325184170308 1.388141708926844
48.92794491161031 24.70381582980222 0.8523730748048917
48.14978576225684 41.72096580905885 0.915346213591823
21.65030804539579 15.69763035545947 0.9981952276391316
41.16256768589959 0.9609271725457754 0.6528654493758324
7.219955374123508 20.60267361747226 1.04746839988954
8.980910990843974 28.66452938395763 1.200329873966967
44.72575312607258 42.99487553024426 0.8578136465107442
48.81753290762079 54.59921985939108 1.091687249511947
18.74692308052765 41.23594573151131 0.792461903739728
0.121549716275907 25.85371715848041 0.9757779166078394
5.423397273022401 55.1271424848247 0.8167477255775143
50.25612037314853 53.57318306182194 0.8219594297267889
54.95982676835722 4.49841628619396 1.275941725275168
36.87570879602605 39.12239445425681 0.7922579724562226
41.34382824336357 48.26772779564733 1.021092516355078
51.33770173803796 29.06958134289346 1.272379215722204
26.66880120228454 44.51090645301664 1.107102574960122
22.71856330601432 45.4157242828122 0.5174624373270094
14.26944141474992 34.94604973119965 1.021045550754615
48.39241756563653 19.69283868777232 1.303803665138864
16.26602172305157 15.92130043027983 1.105665934495325
5.826616352808949 14.22584849140879 1.246342107023301
53.3482429456656 25.87906022829891 0.8598459070405359
52.72821406867737 51.90293471091564 0.9200473387622449
2.438537440466945 22.90218733106841 1.375225731967939
17.62450434855395 53.77623917850491 0.829575530593879
39.39801407437679 5.650037077092583 1.284018178449617
10.05629410597323 11.14486623236205 0.4733259718567144
46.0909159635617 19.88256766501934 0.9987572213354895
44.01857423503817 22.16410812650067 0.8074112203665572
17.51044442295583 1.505125273254293 1.101753601676854
53.06004710544834 13.85868734207875 1.220704828528905
8.761622026451688 8.942544589258052 0.9878616681126011
18.14503772703234 11.20015946691863 1.389066074269261
7.976398645423538 26.81650056774565 1.179010136291089
30.65664969694645 47.9078724430445 0.9188838494995107
53.55790954667977 1.513364523422608 1.104810973727985
24.19953000368529 25.04805961951989 0.7069552036301108
44.93062728453923 12.85767427918393 0.9487320354754791
35.45455406720497 49.46173286180093 0.8121748088871469
2.819454791871577 33.65271466022949 0.8059292892433454
18.04508789723976 55.87950189731992 1.084924507858352
47.66776304490295 56.27302405530262 1.095369359375957
54.37181798805101 8.812800745392591 1.010205799857792
44.58234282097888 18.4495821411021 0.7432445584316434
56.03305047612314 18.23899251792533 1.062990383886444
31.29365628924857 5.915364104283677 0.9365040227460367
49.00348541699512 55.49318629293385 0.6376916579525276
11.78363220709545 18.89405100834279 1.0837462934258
30.70025974032481 47.23818627430042 1.098836134201087
6.778148845200496 14.1752386354726 0.9076208107128222
23.49524461128528 24.82323674244025 0.8583340528337082
13.25251014123322 3.722503551152769 0.8490296034804382
13.27967061581075 10.62432810274154 0.9206202114921885
39.84087801111903 0.1176471175242435 0.7330450331055396
42.2024362791341 38.87392846069947 1.122174340469155
29.36404932772929 49.65029592469814 0.9462591401656091
0.4752549410216766 21.36753471818172 1.033784673263884
39.21012020586529 2.927114371642058 1.225832320335082
50.33272969971073 12.91037991964742 0.9110660117971779
24.76668623358323 31.91849271157686 0.6194277346306509
40.25480109558199 38.01919637481645 1.109954445021604
48.64352450410068 48.17630058581769 1.03136412423724
20.28732582288204 31.48440248867702 0.8798565125791302
0.04965293875413618 42.72238025056309 0.9034891452057129
2.300883263489643 0.5249079063185061 1.250808045999841
53.37147985276369 25.29631627085447 1.048803015246365
2.210415067714832 46.53678047216347 0.834969863729742
46.48022996330644 48.84858196640787 1.0104110568527
31.21147944694919 14.24691619688967 0.7086783490945205
52.26611257170612 2.408070914171669 0.9017506636266204
11.00075220083853 43.90963704926411 1.023660857736449
18.39403951139843 41.87831920333129 1.187417698801796
36.7778401522794 31.75237043423223 1.050331871703483
17.47475065825263 53.82978983215512 1.139188103576283
37.35240099735204 24.56466562699744 0.9073017249543719
13.86470074852216 43.64563508641237 1.107534013300112
37.61230383935026 16.07511581623699 0.7584057692631405
21.03844078119772 22.6626454953396 1.063187903059414
2.445715566838959 52.24992022814691 0.891444446133079
9.716200717592706 32.17567426393538 1.399134633459806
28.62086115899536 20.71695291843123 0.7970973338867056
52.0050309686945 37.47935082459792 0.6965312093328154
7.083551835773304 31.7828710944312 1.019536738033281
55.44224821005121 48.96276518281678 0.7265013916080603
54.27113754408021 45.71640344369989 1.308815127829865
27.21095410883937 8.544454062145414 1.089063616025048
52.48819021763661 48.24939489003708 1.100044003560336
43.4993150916413 11.11666124971428 1.010245518755474
24.14669602929926 53.21551580923401 1.017143975093873
16.93246870112255 5.377646773763768 1.01045014253633
17.97278979419395 11.93749966981704 0.9281202987758249
43.72037076424824 55.08871885719184 1.299674528352423
26.66880000786334 55.33073494971298 0.4598107111577853
47.29350013252976 25.06632826526944 0.8876554078512467
13.82745163507175 51.57225288384233 1.217616974610458
36.46330944796247 6.413120613625795 1.0947524299933
54.73394422732943 31.95149966559908 1.001872148500758
29.88540545007466 41.16183056876149 1.111054999096145
40.05770500798603 54.03210147937392 0.9045872732759412
49.79965864112584 54.30981507911804 1.393966407056874
31.72768729539946 10.7724484087771 0.905751066771571
35.82879006528705 52.96768548664063 0.8337615518082805
15.6734036978676 5.497590046607698 1.043747674762098
30.60863826452225 41.59192054234069 1.066631365153484
11.53492268432627 44.43608989959401 1.199508909930379
33.62558003823533 15.6274828210601 1.079485563602081
54.15020985582387 31.35952423902206 0.9684547697178933
35.97455590170554 43.35827300527984 0.9010751293794894
17.49648936302238 16.35190225315835 0.882438707051132
13.66171730573369 44.43600076922961 0.8980165800306505
21.06859641292533 22.90903202812608 0.7815261784290414
5.394976498277381 13.17513789803495 0.7306611109902635
7.162683779915182 36.00361476279964 0.9829873221830506
23.43970463585095 33.93123181347327 1.045588151589194
9.434695679896835 0.0652846475435815 1.342767324949691
1.397630868664771 34.72537688385945 1.086144956995964
3.602085031383711 37.37218677037032 0.7314830176703399
53.72408902352866 33.79196333642675 0.7309415692443586
31.39472239855431 10.38580630271966 1.130770016187702
33.29483833084574 26.24864974210442 0.9603158369213322
52.36070526314932 52.17155584561245 0.849737355588481
15.80302932057671 3.199001133534592 1.055438666874396
40.04498397095361 25.23772500047354 1.020099192321661
31.82263053619425 34.68909469418652 0.8763999207327504
15.74139572667954 33.22026140485902 0.876493071556847
13.59244817522934 33.49812141409988 0.7830317221461357
40.44205515246934 10.31653717221531 0.8919069388703259
20.70234350147766 31.51804885618298 0.8559369514948387
10.3000963094179 53.9971818323234 1.025842772438119
6.416483307451235 0.5154313684978669 1.027805992736032
44.81486050450004 43.17577983167757 1.090492064572247
28.85561479900759 49.63906677283303 1.089001371512166
22.2778661024188 3.678245335201847 1.393590707044059
36.89850674006087 39.74263301852282 0.9515482644539321
0.3627425606189028 50.49095491529021 1.189434635772522
3.807492087505521 26.53083918314932 0.8112666479326321
55.64157526411189 24.50983558898318 0.9336162785520767
14.60247311955433 13.67575504615705 0.9826033196934689
49.52502423269908 21.01895642700557 1.145039935012675
7.194736232140444 20.82036994063313 0.7652289073379979
40.95777450919048 53.56951719735261 0.8950266405972783
46.20858397018564 32.77240351344105 0.8795090964708639
16.49163464339992 16.53674541066249 0.8934478337376078
54.95920561624654 50.68858838625652 1.150891037947659
42.05097201841463 53.60078085381574 1.212151754513218
5.542452374260152 39.7054413434609 0.8503069598705589
44.91544661573854 20.14492549381448 1.035208672758284
41.16388192082005 10.57238277773018 1.097985208650364
17.78035553255135 48.35861815296049 0.909708441128628
44.9281353503131 41.88729015592825 1.009759824435954
14.5515193499399 34.13671929395605 1.084141190635602
50.67346470461854 31.451358985366 0.6413444541164348
27.43329535025791 49.95284310726116 0.8800807984151443
8.472975942526467 43.56497245168545 1.183388317859005
11.00297998218005 50.52394796094109 1.02153287708431
36.62380799214533 45.70820567976134 1.358134906854026
11.90684527433796 24.53925458134117 0.9713785578359639
4.979725403236097 50.01701309439587 0.9721787611822675
18.8604244416861 22.76008096233014 1.113263485984148
24.49821100407197 29.30376654458408 1.067040270282632
35.14046728943497 39.04973035401186 1.349995445334053
50.06679362387712 15.85728675306648 0.9636657397135104
0.8405712935331144 1.539769539860901 1.037707122319986
41.04495523313291 31.68752546640463 1.063069221378367
31.29621813692908 52.95180050747087 0.661676995105944
26.96658641331204 17.54199357262905 1.292373273481203
16.35344372007691 51.46479741738401 1.12878412240745
47.29407194177344 46.60741206566217 1.026054431803087
53.40019647236922 17.54559183285832 1.255901856348093
33.4028786124675 30.97416303026218 1.023267066788709
48.00675960956456 35.82513781721943 1.156409000234892
21.41315027438716 26.86266951256556 1.153695679788866
17.7580025502285 52.70936843785893 0.6957827439976272
35.85871772182114 27.05431213837783 0.849795598544738
21.19128804895621 12.02508007363653 0.7587556026101911
42.62267187965227 19.41283376347871 1.013554435671545
4.001933401451415 19.13719962450545 1.097321544759584
8.744611663624928 12.0992761650585 0.9453498401447387
11.84159717608318 38.878203400354 1.087545456025562
24.06961357922741 55.67008073659152 0.9349937104086772
35.6435028750652 45.48276385361457 1.134959009143796
41.19213226493082 48.34722024265081 0.9839183582277983
13.38628799672531 20.05084996020927 1.184124141239644
32.07593003384579 11.5561110263486 0.6940603192834851
25.73545053449248 4.643003680111376 0.7734886567754862
24.05583744359009 25.06606684628225 0.9017430785860109
30.4953220121075 39.75491716282205 1.242771718950896
51.85419332788055 31.20366933904759 0.7934409550241056
21.11813707608643 53.42045953610002 1.195688097920301
45.99348532734135 43.51775868028298 0.6762016027126752
32.64058421675143 24.63698820240655 0.9305985905910623
21.03849360115756 16.19265477228568 1.008890261299726
49.52055465547394 34.42478162442556 0.7815570993891447
12.00235767010709 11.31943476634074 1.096229492025725
22.47819803630849 37.73780820459957 1.178820481995446
49.09593059220162 40.0182759165849 0.8509557642135406
11.60839830087889 22.59125260430912 1.185536310019218
4.831186280041554 17.62738638074481 0.569907576425337
5.174139802890894 25.94932335612798 0.9209547999761447
2.919826836287895 3.041331217643493 0.7054003752005203
11.14004358422945 35.56041105303932 1.309285649240061
36.73374549240514 48.71681302120761 0.9826417906529503
2.333220863869982 29.25430012133639 1.37240059480161
40.17638713129628 38.14395228919757 0.9128415718060804
49.89616041579105 5.654585141062078 0.8243860938240419
49.19691662220141 10.97769105945606 0.9140032525810026
48.87687475228537 3.805314896537603 0.7103630703910497
34.77578536038091 38.40012994380674 1.106004365832172
32.27745418589443 39.9499251632718 1.042351470218582
7.572210067218268 10.26928013622262 0.9497480128822725
49.36663129384007 18.71225365144771 0.8958466676765293
4.852819743032017 25.56343665512439 1.213475406086314
11.76176370855503 7.186040606902 1.017894100010027
45.76276625635231 37.99412390775705 1.050081279260198
19.04731061684308 38.65892664560067 1.137409837306017
47.51752548130114 35.84562564447784 1.220762111901466
48.90676214355359 39.3944002335865 0.9054848751160085
54.04446803873613 17.42672587485366 1.348488758503957
6.875835698040126 29.32192219808787 0.8379920236991795
24.49456913419746 11.01385354158182 0.9223289476672186
26.66111475679144 13.32426029691671 1.407129941237607
38.88769697858379 42.82056793748428 1.345649786159429
38.69997510672546 36.70543375504456 0.8929103019101989
17.69955763625892 42.77123688197287 0.5069038106528425
9.121667955593052 4.348266658535351 0.8023529228368874
39.0335936704807 22.84483281748594 1.179265973618443
41.08277586385737 36.07806168267413 1.15445855692376
8.399983854219309 40.64820973046506 1.093440272452032
5.183900559872343 27.04720610196106 1.01311512129937
38.06105964354289 18.25818556605754 1.223659142954633
43.00272999098652 12.11986387247213 0.9664624148714094
54.94043180995641 31.47209517260645 1.197645407452559
4.595860671529482 21.6643580485435 0.9819233057865904
7.435594903973674 11.05650446473458 0.9226039140984995
26.64368496632375 31.13590287004407 0.9131406814315748
46.74297295312535 49.72929157210947 0.9171345774356225
32.68241006028019 30.82574879044003 0.6559566861216027
21.78436035233753 37.20733708246021 1.008428388315811
56.60217848308486 26.96826091220987 1.09706387137924
0.4354666738936057 2.229554924289489 0.8693699253813707
10.53988751375111 55.37589848385002 0.7065289875849488
20.04025653239352 35.63648657949478 1.114225139151854
37.43116651961169 27.47585143636719 0.9658819072995914
1.611754279868563 0.3886889193154354 1.028971101625608
16.91242872872969 48.35472723299392 0.7075501746001887
8.548807541629676 43.96483637577148 0.7188992418332222
2.132670749040633 8.150985998171841 0.8751848573507345
56.35023531706549 13.57982786771833 0.9048715329293744
54.70281676142608 8.807670175473984 0.9090897655081031
53.514181892627 44.73887519665941 0.9152442541098331
24.90492419055892 16.55443839847782 0.841099019482604
44.03028986138771 13.06835279384086 0.9648457420696196
12.41094216956335 45.64204414125627 1.01658195928931
36.99677137425019 6.575022204581193 0.6970481779484852
21.91820971384561 2.177247371141448 1.621318671029513
46.14208374691293 30.63302667328763 1.000112416852493
38.61800325364712 3.075181008351585 1.194188672871379
16.65500890261261 37.72305734163292 1.236274172632649
46.7759087461866 15.88429734105444 1.408551607583557
45.55200901606679 50.558397510349 0.699923554495665
48.92996104151474 11.9273707391356 1.006148489844018
24.99572353297645 11.30543036354027 1.022577623111801
24.60229499107334 38.45276527267544 0.9160209762001172
45.02778747725663 5.547010975678922 1.042616113098262
6.776313709922281 16.52814334841824 1.120090652395237
47.16117002170587 17.63203148480134 1.036954290428346
55.99357849172949 30.18141060191272 1.103931205142729
31.53288473539654 46.76580866741287 0.8916386891323196
46.18931259456524 0.1863580286439313 1.287029869022728
50.74475556553563 14.07129229887915 0.7075734963902902
46.66869232322494 49.63924375951255 0.9326276466659648
3.944674096510128 17.63383813976954 1.104847812680134
53.11718112887684 44.57347541142882 1.285436627628497
50.12048638710775 29.00921821501535 0.8585319851265403
0.6731119014663212 29.13451461826196 1.227677953705298
46.76654610306329 23.92119416358005 0.9579320734125357
21.01569252508492 45.36681613203456 1.106423634099333
33.74299488064973 14.10266624023331 1.344453539551841
21.68596910950074 22.93230744867227 1.155168679657549
0.6736290062189237 8.033779834412867 0.8561326339194352
0.8985926657442901 47.34232132944386 1.050614682326595
42.26888684102748 42.31165946242943 1.197715910412239
5.806096674318471 42.94199876903649 1.049710263485801
33.77628069220869 4.212720130669289 0.6872384290445874
54.65490653629178 54.79197321729361 1.068555409505945
29.71213365938148 26.32253111681088 1.165635290783206
51.32735430790454 51.39810279542492 1.15143910600811
16.65015841119465 39.12399585457705 1.068731296605204
40.27078887460324 17.32318197857737 1.257839178904346
21.94087964247022 44.61810564977029 1.069988481373539
46.40144432168521 14.1320527177919 1.177010131852401
56.44371218022132 27.22108080993457 0.6044200013615657
17.61232990520649 13.88988620782731 0.9485048120015365
35.83438770698122 21.89271744754758 1.059768721045827
37.00467369146862 30.16174198834307 1.021698169677227
38.77812056512484 54.51622337871986 0.6512013316480909
22.18797977556846 55.42827897631949 0.8594806742334549
15.75146092835416 12.69435087577177 1.049643966324561
50.73629468387752 37.69234059736707 0.9576243218004303
14.80807014173273 51.2681054688376 1.145939951501223
48.94852144455002 32.42040004693921 0.538285281174675
48.51301426650631 18.9895943794351 0.6513557265887528
36.94274056327657 27.34740194694484 0.8129695467573602
0.5091439352879039 0.173132016869789 1.200463293581065
46.20692645861158 39.28726450041275 1.199117452217408
16.85367483126636 53.4670044050864 1.314770058375768
47.02392547811564 10.58996951514388 1.221639044693679
50.72770852070661 28.98373826452705 1.066590909751632
12.06382261173046 8.535778635896639 0.8664024737207501
40.95617868283585 31.40983535694416 0.9713675862178507
53.91565863039143 10.76518927410487 1.40031041391954
15.77607479075718 13.63709548052265 1.055118334206683
54.56058811049936 16.28521872604509 1.149111135105081
55.57248325300053 11.4995828929821 0.8565314186410624
55.1624207502056 36.28802670319007 0.8808242616090656
32.75503108173378 35.85308297344162 1.153161508659445
25.60606509661584 9.914376057644549 0.6129134088349895
38.8981143221716 38.25328756228708 0.9024268989082933
27.8695522266764 5.14995802899355 0.8459989251167983
36.55979338593772 39.18129019587361 1.127137330382463
22.59092015707443 37.23022673150069 1.16003227507843
17.84340058725486 43.38603785698583 0.9940268217371908
8.982799264594354 15.40398869775421 0.97760995024681
2.171503213779769 1.243739782946063 0.8986666260145987
34.29260968151158 0.3339239639853704 0.8058303863647646
15.35001954545734 13.28679756786991 1.326072646298256
1.974850150279165 40.95608464207318 0.9688560001307127
3.289858206310243 5.099287921143364 0.5083882285880751
9.417602663122864 31.15941043298664 1.13310007983366
33.86452445102135 8.576061446487932 1.10530172705249
27.03926606757532 4.474487464164611 0.9118891259866679
3.286655326041698 50.53178190418136 1.109382826133779
35.69759131022617 5.458158566364161 0.9711212070455938
5.792082530349531 32.30728817326356 1.043338341792821
36.1119681685753 21.14210207580687 1.113740404305009
5.098186691337352 11.79525934010523 1.202808497955695
9.251133393147557 8.388044897647596 0.8053595751118099
39.54745533063424 27.1437932379282 0.7702339938161142
13.35197031141816 25.53259662004774 1.164659625463584
34.10865806653567 43.99209864157815 0.8984130154891159
51.69098222660412 38.03042329709531 1.304497619481714
50.93498781879199 35.16142062245003 1.073131511867413
36.08328942539323 29.63257910247546 1.066396691073228
42.62278009421322 46.41166171916372 1.341146419109519
6.166099232698837 21.73474823624582 0.955073195591836
24.03999535741284 23.44999157518614 0.9399841265682531
30.74143600451827 6.587450661504385 1.050206107192471
32.12004728155213 10.54661736057448 1.071135382875323
34.30990105183325 9.22870532154511 1.002194148287519
47.25912861864042 29.41348124547558 1.114064113561818
14.55239077310655 41.19411643743241 1.117544716297972
24.49449128447775 56.4494756075784 0.9124237185843739
37.60614272281813 30.66059051717659 1.197162167948321
25.4207754910089 24.00579034583913 0.9266326982251049
6.811856924468585 31.97621977840374 1.127354760068113
55.42621135358988 9.819926272062551 1.410381562021347
37.43930294338581 49.01999614016152 1.011831873241615
21.78805551994036 0.1053294498032562 0.8873249284961289
3.224116838641519 12.04718413858078 0.6268503778658007
53.24130057601319 37.09371256320445 1.035451961268836
11.41218781024785 10.06799606283568 1.440867554142472
9.517471670414075 8.894336289676994 0.9873926531398857
9.567269611902194 30.70169548769561 1.065173306316447
37.71795201381573 8.390476208362019 0.7714641316467713
43.60590239968425 18.15725493065885 0.8764137721900616
14.74246854788739 52.50466067553715 1.010733173642377
3.082415272520117 17.96658538652891 1.039252557002714
35.74309302481966 3.793145337045726 0.7995066212610903
12.69493855754609 47.15528086161021 1.154568334855836
26.06195992979312 23.37861309683817 0.8187390819429938
49.87746844062464 35.62922954169532 1.056139636464317
56.79781095348196 23.58153949937855 0.9641223733969454
28.57377051914752 37.515762940755 0.6863105044836436
55.67301787141385 32.38248802972142 1.081764873113028
55.69890785342963 29.38962300046795 0.7450179170209266
24.8942836760051 38.44198915150109 1.116150617265812
31.40796178784592 32.44612846358033 0.8668852166639249
36.23927382716875 26.73815367684614 0.8951213944616714
0.3063356211904136 50.10041525359285 0.9691590745762291
16.47902832388833 3.598754241875724 0.7427823515523533
4.997525092678854 13.55933688187941 0.9665756675121148
8.347131299947915 53.32827639036266 1.084634259068236
42.19633923666381 36.92090181909543 0.6884104807901443
52.10057473792721 32.51705717598882 1.14694659296873
49.55084294758311 50.79948256481415 0.9958770549507083
7.240858939588469 29.80096382591918 0.8350123251887168
9.352405924979786 38.64882072743439 0.9654381415283859
48.79987551355729 41.48636611666826 0.8425540673379658
50.13377474766866 49.1062111612904 0.8744999288086031
18.47450671227393 51.06580966760675 1.030995876157729
7.453814764252778 23.47203180495278 0.8304659291774507
0.3125565914961307 27.28317075235917 1.183866694070275
52.89317966852951 34.1565959226138 1.103358063217765
9.673653072059924 37.00236861780396 1.084576770924194
41.79323691818549 14.58033322197401 0.8643823662224872
30.68291655866565 49.6283893639354 1.191706329069078
40.66081236054227 22.48279207222294 1.297980501519822
14.58900320697064 11.7015367712367 1.315999646488973
37.64964763058799 33.06350991924457 1.02489774700844
56.53554172419735 13.39249293524422 0.965911215119027
49.08774262251693 41.6223732664354 1.211150368094303
11.90554399225188 25.25795042666511 1.00873655766362
26.55689513662685 56.35706968901543 1.166863786849373
36.35943828027669 1.044941671679235 0.7356207001522115
50.81088143066079 44.27222367155935 1.0672007494507
4.537414961279097 23.76195408811884 1.149618323620067
30.82056781594668 45.19822732182137 0.9369153956317039
21.99281440348961 3.833749340769718 1.054434130154041
19.63686001470166 2.642462007534905 0.8585341335017448
47.74592440237567 36.43280098421164 1.383722470319034
38.79669938878934 39.8336670248926 0.7757755076051354
32.23396623890566 32.96071821635623 0.9037223862280142
36.41942057359005 1.790861348989821 1.146541362621121
38.0214095576766 11.67722613256296 1.023145957408973
53.71606702530573 31.83229096179469 1.145501170807995
48.68509208722277 2.801804776676839 0.8583114901278903
51.780360526303 13.67790646416969 0.9377480539369325
16.32036847170459 43.53281340400353 0.9033497396217135
39.82142696800708 7.066292847537572 0.6794729998276388
46.89995987243017 44.02078858577683 0.7422329860182509
32.77959647717867 22.13392608479314 0.7771202212581299
23.92478743378296 52.29929468096201 0.8835285036505864
7.870142351309835 4.946196964916865 0.8528958375723859
51.38131393137449 49.80295739360292 1.053946950031468
9.412835356505976 7.938372547709556 1.041909421960193
14.77583388135574 17.37573146837565 0.7458286747481168
45.84557566412053 31.09620235306034 1.000991019291158
38.16249520059791 26.87415923405167 0.8540705018119484
50.28512893583864 28.06245507302808 0.9494249758240253
50.19638115782122 33.87645462196155 0.6966868282529124
38.26374241070065 17.12116859160418 1.262899906931679
22.06736555652105 36.15227008990583 1.010074604902285
50.72009411208336 1.845853483232601 1.156842269014231
51.64881087683551 51.49107606405908 1.128280810857979
53.03978056462471 31.29680550019108 1.164446719904793
41.46103968911853 28.06423422976594 0.969034033966377
23.23773883992701 22.62353486317375 0.9626974664255866
42.58759313569758 43.88237109402305 1.049655641755279
45.70979590560766 23.85133551985553 0.9613796798604054
12.98522025532332 26.07090521560558 0.9108704917484837
54.03781527189436 6.705314367406682 1.376768109791491
51.80672238432184 22.5655695756737 0.9793005318015021
33.60713199042116 47.84650294894655 1.003555007169633
54.62646083795767 2.587535672629036 1.129519945960531
39.56097278118179 21.78215016880173 0.9803965709481236
49.84638442511037 20.39601077344083 1.112325035995514
46.64554730693137 47.78477788892797 1.254244440664356
2.618119146031383 22.50647165836136 1.180910816323389
27.21390831061355 48.32791505163904 1.038604362018087
9.21346018054218 2.343027433540219 1.253689955003508
0.2883531587609803 6.251275425893849 0.9964405357206779
45.36733137879862 3.855064158726048 0.7652076200777781
50.77068148635825 21.97446334267709 1.043903706930284
14.1101780878893 47.37886414182319 1.182280698434469
0.7535839596547111 6.956562486456969 1.085543862005303
54.74134037538494 47.69375341138512 0.9197700871522474
30.73066850971927 0.3594594948736297 0.9423856313712191
4.901059654960902 32.4503779222492 1.007644624116775
7.152110152948699 13.9494014559078 1.044529842027017
17.49390487442441 12.50603272230645 0.9816297419623977
45.05922780188696 11.6645036356824 1.047480969291515
45.39607520466488 18.94423870274063 0.8851020018743126
28.65868412547684 46.14965916431959 1.356634036249254
36.54879043090567 23.64214153803985 0.9152185704849646
30.12731239904059 10.27945891408224 1.283866013798673
11.22403570787238 15.68897555288345 0.9138803334032393
45.88556969020775 43.3860604713606 1.116245710416014
18.8364383936098 23.741920432887 0.9378771709371021
7.736030774533763 22.49192820000086 0.8796560750599016
19.91809946620748 36.75526681251603 0.6243241733507028
38.04652911147407 7.977327241551749 1.085698920927878
46.25714725174808 36.81584565286331 1.118708819607058
4.824828429066031 17.91583135068223 1.366292927248454
0.3493903383376963 5.514295221545871 0.5828741446268925
54.36777118284617 30.47670276392098 0.8476732140533143
16.80424020616535 27.01778987004319 0.7285650502967136
37.0583477686431 5.689809869830408 1.004955183181134
20.39007845492571 7.21246996299013 1.037063550937185
54.73221690847176 39.65144041956004 0.6654299502648294
19.40670720553338 13.79949546363181 1.131148078563474
25.62764361623099 10.82647765373181 0.6778745748737502
35.23054326382957 33.15001255699899 1.11649173690229
22.1221233187812 32.59831444667574 1.063681390862349
53.96768666243538 23.43095550054263 0.852066767061639
7.933667297909813 34.02603440453579 0.5557026063775306
30.6741924531172 28.59720455882941 1.038506822386282
53.5778063477845 51.06427090804291 1.150873653214159
33.71571130106026 11.56264087397728 1.048348802038634
11.96033957785011 53.12241853313633 1.374428560757575
6.948896160325453 25.0422215275663 0.8707187557600543
52.47277406206018 54.59121949346327 0.8544170882829416
14.19904756415591 7.777678410419113 1.672738144946871
4.42340878463509 36.32117088293711 0.8278586705300612
17.23704831080374 37.34367949298754 1.117155515120117
34.48107960609769 25.17071563525624 0.9045038938516832
46.50823327456985 45.04390632409784 0.9383789500698564
35.19904953530014 43.08603959581165 0.7916304518159337
37.39606282552521 15.82388850665832 1.152534608107001
25.57136493109696 49.35640242991801 1.045351931865188
29.94438559745643 18.89520320012011 0.9665347844074832
18.97572276972966 25.41715963297391 1.145464990070349
53.6905558871527 30.6854702311966 0.9127220042837147
56.30053632673832 1.113964671787789 1.103412538581319
12.16408877734285 27.24368939839475 0.828887379515296
20.02020862373533 46.64516838344055 1.034720712998842
53.24701335991128 41.92263828167815 1.140973873716429
22.43382881881382 31.44606289521142 0.8417999654961746
45.4547869523311 8.404740676472308 0.9967556892779584
20.3658945576129 14.02615185688536 1.006886025158015
7.959653099048722 30.70552870384675 0.9498949719588354
51.20740477098497 26.93537586877839 1.099422784345098
41.37929764267956 17.75877008529323 0.9589367691834948
53.92720889576115 51.38593873027057 0.7123397243261388
55.73646603000186 17.04403313577363 0.7543246940082775
54.84543038757771 51.98347938991314 0.9819810157840821
26.42954225858186 29.97534929494157 0.9418417829506627
24.82126523080341 14.88432918437027 1.202890347144919
28.91048104125563 39.1412330778042 1.120126786675508
20.49936133273847 36.87013414030435 0.8596917510900149
6.805509982540044 11.96945006538623 0.8407713184284906
25.40059351520641 25.26374374109495 0.9635389787074968
43.02251382638817 4.709903132035352 0.9596490526856665
4.165829861613843 43.45781306897188 0.9447527419977613
6.913320908748228 12.53766680859852 0.6997390500908512
42.83949115259549 4.758751269783243 1.061740901156547
25.03801044963208 33.95068843055083 0.9205666363860885
17.78151183844614 49.85927568043548 0.7803637160224419
38.30283486112153 1.545796775047573 1.270390513282155
0.615632743395694 51.14959661622979 0.8701453795075834
6.119046681616012 41.65315639397742 0.9245506395956882
32.68488646703069 13.90174094443291 0.9454595791042381
18.61164410301095 55.59887744001992 1.127726865528932
5.165213335848047 32.41284488160761 0.7339058313583628
44.95051169020613 10.23382652980919 0.9334716264838087
16.83728551437952 52.4716578621751 0.6594583119851853
34.73457164444708 21.25736385456164 1.024774017195106
14.98310272161993 15.78100706021348 1.032837723903994
17.32680383526106 42.61849522759137 1.017889307946872
47.43553419897125 33.57936671403207 0.9015520692320929
10.45632179847747 12.66557063333018 0.6358058915341236
44.43192471397665 29.06796590148842 1.062513517299809
4.480810783096035 35.6587834771065 0.9489288560062953
4.675672267878276 49.43132247330217 0.9083021839190513
44.90298033547727 43.93259910677215 1.22826030012127
6.388253719726696 17.3253265751178 0.7749079396689769
56.90383245092995 23.58555291387511 1.210868374464393
14.02314029635076 17.23063625964831 0.7275862776047058
24.70809671502006 15.40013517644263 0.991493648674977
40.53754304933247 35.97254478837016 1.067106670127427
14.63132823893397 12.6729454676029 0.9167066078099292
37.44967627918798 3.523938219306962 0.7762474889282529
47.45653732607911 40.57415699613009 1.404225076000978
42.67798318978305 50.21063734461117 0.6410562820976681
10.94784003167778 24.60081475814842 0.677998536127115
47.8462265333376 24.97098032802855 1.441955395099732
2.293960743254964 30.44291011963175 1.057532534970169
47.68398009970969 30.26217123226364 0.8281815373317037
45.66230643524896 25.45003029026558 1.175810683783908
51.36462157655723 53.65957963497358 0.8849273646411402
9.332525102576485 50.91806037533938 0.9113144379223399
12.51988803479815 43.51842835243718 0.9210096239951271
27.09258532202457 4.948700126702292 0.9714372086644969
53.18706267894574 51.78956768232843 0.7963264266210267
19.39038241393416 20.05560025295969 1.006762463272959
32.10588303865207 4.221833431730901 0.8781338153772523
39.86328744975071 22.39983567101873 0.9573134590388079
34.9784479550917 30.54726752291772 0.9586001667313099
45.93934433764748 41.32431331198863 1.116191837326041
45.34096548629039 40.30396588766201 0.9719403351813941
49.2999157031532 47.3164180495387 1.009970339907026
52.72740995778116 4.819803711408658 0.7097403952577774
7.796229045743229 3.927431697457764 1.114687079949368
19.94682702140269 3.983291724688975 0.886015835934636
12.21180099398447 43.22407747396458 0.8093598232079436
22.32921522545126 32.31767592174824 0.9888842232706347
35.7397701981197 50.37951849604934 1.105515814870284
45.62899846054101 24.67911450922448 1.279529247237502
7.983080370343793 15.68772470191481 1.317031783888451
35.77931350273048 0.2829960469542984 1.024023148350244
5.102799758362957 39.8389891268867 0.8202623791467231
46.50485032866935 12.89902883064888 0.8833108141416252
16.88232055533786 42.48342017758797 1.093521421661162
1.607878064554128 28.00051499065036 0.9444633792398268
46.13735500682954 4.984207747496761 0.6927080759394103
31.11251981887618 43.85486659959651 0.7562991659884646
37.23438506910316 19.35126944601129 1.029042134329093
34.53140449967766 14.93821682405575 1.453320638651332
42.79748094351845 36.63008427742407 1.2676629996142
6.607270302999425 47.90028070188141 1.103090826395466
3.799309505987591 6.23549417556985 0.9621728780899632
5.56379795519812 20.68163006132545 0.8470627913298087
21.22973341505497 10.12871011166308 0.9491728480294848
10.89094523754481 52.34225323393115 1.03755133240011
3.964485669026378 39.7259476975193 0.8469470428812185
49.15617860441849 0.2857190618690658 0.6003416805937823
32.38626595744223 11.03791348451651 0.7721684834668379
2.412204381270429 38.99353626044166 0.9815530834412721
35.10565689211043 5.737503692385509 0.9259700890732565
28.11677196115105 40.66945487385124 0.6015887323808766
47.84113092014618 18.10127880568676 0.9043154958367905
15.14540258568963 11.83248602497973 1.35325374119481
21.9611961366428 34.8989615332796 0.7985037910751296
31.71738923467574 18.94477284790239 1.237912446932493
53.16273460172244 23.47666342532107 0.7457998147573918
19.63788013003668 45.31891317959824 1.261648496420245
11.1010332834446 56.14864844463237 0.9243151280763937
55.91622618209395 13.51323769125773 0.7216109972683948
6.591924007791991 6.511287411447283 1.156654625303873
56.91729644449302 33.01105778804564 1.2345505554541
51.11233659373239 41.49237631144578 0.9737780505300034
2.590913336533547 18.1203528629245 0.8088381940398609
53.01931439620411 52.58490154686612 0.6304253802717223
43.49688234762144 15.5314921259561 1.335073750453748
39.00815555127717 52.13471408287749 1.120007178721605
27.97853010239943 5.770538038467308 1.199219717691272
4.919186456556984 38.92925290946349 1.21679740987756
52.59280107710175 43.06137116163102 1.077725288526999
2.309212732272787 46.37559725920465 1.35259957848143
37.49860396538796 2.226509150223112 0.822208220074559
49.98493651486232 16.49899158789729 0.9498069046436814
48.3379540025899 52.57584985139587 0.7501929982561569
20.12795932457222 30.63865882048321 1.093813981850499
7.790367808561012 6.624841645650958 1.114335605745848
46.28445859499483 28.17830649771649 1.171400087397964
35.4219158442793 17.26298867085156 0.6808120945322589
56.34255205669559 38.86803099274078 1.172796358799193
0.3641954811123179 51.93535313379734 1.334933230879517
25.92266963465264 27.23861488664458 0.8973278373863977
29.52346596518693 6.421273573497904 1.16804172343929
13.26685126464202 22.45006052518732 1.00692782008268
11.40911257379181 4.60480524068922 1.188355086557231
16.8102715289268 38.1538697011554 0.8874488466458192
19.66711584509682 24.60063933748782 0.9028440623203173
7.887841072346941 34.06316994180119 1.080435077408966
37.01557328925262 43.30975691662624 0.9535461962576061
4.744699488275079 50.66871064280566 1.072949392581208
52.8324487916345 5.108894969387396 0.8987945571004021
45.25676370191237 14.52673338471294 1.223700051419508
48.00046580610819 17.78022964055661 0.730183122442553
12.69035062645113 34.21485822285286 0.7463839731794515
42.9156503681632 24.09946322678563 0.9089522525438588
13.12792025139924 55.62993499246888 1.038259031939273
42.09543044590178 32.79503609649606 1.12336039280302
41.63230288803219 31.11841540230364 0.5269495278969086
6.93731170796664 21.64787615074211 0.7355124615084787
51.93218093688235 31.44474274127034 1.297309151096075
27.28176675004967 40.53624468694266 0.9578821609793058
55.0629780716556 43.20705946684213 1.077033741412313
33.31876009251864 19.01098500332375 1.032197523944587
53.22584325271931 49.58829965143851 0.9598616595309303
13.10857391921271 35.04550668971869 0.9878629473332657
33.67544168218758 38.62529081554398 1.134211597745977
2.031530267108013 56.90601598560159 1.119712390191574
31.02443136136254 18.43674428967607 0.8657873283466806
8.311709305882319 48.45260368029243 1.227019543645472
13.625475434412 14.63239549409244 0.870479587155182
18.3687459702458 40.90724221100437 0.8957573214097589
21.77364342136944 11.46844645564838 0.9373105202170405
56.04334800599299 34.88221734058215 0.9705159050523113
34.19849916463648 6.150241778302119 0.8646368544044801
23.09541078661355 45.69793174634592 0.9737166756854249
45.0497874948428 2.197921236137823 1.269484172046544
41.4672861138672 6.4185334385459 1.152726185665212
19.99387306952564 42.55093605702321 1.200305825536646
35.86754449450762 19.77627214080481 1.129239041050722
26.23132049535928 40.08911218079231 0.9417854731799313
5.578594153085069 25.27466850135227 1.108722732424007
20.84787685044477 22.09004100602588 0.95148019365467
18.2819420994641 55.04637604162394 1.338585678266231
43.74430776142716 21.05435771777032 0.9931712262292047
38.49719500751104 50.87898379744914 0.8979096031667424
20.71387436413852 10.22992939885237 0.5489267154667975
29.26756204537468 5.181160451463033 0.8051672700241382
44.81708674636534 36.6423359334666 0.8241015430397529
0.9236614964546922 23.68463121433027 0.9049671432195068
2.328242410127186 23.37337306485203 0.6430448263011647
50.92459707098295 20.29957193150165 0.7795279838215035
42.38961293752753 36.74786243622557 0.8388468715202084
12.81884993650897 13.62989572185552 0.9030874902210825
50.44214146884258 56.86439537017811 1.023160252904806
29.69205111250843 14.1560158329811 0.9243686155993699
17.33233859731459 7.154263004266779 0.6056270399472143
6.385123539895343 18.25600009376928 0.8217299831432661
37.49513037618954 48.633673130364 1.01837106896549
31.45366021034013 39.82337278631673 0.9272357171813226
3.122944691275686 33.47296653197751 0.6854945494322142
40.15073117620811 45.51255765534591 1.019145412544707
52.53273881065321 36.82670679028458 0.9136807589058741
36.96845456723518 45.9748802529531 0.8006069671069533
3.130896059391506 46.78542690295048 1.086692809645207
11.62011878454132 22.46807237037833 1.01336014603187
29.62233537464511 22.91333807581725 0.646497529201869
47.20845747562519 3.46122959324216 0.3100306644218925
52.09490272360617 3.170729873781432 1.188057684858429
10.52696061158877 10.1019488922795 0.6931902237123346
43.57491542425701 11.69971830476994 1.001012097121609
2.16246293166767 56.7957443659174 0.8857377323573296
41.13162307261099 14.1102431440308 1.025482035450726
49.17691845455064 20.82272520653099 1.149338439090731
10.60815208293877 35.39086758177302 0.9703349926769466
17.77588688432047 27.13636661886068 1.017243230037055
50.04970469467793 54.55178243925413 0.9806960988218892
50.85945185220775 21.76677435811925 1.257032513166238
24.93750425844337 35.78233084957224 0.9522196401819005
56.05630346809342 53.48649141354789 1.073914906657272
8.186209691775129 51.59469911064706 1.109488381574848
42.42696320518244 15.85550910926215 1.236720511050625
33.67899495255156 11.23446576541032 0.8061593962508216
3.853963645572757 0.449743749783255 0.9387847196398253
35.84061133155627 24.31816716367294 0.9042485359392016
41.5984823739149 43.18393629518521 1.123421241421699
40.73571870789664 8.575841248303577 0.7233021181086461
56.4149614001694 8.991088919337415 0.9832887360246781
44.77341979545235 53.58649926566822 1.104880981122107
20.83895701907527 37.20565594788904 1.018380700726405
31.8003550319934 24.64468128357301 1.375117376882348
44.88067584665524 30.69997042496687 0.9211100891671333
13.73120889055133 20.89242804464531 1.057492077047701
18.17268892292524 17.58517253612409 0.8007299174451313
32.04728829117831 0.1827830994421538 0.6231626389153535
49.03313636595064 16.64577063855052 0.9120499669456295
51.29395768060068 27.10243807598131 1.060114940311984
15.32536698380735 50.70891908077007 0.7597218834188548
18.06138468629745 23.86694679077107 1.116626654287669
9.44206202050767 38.90034173191541 1.093253455999829
16.30446140901393 55.80618428942104 0.77771714798434
9.572928169077695 3.517894474565002 0.9622004628400537
24.41032251921032 23.91709634331851 0.8344546657252604
40.88930959575312 45.75249431363888 0.9139054891339671
45.93527743962373 40.66520188500416 1.137961065026174
32.58236852548195 32.30199680770841 0.9792839310382662
2.40443488368971 5.740094604315281 1.241328525345809
20.58524526031001 38.49796190555112 1.227206364772806
5.3649086697795 28.03771943274779 0.7782190060472428
20.54697165198018 9.437511381896917 1.128714178314226
45.31046912600774 36.00196096720266 0.6188345841302698
30.27866438416702 54.88339729508543 1.186648616089609
21.18753432817176 6.930177960977972 1.273404378044974
2.9401681478788 5.076843923924883 1.262983364668451
35.23743557847917 53.59581033633827 0.8499125008679105
16.9199464954063 25.6521631989871 0.6664060200489957
31.39225780330238 44.05738177618822 0.8172041516092059
0.822343258104447 49.9879152155425 0.8164586233328347
21.02563464829029 46.25098337477584 0.9770006125697869
15.62476330978086 40.72313420647901 0.8849588575444705
19.72509514713897 51.00212785368884 0.9635811068226798
1.818629704331341 2.244950562363933 0.5355277068838089
9.175128523341906 32.96536777958524 1.128946873293967
28.08300795642799 4.857800797958766 1.215962286483017
46.47575048565667 5.775037024996727 0.9899088537716857
45.69226010362257 6.395696954520278 0.7249441792995746
25.72007833361629 5.819458000743509 1.04928764734918
56.22177839568899 26.54242159172074 0.990872517053579
32.72967351960469 19.8330078645763 1.069735015569048
14.17677344017512 48.35443682938555 1.030073401825965
52.28966926517415 23.28123719165159 0.8827939224798637
28.90236473684309 54.10829896950549 0.9046079008051747
20.11446297546591 34.70131630390012 0.9893243435908455
34.89293214813477 48.19747095843659 0.8874083166925538
40.2939206991782 29.03486756097286 1.053974573512624
11.20557061964905 28.98618077625808 1.262879337734594
41.15057739575886 4.150642849109435 1.128913306321531
48.45222887091908 40.37235576490516 1.242088536146716
8.29814583030443 6.422737960434862 1.02830101428131
10.0926099252387 22.47491927047955 1.038451729888393
47.17514299795737 5.456176888875746 1.416898965803878
31.20508528556912 10.28960594688058 0.8436459772904106
1.487076878774481 22.71661026809207 1.093943799257218
14.52855102835621 41.78099760449538 0.9801021064011546
13.76717835421077 30.18204237110077 1.16727251814708
11.36689249163815 54.91775574996963 0.8958406254149224
38.29011148833209 8.025749661040376 1.023656855851304
50.07872342321962 46.58825731863652 0.8778445614225484
16.82008529166695 12.43833276929256 0.8766249400378079
5.292506466290218 53.75007445306986 1.066937122559932
2.206251341945609 15.92093897188126 1.036909385680661
5.757255384585473 42.36374453472148 0.8015497466352953
8.080354802813547 39.54750743394136 0.9674997749914465
49.02532989439803 2.831832631878477 0.652499340191514
3.710263972035732 10.34656019664675 1.177210458068892
22.467642936142 42.00037546036783 0.777983309076461
31.58863277900435 32.82079753224775 0.8264181071828185
18.71769968127725 43.65180936812042 1.10093995744736
56.09014213741298 50.33896643637632 1.237318839010671
32.28785942601406 40.80599579718243 1.08269709565577
56.72693476906369 51.56387125866668 1.238768838918826
19.85785530268115 24.74589114810614 0.9979562498016715
7.293398582047502 50.83353341642466 0.9028972132123573
30.77004273737317 15.57502766399413 0.8898498495544437
17.13047791045647 0.691192200263586 1.02943128904319
45.33668107089432 35.50278779468629 0.8252034489558399
11.32358530039135 34.95525824090245 0.7500278812539123
6.577123164933698 56.37004527047744 0.934783695008626
49.70901168031106 45.7809026664034 0.9571361782729858
46.47326109952911 38.51562752784957 1.240249568193778
33.07949878651625 43.13286871050153 0.9290798370938228
13.94608699015625 34.88770230854288 0.8712902682272354
28.72123572496755 44.8411215268267 0.7442133615670699
36.81451323619788 28.34727736345831 0.9519880605222336
31.68358297398481 11.75551715109289 1.082475348326996
15.72925470058306 20.02026401833643 1.043757878703939
39.9455778682351 1.581890246170522 1.236766035808802
9.922071474568021 46.5227010331688 0.9909485424263178
52.18996633551548 50.66094719695903 0.9509624852537297
12.19601735481807 41.66322740850189 1.38107944415749
30.86342322400931 8.25607345823947 1.200984200202895
21.60389947313997 44.80951021416556 1.124929273596674
9.048995759826617 14.86501149174991 1.2549744689974
23.51609978942019 45.86350902256719 0.851638700718198
3.901571496343972 17.89587180265033 1.210711804194331
29.8966561546068 19.63082619692703 0.7720969648903515
51.59763945713529 20.86171366267918 1.257154694953767
21.7368513465565 4.51971090516062 0.926208697750342
27.93482562011798 5.574381004820755 0.7699666845743034
16.3497340070781 40.13084297493605 1.054399939431767
18.6018737375745 21.10103161078926 1.05089928335909
56.78238219012617 40.20577321071447 1.089644029563928
18.88075144676527 17.95953758478143 0.8782712643913543
0.7911694221157438 42.39685123618546 1.05726112727006
3.537990239699367 10.7246180771499 0.9199374251628021
4.899330053431601 33.43464639430616 1.310810118188809
53.58960749469214 24.95308370466953 1.040284462839584
6.677179537097541 18.32645881470594 0.6389411570411407
41.01524567791039 0.4076202299481352 1.030706735973383
22.63597523776627 0.3649796584457995 0.8173938187720895
48.8912883903325 2.140336942458682 1.140678306895533
33.97461526187817 48.67367058045868 1.16332267789586
34.59982851082451 4.226861573395721 1.157202578672372
3.844694645071726 35.39099795948295 0.9099555512420192
22.39445621026422 50.16170307582323 1.091516153667197
21.39235932957025 27.29378629023851 1.16952326705106
13.10925216465688 23.18595693827884 0.9861185569707897
19.70088730831672 19.78643170175442 1.126276915840061
36.84802596124263 25.52766140435248 1.079481136128131
49.58130220118039 2.484001172466204 1.429101057541041
15.35758482355512 17.78392945313078 0.7578187705193605
35.26010234852326 49.33220008543329 0.9171770822736232
35.21735714572359 44.05742854441397 0.8002040056227839
24.83307404854944 39.06205179079532 0.7246397280215962
49.72979304321566 44.84288268761843 0.8813403375524621
7.618489907411155 14.12215237278592 1.122614493806996
8.869955976433101 28.24592111597113 0.7132836176377224
0.4007962892767025 28.57084328474982 1.092439978388743
20.74452522943938 27.88037877896818 1.134611327183719
10.44087344661396 13.32582740407708 1.415607225225339
46.44559281014166 45.72196477498951 1.098914704865221
54.11744398908571 24.70569513212223 0.8541256495348559
45.31190760727595 16.271521953061 1.063567178384911
50.63247254054643 13.14498162928269 1.232516252266059
3.923781652433696 35.22025842136716 0.9893242599254265
5.185519133315197 19.06045063029064 0.8662720013010756
47.30637174626177 12.83589406164172 0.8512704820325812
42.62631842104081 38.33872456398733 0.9635007222860249
19.69667102801458 39.5834832943899 0.965350167697806
44.52349408647208 9.142263811613557 1.334290403194584
33.84795894373579 9.35961287671682 0.9950508211849242
48.21598204514756 22.15986652446905 1.318709491371359
35.30484815375174 23.96470857363413 0.9315025904187779
0.9293535239665552 5.906616641165044 0.9290862348207558
41.12687508907489 20.21359449402131 0.9595995110310667
23.91358583323359 53.56197286143991 0.7235923949730251
9.397866923081626 19.89538802481042 1.11166736553211
52.5586821434827 7.146973026984824 0.8399011640092954
15.33695257750198 45.9629026767625 0.9849245224595876
44.36126872774273 2.860446637431368 1.059688824837116
25.02632964729626 35.71736673159402 1.276591127029513
54.1129919300382 50.65746447707409 1.181957975468603
17.62217305070822 21.49517481471187 0.6315094341074006
38.32445672495498 32.65024841141433 0.5629068627684322
52.86384290543564 50.26189585088841 0.8445130578021435
19.0133046223844 30.13291250920524 0.9991137883598794
50.02830053401566 3.040535494238388 0.7903090142846643
35.55814457245085 19.29453215622089 1.115410642908221
38.31572667384321 35.87263607320964 0.8402888180121415
19.97429517888198 35.42871857733872 1.350709036195102
10.84655863458596 47.15227360099194 1.03000515592036
5.035291231253786 49.17101535954095 1.209874000141626
14.62234712048543 18.66636486475652 0.5853266806572686
24.64549707325432 33.63565174286983 1.038025347922588
5.046823288335848 41.82757790797743 1.212796389707952
35.16788597133378 40.60496786078669 1.013757415750766
34.50006501073952 12.37954487063901 0.9768485450540105
38.16579660734432 31.25560877158102 1.163451958049442
15.51253721886898 0.057872812756278 0.9222439399299757
27.88473910646734 35.48683239775097 1.196990291932055
47.56711323120031 24.06224007208936 0.8953578527646017
38.5041653842219 13.3696351905212 0.6125443660810174
29.76216422103446 23.83527742923949 1.253305391023032
55.21868887134767 34.80898750937031 1.052440718565967
18.41395537015701 12.78496540141523 0.7871158932577498
19.37278174160643 52.91402038089652 0.9586428218425393
27.16962912593485 43.90665643751 0.995066544022274
49.55068138220845 42.68216637134653 0.8768684604971856
21.1689987425548 22.45112066690396 1.23611538439157
20.85026009234146 40.19594758339038 0.8860546634915986
7.258187655479735 50.28843607580682 0.888501959672507
24.78700848752028 5.704028976477696 0.5985987308315471
23.65828597203749 27.01405624207764 1.012717180234312
53.98610028437623 32.3211413092544 0.9857079813480956
45.10610671066964 22.77341279982283 0.9726166280649651
11.31407598234437 13.27061695618118 1.325075230158776
0.1772733936911791 15.86267250443933 0.831075422091581
24.16587145308306 44.14180267050015 1.225908775466855
9.592923310861421 0.1483530323711937 1.104643374721952
28.53081777902824 21.37719400244634 1.099154059386589
14.66563005171047 36.35273481689055 0.7696390828223182
41.49303441098567 4.080578579139233 0.7566727729642078
23.25769132760246 2.834029278640649 1.122782452829174
40.30245802379328 20.24379158543599 1.255982487978063
35.64384721342653 23.26127727202199 1.112056642950527
9.476501855289797 46.9579231957709 1.191188128968168
28.44162830405013 36.70916764843705 1.358075163741679
48.65116550850271 52.60749975713319 0.9399192743950759
40.94236995277105 33.44389360325592 0.4928345656007093
28.09761148090363 12.47318773179929 0.9193124767231236
19.01607260062177 32.75522757729293 1.099577487260357
16.56729621000928 55.19181596031031 1.11494013263307
1.025845212408269 29.34608735625915 1.178054684713154
3.068779123047729 36.18101582684601 1.182083876659683
2.442293072325314 25.52567826701593 0.7780106554509069
28.67054953224517 38.97418732707118 1.150040395821089
52.7196775668858 42.53432524136004 0.9313827067230844
20.91459522811444 36.66204751965685 1.165771442446228
49.13523525145614 16.79930639723284 0.9230487765857299
31.67554451929198 40.39742839122071 1.189714742598921
16.15265594197095 45.85332023811215 1.006719670106163
48.88343305368137 5.19628527443683 1.203229021077541
34.54237263069599 31.74708689877162 1.001692598611479
29.09029409293565 50.59154904242212 1.059104311749034
19.11722730943804 42.13026274094836 0.7068688381027342
13.50677449233214 20.43139858051734 1.082131854571152
13.39673533355665 37.96211811758676 1.305867896158667
17.72445468265771 34.31133056167109 1.196595371280517
26.32353727068917 9.759400835614372 0.7393363639843606
53.5019799245065 0.9990817634384529 0.9756109647375653
51.6906988833522 9.309485168806038 1.194760301005803
14.64132416417884 43.57413193703356 1.159961528719101
36.48341020312319 49.04814310048155 0.8489477766908976
18.06671881213166 8.573704269516144 1.06551329253483
40.10629143477711 4.756919399256315 1.306082469255679
16.65669476178321 53.61306592710925 0.9066598006927733
28.80319536840692 38.585053339873 0.9883795860347833
39.86125340352825 46.52765005106463 1.317576697046571
10.24481982330085 22.73230342321671 0.9474635203394817
43.21900290912902 3.401649050135934 1.081360985331727
12.71113421894197 6.16163151346223 1.173105585135842
24.48383370297208 27.21690466218484 0.8015770267816158
12.54094814906872 4.90473985248466 0.8979264219699943
42.07441425978877 52.64723958384582 1.057982936107691
3.630244307513462 21.0635008528193 1.189566579390573
16.43503057138763 43.49149771104171 1.052866693617549
43.97691672527088 36.82147440259413 0.7528897870855982
17.5513355920796 54.22173654857173 0.8304220409428769
0.2357166885564647 9.163873943576531 1.147377089152962
40.55142447983447 49.71698014192143 0.9856219685962022
7.721212041900126 45.33937661412143 0.8716977976931768
21.31930555604366 17.3828713201838 0.8992189557120808
52.23284857824112 50.70072994320687 1.125435934704761
34.64311189327534 11.66787912308605 1.216719388971349
43.99929356947509 24.16914432643407 1.112569898423251
25.05573714666802 4.550629135011988 0.9445029287263456
8.320967636220608 22.01426644717076 0.5569433751503066
21.68360014757309 50.00100790336775 0.7240128622373273
2.164881846944281 18.90021071811216 1.287231108276663
14.63629695150829 15.29599967007339 0.7106123002390741
40.96806566881391 29.43789497597045 0.8147885124483364
6.240635919962375 5.28737119831488 1.227358519611861
47.01185147231997 53.51009413204626 0.8384085218464947
53.72149397093872 27.20407907348316 1.174463426436125
51.37322342645993 9.800093996245458 1.189075857748781
45.2714166754258 15.76410427492303 1.093359499448361
37.77837072209379 2.093209116297406 1.033149366188078
46.59339218847146 16.12715696037149 1.209015337973536
35.02736767848366 38.64882293047794 0.9537003548518801
7.05427370548913 56.74405061255398 0.819160140455468
53.30971057261792 19.00271183159328 1.005430508128548
2.101839685394354 15.17669278484615 1.094467707894021
41.49860811117041 13.69099360457202 0.9652072038793081
6.231237736172619 29.77002476005351 1.301142084738336
26.36240904515721 10.23346860158884 1.018996306591168
45.73405587427973 15.95580123362867 0.7123173716299999
7.714075242501718 4.387993240443986 0.9609315988039833
51.39540475718463 14.76834894799085 1.035692451309877
56.73620514978478 2.100398841826431 0.8316259266728704
52.31670122003029 1.83804480863644 1.003832022130446
0.1508484436901512 13.26950617100555 1.18547000115947
25.39502225694946 41.64945655486056 1.494197785369839
14.41948131491406 56.41559768161532 0.7566364932218541
18.26710672456171 40.78189036007127 0.8341785604287997
40.39768505906579 14.14314915619006 0.9310482921793081
22.22011578419251 44.52972888552105 0.9947418377422609
20.84371824741537 7.824841272935663 0.7806067782062348
30.11120294831284 16.16041944090296 1.069198819491441
15.53344728729382 3.614622047922864 0.930988685147067
19.35217309200772 15.68429573098398 1.184323093307635
0.333752285844531 43.84462799450598 0.8682188914044424
19.37345536862195 14.75323360075859 1.140853382787089
55.53512396082986 52.90929190624006 1.227450751086117
44.64172469202509 55.27281555452981 0.7989782443638713
5.724582364188779 15.31666875738495 1.032556742081125
21.53261822067789 27.94469814838129 1.005357916512785
55.9555022548677 23.69011589032138 0.8774142038474528
37.44609564330712 29.06670520318053 1.167980115230453
19.45499977816595 55.38398264506086 1.102459353526901
50.72360377280209 38.80717287017367 0.8628634659232567
26.55436821913084 14.40203066188937 0.8893870648249331
54.45235998623649 45.9278235877528 1.349015302290826
26.56838568093645 27.69038819693513 1.018726358367127
36.62187751551246 14.21011034641886 0.7321297629739267
21.59957941090668 31.68778608911102 0.9599312071173003
26.85752997121659 43.13219765812727 1.005469147954839
15.75345200195604 1.587986465817311 0.8824902184568778
53.39404353098666 53.19954764526317 1.411858248286454
43.3085293435997 50.10969144716379 1.114586932637615
34.62856148072917 37.03213311640179 1.215322435185822
47.6398650815896 1.471232509925604 1.036427854591414
6.098870492120679 45.0922250412834 1.075731431726333
28.80481065055579 16.96744177861486 1.21190761371071
5.944522951703762 8.426688139525563 1.410068747781517
19.9675493533572 52.7771315359404 1.322203202082929
6.595512765737023 46.82507932457378 0.8284517776086185
19.52900693869638 54.66278116948101 1.092657826759102
10.81598346904664 15.92305044314035 1.059541201476864
52.16762930535135 37.17085813180118 1.102653092994375
34.58036658520827 29.79619075953783 0.8353790526444518
21.49303061631184 7.842856276707191 0.9021340376637137
10.96846341247133 27.59190110843252 0.9710834826174471
18.33496128876459 11.79055881490491 0.8257832641334434
33.16658010807195 49.5125134137983 1.056569203953976
42.95920875946023 27.19897409072098 1.043580143156477
2.52179523395458 5.488215671613913 0.7130380474481328
21.41126611475426 18.72408402186077 0.9311421589628777
54.8084538941311 16.57889539356292 1.009183906007691
46.37508617964345 16.09793334877953 1.064696371786577
41.8860513553424 10.86811676941259 1.139737576520466
38.4600178778451 19.87587094347732 0.9738408662765307
54.22203427796347 44.30605374104626 0.86513705982745
56.09661255595117 20.78234299355296 1.167922307080035
8.069508927440973 42.79489804748208 1.06752508232864
36.08869627820733 2.875681187899635 0.9685355882333999
23.55812791481527 38.6104915387046 1.021017478668993
51.94827026824852 29.7751630008105 0.9787543875376447
10.14396717033534 49.75672413583693 0.9227286906954373
25.14554456209091 35.72914454747417 1.070890500929268
25.13684264623413 10.03159589089062 1.056520833892829
5.886110632161661 28.05727919473186 1.04970796869631
11.95350321519817 3.108144883582436 0.7780869929784744
20.35160912077483 26.73464935120877 0.8445530779966348
0.2548434861259737 37.26808154921424 1.327532650539708
40.14376273711387 46.65193111666103 0.7742465749086122
17.95403127649521 48.50765962317011 0.784438215467024
21.28282259743792 48.21578143547092 1.132283449806298
5.659025627495267 10.63688096526865 1.002324673846339
46.36602553928552 25.39153335261696 0.9715082962814116
40.83616610701949 35.96328682962958 1.175407109347724
7.020565997818749 29.42266883953599 0.893817507197128
49.83042164930628 22.38389893359686 0.7271452012382718
36.84384439878345 49.34354406099001 1.007893633985028
38.23021142428285 37.09868788490942 0.846514159001567
16.44222762270003 12.75538832077542 1.007057366590512
50.97594574278963 34.39625892573793 1.021416861844598
47.29856044393897 25.54587051484076 0.8536881139053667
23.26354141685345 52.95758609797693 0.779699614756414
26.7621562875631 25.54877701939492 1.339741464980841
48.90976550239593 10.5983223680399 1.142646286220208
33.91652878044012 10.79353485339951 1.067871394529233
4.646582829601403 13.76037315268087 1.033644502338419
47.20080888001286 10.30128863374763 1.177056200780633
45.50409284536917 41.1767545962598 1.076481605577339
16.22451455109963 34.99610800342453 1.05825016423398
18.31301127761277 39.48805596795308 1.111930938943052
6.006288091189362 0.7158503358791817 1.010564963373346
23.0445397771171 54.91605359358529 0.9852087530424778
7.29498466723365 11.63477183768282 0.7305482374645897
39.08923347298486 46.09658460696069 0.9561298132798817
56.8901194603602 9.432375423811552 0.9167338795928794
29.76613537956315 3.027198348207026 0.9695779989420861
35.77590287280078 42.50997853116597 1.148584977603572
33.92648502435837 24.27999571816996 0.5670685401378728
17.04713648094197 42.9112476785254 0.8858312964209448
56.62014058726847 35.36014775855474 1.301250377166169
32.85591054281961 31.40559171112515 0.5495851318401599
31.28968497146372 55.90045031993671 1.31779181233513
26.45705391953562 36.61662994540139 1.018513526444703
54.23862951306563 8.546287365977786 0.90132789295273
24.55204959286007 25.60333398617959 0.9896139001964517
11.45679750454463 54.31818497242322 0.8021820175804408
20.94338133649127 7.406435207187401 1.001188074171296
49.2759457134064 54.86986638739234 0.6321312976237687
19.49389894469357 48.73356740629932 1.122905393128519
4.873926466272178 19.11403950541934 1.473869424689364
49.68787414100388 2.949625654588279 0.6241912408655121
4.678821797333109 23.97755908592491 1.016520644620363
9.581416734765012 28.30712989406061 0.9199569931169056
13.61709702090225 6.820046247830636 1.257815137604385
8.844468328563714 4.405466852898461 1.198852767800448
7.93364550635854 20.30126585965104 1.015094617211812
27.06723304189147 22.66703316181294 0.9498797357054201
43.97061307447525 19.34317872875518 0.7338869530239375
38.30585754304466 40.03079846735615 0.7847105152506627
10.39061135304654 43.17978400931683 1.018704110646955
16.4530140955248 51.83271208723668 0.9451322402801957
40.43395217248888 21.13183589285791 1.225380517752967
55.13230296835876 28.39168790792659 0.8415647383646699
13.59115801453179 11.74939996271832 1.169148127375665
51.07971153598265 44.05620248432094 1.051733845303994
54.85004218055403 2.0133570157985 1.181806421392695
22.24072714114596 25.54814793101891 1.309240996708065
53.76788011461863 42.77762669035123 1.105312865672188
25.80842513116469 54.59580325735538 1.251600970130665
21.25352164043743 27.95326310394018 1.297120118484191
22.78597516463416 18.51408189465948 1.212358805380198
1.838371602277445 41.59624633779575 0.8598388507691843
11.72007453335453 48.19966837493687 0.8043163157397508
10.83384333077531 5.799786042794485 0.800251213955528
7.813143058592986 42.61333917668711 1.068099979765058
8.257579464119663 46.39067796822203 1.095159155974733
14.93882587269825 16.80592059754111 0.5970423553173194
16.27593326907416 2.144017777007082 1.043783647211675
56.73982103436246 16.13317986909914 1.075354807110896
13.03762150417903 34.81995075653305 1.029356806939843
53.33403265119252 55.67808720733881 1.101574837141989
20.41984298006624 0.1321426397804835 1.012185409151016
17.52141069598562 10.36883625824416 1.067407047315737
24.60744554764007 28.35525402676093 0.9853998491013881
37.03913951154758 23.98176538617432 0.9929772517434879
45.47665555704229 45.29671897566725 0.8914172693106863
18.79502555439017 28.31126920055192 0.9178100360443003
25.32061666404857 35.07095885000702 0.593697490997396
20.15531725024587 30.19510801192145 1.095718592427185
36.33345476180941 33.19293875442489 1.046664358093795
12.01653539669539 4.349091393104331 0.7954457970109697
31.85125752112421 32.43637840330432 1.0129098576056
8.844155576007513 22.00264472887043 0.8449620676822536
40.86885553080069 33.45160115019027 1.100829921813903
24.01924319147097 24.79157306104506 1.415372503678533
18.6937571897608 37.39168651932464 1.339795928115139
8.702955719876549 1.626885738515708 1.181687633532913
15.55974159415799 39.15824269743555 1.287862087246903
12.3533506828143 1.160615366492707 0.7337710599479792
11.90799757228605 20.3684094512688 0.7278727203166787
24.71750084437313 9.185043201402316 1.346966161900019
56.36091137228576 29.19873487725795 0.8486147634636125
51.20137963267108 23.55391797821686 1.08343231899216
41.65666809848354 44.55927836175974 0.6580374341207293
17.95631660239599 47.61063900152717 0.7770368627277099
45.76315866353137 36.6500737921568 0.5381775451800612
17.13885653630777 36.70528121418565 0.9642586611960517
23.69631350305691 32.69859813046576 1.202866157183362
11.41365694832693 31.2168745944355 0.8851635772217704
46.68408952731829 23.32165452061298 0.9682471995471481
47.24618751613711 19.30278486353475 1.163543509306791
33.20291843554141 46.60709886188018 0.9124193779434955
54.81216581017345 42.70289937346377 1.138894932448334
39.44189886117442 39.4688338821143 0.8164291865496784
3.440419458057927 48.21849431107682 1.014398390414993
53.6439336196724 49.2035781215893 0.4713152307492824
14.27300585958781 45.00742463954139 0.9133754872179861
4.351540301624471 37.96931936264472 0.7755745282984352
26.49279347038492 32.11967971833408 0.669027763656779
54.43193883422387 16.17688297116052 1.176463443730857
11.32000771692023 16.39767661429833 1.120069509491467
35.29462059042166 2.821527457712929 1.367206875487053
45.5244268311767 14.72755633188764 1.301754702812333
15.57562025616673 18.78660451331483 0.7293432855133175
10.00509882439165 17.40478456970527 0.7791373437327844
11.21961783581395 37.87366692762527 0.9301696494836748
25.88109154062396 46.40258398531125 1.314651056087342
6.461943031503792 46.58711431063112 1.075887939384626
21.7067940289652 10.0495870062381 0.7294387798019508
49.13161949959193 20.14812826791225 1.013870438019638
8.835649996453734 13.38681755000112 0.9041809364647554
48.7240542926472 44.13027058687539 0.8849642087248761
20.23705696092782 4.732771812348054 0.6851025627752076
38.73726809524804 35.81267724363724 0.8986679864730769
54.82871698440459 33.52447517659724 0.9805899956341728
19.90290361498618 9.048334793675847 0.9367128919851109
34.5409585156203 40.27923361830378 0.9620970098107293
51.35653125744152 41.0029015471241 0.7998145416397457
16.95763804901281 51.57314195790008 1.012706739124626
17.02376643569384 9.089257548604746 0.843196770897701
41.4156352269536 23.55692019572338 0.7703845215719849
32.47739384531853 33.1396895196008 1.068015233677098
0.1494012564185081 30.92424774352659 0.9399802806129481
53.41851069192333 38.88666937820924 0.9102825509812695
41.38478842349014 7.565641918483023 0.8033925467069087
53.46236219418345 4.28769201193363 0.8295398658613219
9.241639284063893 51.15493522777918 0.8851388298056442
51.13973789016704 3.598170514962715 0.7607566808440764
10.57234997096115 52.11547482391609 1.354444454188487
18.57922772391663 27.59611640665499 1.0276075722297
46.68669270197241 45.62036759947443 0.860278377924363
56.85741811890966 22.16408654729095 0.776095246602821
13.84982540032353 21.90945834895105 0.9159525269113935
41.46885659194964 10.26833606570416 1.275321098819145
1.7714234445111 26.66858527747383 1.028161476140447
49.46860813604138 18.38540018321266 0.9676134166574781
12.54033538444915 31.66882741296144 1.010915418499476
5.308417935067983 47.69817215935242 0.8428098515547415
43.47688431268413 47.01837932924665 1.200070468130988
50.5546388260809 33.16357701465654 1.166527319649226
55.32766356194749 0.3988039681682382 1.054253071343254
3.95666574032822 12.17748893572832 1.24158890614398
22.44582500143248 26.10439004427958 0.9116213316308287
39.63130388484863 52.65204811126555 1.160544457919835
22.32063338873937 6.753914277886 0.8231311681054215
2.788127512572393 2.849722911533771 0.9132303688519779
34.51855032449521 13.77257963305925 0.8680106744099301
6.026635056373959 33.19346350347319 1.219816106350948
50.4476044063678 16.13023182522982 1.01246415191381
38.85866134234642 44.00224320590601 0.9221606229619469
37.41430009781118 47.62147237529116 1.14710871422996
17.89621221269304 41.3709658381394 1.015056208915567
29.79648817041725 25.24478631245195 0.9669391217534067
9.308864600634605 12.42779205526588 0.7793219495567029
53.8305194111683 43.21746778591418 0.6579881436079897
30.34808504690793 56.6186469237407 1.111480102954655
14.94710979421954 23.58574099540046 1.189909364663355
52.58482637795844 20.9737448505935 0.9985111721651676
12.81402686369327 50.22680887869876 1.012907759454825
41.36840574227665 51.67268823258238 1.196625713622325
12.1700964505645 17.64335212933056 1.332484454427453
24.28368693091147 30.06630866325754 0.9945561909069996
13.27078321961257 31.81080613788721 0.8982729635307173
52.3274345278402 22.57964782024717 0.8605214620861334
46.1738185892691 41.0691175777787 1.178824108428711
2.441736684386496 19.52190360963433 1.143658276144935
1.334150354533526 55.63487429573893 1.087504602260819
15.09466837723491 53.91897673249197 0.7617327756322851
22.15715062299611 32.42264601002571 0.8445248144346649
8.100681728264634 6.525556338730062 1.273933839360229
40.18777089435038 39.26543066662989 0.9771365670135013
5.973085915657266 7.471457798719154 0.91184290994873
34.5541060406501 25.60252252295731 0.9305135826744515
39.79821004755711 29.8815405419476 0.9829232394565701
46.10580946696261 37.35598890593089 1.229708581732278
11.10592579194621 48.5475461778918 0.8757441009881073
45.45982966593458 21.12569654133436 0.7658429063310583
26.81372653777419 15.55516385545729 0.9295094987433492
54.82059452208718 15.42851624331834 0.9274286522655243
17.47295523084372 10.15233379888923 1.152661797407285
35.75485634838923 6.214130174002671 0.9670105518640626
24.90860181344142 26.93702666505101 0.7143925371085497
7.293015570981901 44.35686418011638 1.093672648256053
5.561957405210453 7.17090808654712 1.189827157624731
8.382950956645864 32.57911895661574 1.118104543690368
43.76957290189787 6.513970532693887 1.457962287932316
20.92028420321656 53.61586729605489 0.8605564811240715
49.63129610737381 30.37571453087764 0.9358400642024974
0.604224401807517 12.22015092718422 1.251772991891408
19.11738120397431 36.35908075019675 1.209560304128999
6.296107388705066 51.68521948935707 0.8641390299508784
1.040394271277075 13.58912295968697 0.8633452625270223
20.76003104623409 21.19263808997005 1.065789058943065
52.22078266796692 29.14298200287995 1.029401369600925
35.65695256211653 42.38805965911041 1.070829274215062
38.7849432052043 5.459093293854544 0.9266240770018528
2.074960563366749 12.09548799185804 0.9742967006917299
33.0809419392985 8.692325291546213 0.9766002189752312
32.7826452505694 3.15160297004115 0.9081932706299166
34.10532364067869 51.90002645454371 1.094602543442971
38.92600947195944 45.80679113548565 1.043330108633882
47.22482423122266 39.96640374323651 1.003298671952479
46.56875541972404 23.1559451414067 0.8877194784289058
50.45954596412347 41.78953806114827 1.227220564298691
32.61936261673429 5.564836783131974 0.5632908022456231
36.41497297371504 52.08355452776121 1.08132656252064
7.179042493076549 41.35100613085135 0.8353111030382775
47.18225885517069 9.726421061310182 0.9572958757805978
12.87802405789403 40.34150248502451 0.8282311638617914
17.86493050719841 52.38870777813192 0.9373643517147351
39.75734369585167 43.5914129822475 1.332150387663412
55.37283930572347 29.32609911557571 1.048318997633675
14.11563715018129 5.046285214855469 0.955435191253362
39.06368820092813 37.89553075465166 0.7424425189739206
43.46036753778363 15.41713786843099 1.139845538538392
9.766605318880922 51.73043172933647 0.9772666479652544
36.08143783364512 44.08933026068347 1.049988773895484
26.67206887326765 42.31761667799093 1.103654839971143
25.65911916301545 27.91916484707928 0.8269704243840121
34.9388007092936 4.54022636336285 0.6011862181814749
30.64615779493291 10.4674484955461 0.966364385192245
5.725712525530584 29.01899707411369 0.7964408731467523
20.85138229087525 53.9091847613031 1.176473259676318
20.51935586404025 2.915070465260684 0.8146034534739213
14.93865862718721 27.36472660180401 0.7206366479429357
15.99551470344677 11.84573005924268 1.019863420093654
55.93506031992615 13.98244328702914 1.013320131512794
37.39456921508283 8.989294633264326 1.136470427924067
10.59391471491843 7.618564253495338 1.386191839471647
50.60563649731019 41.24007250985134 1.116606163269686
54.78874512146634 35.32377550952312 0.7153546412885605
37.02552234010097 32.59346058433571 1.089237842647123
53.8585436115314 49.78395489546654 1.021675404783084
24.98837022482807 12.85405828843548 1.271247294400662
12.55403988135701 22.81372411726682 0.9642302507992567
51.37926841870848 49.46249936170061 0.8901489085931468
47.22204651181681 2.472325200900587 1.188312672520886
19.04663669785794 5.02646613075699 0.7391859327200963
40.35024164028011 16.60829936275645 1.1807261857755
49.42884240365999 18.19553788201676 1.139984199034686
10.97949275094061 39.22031321060858 0.8877124196781154
2.14144425054148 15.60917770564983 0.7760056566534365
55.39803516976444 31.72796283509953 0.7286941338021953
43.61396983899827 49.77730356193022 1.316040528170271
54.75048669555713 24.2715257589107 0.8901536232563227
31.78972831964014 43.96374233903538 0.874017979578414
46.43606753993596 4.485238821006026 1.270646163554377
27.03824093567125 26.01884456259145 0.7821271021663297
42.6271439518906 13.74946299090491 0.9136354976446029
28.58402043142543 56.8590869376711 1.024514384303608
39.079400121737 5.178293230095083 0.9435790910122815
55.17269088801587 33.59845791784975 0.8272826307125142
54.39870363958119 13.64878347592837 0.7948268037087607
49.07457665031523 41.01267345203677 0.935772225820209
24.91170428270088 4.176573706873028 0.8841223707346316
40.53656457948338 56.70143260234102 0.9707629624159119
21.7132073807126 37.57638355930168 1.227430719073393
30.4604054970948 48.75144831638385 1.024866212981537
49.08145895836942 11.56733808134093 0.7767189786576082
13.28746442649861 31.16085905356373 0.8231288118665002
7.759316971413473 31.99637964414264 0.8779913083670057
28.80676912973019 5.158020584451975 0.9002244921192522
46.17069406303144 52.07125013138691 1.224536684382239
37.14638457407541 14.08239831918962 1.125102224751123
46.65811582964757 35.49703827570055 0.9025300792598974
27.96452339038463 20.11852130019968 1.459920550285549
14.8995474110821 29.38841740479154 0.9050131434763304
26.78212353297608 23.43003653941212 0.9703502344985462
34.99737462075305 16.39983307542272 0.9218861869028898
50.02444154490924 51.74300593218906 0.9368647967310787
26.73938554978901 56.66675754621009 0.9985421088540852
5.941779100774684 15.38454864331733 1.132031839477495
10.45579874816155 0.6944878472455255 0.9555360617504793
9.19487145645305 9.703622586421492 0.7501906619595715
0.0917624175044533 11.0355528039092 0.677741925678523
1.475740600598855 28.05628583443178 1.049250614514167
5.616037320166844 46.05362154173368 1.582956930881245
1.112644544389399 32.39816085314293 1.235498801133808
42.22403858100252 48.48483468521611 0.8825182097225632
45.06994337917769 11.96342410424884 0.7250051931133302
46.1241956172158 37.80377149572772 0.9811431089598773
12.39418332529915 55.31906707366885 1.061609949569898
21.29776939856716 47.59915652619635 1.22214129971723
44.80717313001266 22.77350999916602 0.7737720911259754
51.49773716530657 24.27147965425229 0.7665194025663065
8.01486874931253 52.61038170969597 0.9009009082036612
38.21756871473863 53.20359803373162 0.7840408172438558
11.94507583041912 26.28751206737362 1.243418529681197
14.79636348681355 9.423430137999091 0.7154355336143872
16.31876632818895 27.1905468121127 1.00323364164982
54.42531693653451 48.76934026822882 0.8531344398580465
51.81377663594381 16.08075924407726 1.094985667922715
40.35223889832955 18.74545622512021 0.9052388506359637
41.92189548440366 40.02187937918207 1.211434033177631
33.95326320452302 50.22354248176494 1.171350525060983
5.217531506073443 15.17083189271895 0.8896141914693777
41.45834398663526 54.59416260039162 1.174546472566384
20.25927534525249 4.757578507418548 1.350144638966355
14.18100864541764 49.42792378758449 1.246180701317973
5.246185644178738 21.92350585708558 0.8718231817923066
35.08906285142948 53.11239922377858 0.8798525325676845
30.45373675155162 20.01095830929044 0.7617451320469171
4.768248670160887 13.08754178094098 1.115103896962101
5.921262235809706 9.985780176234329 1.160374962892585
27.14838753926958 12.71671763375249 0.9983751191421598
49.94256532515519 47.40766288452208 0.9207497630521301
25.46330171658811 31.65530481313137 0.643100205996969
18.47964651904984 30.70948736076685 0.9688047953010918
39.91784014316175 47.54258313753763 1.072665712696519
14.41313177180157 40.89553316724279 0.9281178760528952
52.6038136936742 14.4091950656889 1.423701186932872
23.28569129448649 26.05755044522581 0.9065366432935648
38.75527022581327 39.18840204514023 1.021216133698484
15.50751162530273 44.67653246162298 1.072593944296422
40.02493518638654 19.32256976064414 1.098312046925434
56.48260295925783 32.96750051154173 0.899032587174654
2.019223243007075 35.19353433521163 0.835820992268935
48.61220391356023 20.49886976205691 1.07861267137688
38.23260045248671 48.82086181259754 0.9077005887091059
35.73359769477211 52.64573222428827 0.6957022828010105
22.81902429499618 28.32020864697183 1.095419722790172
29.46292494817773 46.10471558948267 1.072270017494702
46.07148036829731 7.032197059147152 1.189595023334632
23.8095617530912 38.24566258967187 0.827552909755916
10.23758439125381 41.82122066748386 1.107078692344972
45.49199930415116 1.849788278271346 1.100704715194051
46.21588278618449 25.77440053027794 1.124040697415327
39.19842305323036 21.93227773948213 0.9097630229464929
50.25248641299665 13.2910553609445 1.047373606967215
51.12216291116651 47.6302454786516 1.243251486742565
26.76327477011982 9.245614025856188 0.856838830079325
49.67904540415809 50.57283652321102 1.095326067838372
0.4073334096033747 48.05950896584406 1.120875227497238
36.75781305309283 40.20933086062285 1.242761573734107
48.84518574916068 30.35064193110477 0.954100817123663
44.2449942125217 38.88598858466651 1.134939117476675
7.660389088401752 56.10175583981991 0.6845630214555598
55.39315473818833 48.48851952771122 0.8859888313420424
40.8882143911385 9.039161320328322 1.346438367503493
34.19932257207079 33.5672597687539 0.9838321065184017
20.0443875044791 3.019331253142716 0.8901259063148154
15.7501081534429 56.80220055757193 0.848319578842835
46.79759800191857 11.25921358878688 1.196108301042392
6.958055274075854 38.64278375107924 1.095102839399225
20.52877230920306 1.513188279938506 1.054917049129956
27.66392645876106 28.18916142414751 0.9955518366040351
19.67768092531603 4.734147228176774 0.9492257853693642
17.70272226850629 24.45725578742905 1.068908303279073
9.017770165585805 26.61028687917175 1.09378837633276
20.43098740765405 11.62976798258245 1.056236886693604
14.64909923572517 10.0509942202135 1.10707396279045
40.27757546970508 0.8777613229480392 1.46862848786071
12.13697493827761 34.11713158251584 0.6010629455991511
11.71795716961751 53.74683045816926 1.540510450928905
55.26001873810777 55.98410750133176 0.9740589691285304
3.435890902968073 55.87496283132349 0.6092469535593394
3.609110059500257 42.74391091370206 0.7490839883375341
47.57082761571316 6.5846233338046 1.159081764018271
50.44835102579014 51.74028992454535 1.19705491505593
9.592078775443174 13.8793384069015 0.9747372891812717
13.94395906242726 37.63228878873973 1.087311036874197
21.89691846580101 41.10303537086725 1.073569446887476
18.2201669268404 22.42541940343819 0.7634599966869058
30.78072386224788 46.5403479694111 1.002288434329837
45.52445547074287 1.108039785226826 1.110761103247668
27.91570540513643 13.56564408939595 1.285489458229705
56.3095550296407 14.79243920268139 0.5961952731216507
38.10943879844129 42.03207476205755 1.011997106988505
36.77236466006021 7.366309874395984 1.103085817766651
45.43712823113293 43.14242254064531 1.119079734552819
7.16157965695559 25.20323380557971 0.8563501435502954
23.42413031236461 29.05849814929929 1.063656446201014
6.092391526835222 27.52643607674466 0.7830445489452057
56.55701192308078 36.8731153890831 1.038319016363526
8.913857962896049 5.591239490355942 0.9829722550013306
55.33720059056636 36.82956336803248 0.8017324321159482
11.35437880612648 18.46643858284989 0.6882042742201278
37.35125138021598 49.46381760456777 1.030322019318084
24.02160740225651 40.27087797842495 0.8855788141429848
42.49179238010747 12.45873560684674 1.129888246628282
55.25057715701432 33.57488017602585 0.9892662858367501
21.95430090229693 21.67470744283623 1.021019344986409
55.80629996247883 11.72576985216037 0.8258905238767534
1.787006128945856 55.36331188555961 0.9185173753923348
52.59247266435645 0.5127431775968257 1.169777555213199
24.44502966545756 50.92967325492281 1.229007306018395
16.48848540591471 48.69668535175579 1.13408584492344
5.068351828059345 53.83973681267339 0.8608936858877093
31.96521926529948 8.182110332037373 1.088353182594915
48.83774315139173 17.45701161886426 0.7317271773076587
14.20807871558148 18.89142306935574 0.7942817423845672
51.82592384648785 36.16237964442111 1.107431370939125
12.18507197088798 12.20995582556816 0.8213791933742146
37.73574230714503 3.783957212131451 1.431272696352837
4.296700389728276 55.50877569267004 1.22900257516412
27.2578881998816 41.63900696190028 1.163464986911429
33.33569228711337 47.17904079248153 1.145927887287254
40.586110391927 17.49619521689424 1.234835493296733
33.00834127609075 46.31915148781573 0.9652773950509183
8.834692734216663 47.21642001821493 1.218743672635049
4.119918672889433 36.80174933271564 0.9771166391671693
31.14913549094886 16.30499067032011 0.9337751591642615
20.08894788245156 23.07545115895358 1.081755908304489
45.21309274305268 24.38564827217984 0.7276058161499386
9.024655207537419 6.694915762960406 0.8554137982026481
2.217354522187894 42.36034752119349 1.000107658574902
43.20351158464491 34.36313584743213 0.9161389444163335
17.85399974829238 52.03820431886157 0.7294455340780424
55.69882087302339 50.95835547519771 0.5644729878199002
17.84127932174191 2.818739519370133 1.214962879710012
19.12373018969024 22.77180991311176 1.02371053181163
3.87529258424197 39.2126780721418 1.069349085188979
6.598326344321634 10.43148792368895 1.058431813306309
7.559366243686232 15.62298155185905 0.8334145646988272
0.9833290465098475 14.00036024209129 0.8988064286652302
52.58018567998902 3.839871784597575 1.143351514492541
31.29811607221985 50.22871981990929 1.022835596860865
47.86193858685994 55.87767191132422 1.197599189497287
49.83602735997924 37.13457344711505 0.8992712554128467
49.37949897925346 23.5961321148072 0.7271642095273643
46.36794202791896 33.0002808175051 1.010032444402944
50.7159072410855 35.21520309998431 0.9766962616882867
45.64669102367326 32.64803238848598 0.9971795398354166
15.93721511072349 5.773094710322606 0.836394244504769
19.77345495241389 38.00493880780644 1.19674238548514
20.76041596837361 29.39367766231004 1.123410283504114
25.2174119568511 9.238035078271308 1.032260923270968
46.36385583335714 16.07935051716834 0.9886143392923823
5.640109950508974 0.9517342964893832 0.9883036638643048
45.79172337930264 55.01960892976243 0.6575557843720155
9.52283804562075 13.91580843921556 0.8721205324941168
50.91699243007088 3.238745260163558 0.9243012499608677
3.552978819027999 37.77770256287312 1.164491849541108
51.65369093681392 19.49019395629419 1.132764886857146
36.41073814007022 6.324252199066921 1.232934711939694
18.08338284589508 0.1711540819011415 1.120209031428731
53.30629012189167 3.935341791685364 1.035381057612744
5.261336956760537 42.67014592870611 0.7664074466681861
51.3272958608937 25.65480228590537 0.8689340446305687
14.32877824284545 40.11901921365364 1.329135671346027
1.035730799676725 33.19724923474586 0.846937669951866
52.79245311990029 51.9527232297476 1.228566866032049
13.95838175153284 39.98897334048011 1.110445964794784
25.70116716888787 8.612072661804069 1.116262651716157
18.57621661460782 6.773899545787787 1.192361237187459
39.06105949220297 54.29414650252748 1.025733542109142
1.229488267670147 8.058538407580246 0.9036856881918339
21.03749551625806 21.24418060306654 0.7306854546709572
46.89898288897191 35.76436059678176 0.8551564366316841
55.4838105908054 13.57339405155433 0.8959565157561383
51.47226459368703 26.2066378077523 1.126169723157635
1.356922976838855 8.430646318677182 0.9823966612723147
17.04271898048125 11.67477841846402 0.7643252833394859
39.31005458781033 5.733235680373961 1.070110767765104
55.18041767840293 15.30433667698146 0.7282254515547528
10.99309288197807 56.40990597261577 1.265354335491429
20.65408654913962 44.79845743849802 0.6139005133100128
47.39537977538788 10.55306943811154 1.246790586146863
24.12646348966587 41.20382328620359 0.9298902875378712
45.39873170359001 13.89710677596606 0.7803311661517568
3.974134123872097 8.362349314318202 0.9733233676344194
14.07759722372405 54.53881795263794 0.9765851957806184
30.16456124706406 7.429038168596588 0.7646452673683881
41.88906912686726 41.15765415558482 0.971676999198965
53.05040162338428 6.583622276123437 0.6537075120070941
38.04610010192082 19.61321963212137 1.030389049387385
19.06967036755275 1.454324495724554 0.9393205585952619
23.73254053701299 2.173414951271105 0.9848375743214824
23.37854464323192 55.44690480709397 1.17423323561389
34.86317317041716 37.45614186695597 0.9781997706471882
51.54083182920741 48.92994344370903 0.800906212634967
10.30793810929541 1.379775917334378 0.9983238510651505
28.87280660768636 53.23228925197957 0.9763125485487297
33.0798029392398 9.918906683064488 1.001153060022532
15.09147027465118 19.66255174934052 0.6576039681939977
12.40415982129246 34.16114066874662 1.27141154989091
36.33455562001772 21.56540537465616 0.7376006704283029
51.17088348472998 30.80732627669691 0.909109615026421
29.25423105724819 25.92940237462959 1.162400842963746
55.00556999491787 25.23995376389471 0.9618035941157325
51.390237744148 7.582027837905114 0.9748238280404989
53.97638772892598 4.69817582690072 1.378743671598735
50.39056460950084 7.274159402714185 1.109321163921093
47.75351707253303 9.236073440516401 0.8466189918256247
28.89862521639961 48.22093475247777 1.049536688917977
40.00612798938813 50.01550148800737 0.5996188625538443
14.58090683612083 21.5285185689705 0.9500638112176781
50.14800985956006 5.647136040333256 0.8252706726218633
31.57653841496284 37.08351663876488 1.303107661929185
47.64219468070296 44.61773442366055 1.16819108628509
52.19976226156567 39.10634865290781 1.169403242990848
46.73060825175168 4.161566016805156 0.7391962191716499
41.996176379731 29.65518856684453 1.267331202506536
28.19912411794026 32.74969342572135 0.8558820974801281
38.59468077290555 10.78988722376054 1.069705820617522
55.23683380160333 21.60080873575099 0.9835978842843988
40.94149234515685 18.38629552134606 0.8605955825551818
47.12298745481436 34.08950217817421 1.079936465581329
56.49174309498246 55.60996997664216 0.4906201668340316
9.284450737426267 47.13393774914273 1.067996626840455
32.1663701209083 38.42746663532567 1.043703248126841
33.52076028777322 21.8969783461173 0.8449363193890307
42.82194306134337 27.58520900531915 1.139023269614386
42.44057283850413 14.02106715274093 0.9793202362370765
21.03696620186649 41.92958320394604 0.875146916316225
35.12172206962561 19.27379997692714 1.064901602611509
44.868268862771 47.47188425831119 0.8632542794350091
0.3134062496542028 34.99125629104267 0.6506536724532589
7.192190363161354 24.05312950492517 0.6687005896869629
22.95680776143298 16.47664110058762 0.8740563746171738
10.89105276199572 46.35343734843351 0.9066747546920346
47.61197877051867 44.41181304976894 1.068229036318104
0.1971972948858502 54.07235875589417 0.7496448285525585
3.786220374883255 42.63777015993268 0.9462947510377041
9.969604979255053 32.1303921105016 0.9562734568952749
49.05070600986979 45.09132707542336 1.369530154385299
46.05298218133532 27.3318440799284 0.9491776381461534
17.26371718815701 13.61436859127803 0.971405017277818
37.6674980962032 17.6354896526949 1.163891903217904
40.93254867844868 51.8545653237284 1.168588847383922
41.20800267216191 17.43198053186386 0.9878565511029571
39.23541446367065 52.45841836671271 1.063789342335435
49.53077709606419 54.41921230285391 1.129141053094472
25.07038191848918 3.624202978156601 1.037118224047676
35.7545950886582 53.59104111864745 0.8640149860473916
23.1313139466249 30.15878714954424 1.135443203253201
20.4815958302848 29.69496523481559 0.8289679761237347
54.83948981428495 15.16027769500403 1.026368507604378
32.79576734769892 38.08342146458263 1.096528671586203
30.36155320767386 2.615769109044117 0.7038560791828238
20.04774964090798 15.1424373156123 1.093687826505795
10.02797419346309 13.68074154233594 0.9196343688632603
6.182954267683884 15.64028895396753 0.7611496782622128
0.6854178904022173 41.93754938288478 0.9241332857061144
15.09633650588632 7.403469087743884 0.7364552931018438
16.96648358738352 27.5275845790876 1.078344507685009
0.2225497873604995 46.46808009849306 1.176234968944871
52.60835713921504 54.37342260003715 0.9850645170593559
35.45684403807709 55.33662121665507 0.4508864073246592
31.01989359595808 11.36386689001874 1.06112339751955
26.50630423217374 22.93415126341123 0.9577648658558916
7.748384779202 24.08135330634255 0.630647746616515
46.72678432554323 31.67585682062239 0.88492362350975
34.48862757835939 47.41220221594544 1.165398374788133
14.22893402642987 31.70974270939349 0.892095067363909
54.12342671217557 31.19541764035608 0.8203109728987595
56.83329967587874 3.195165050772561 1.056829791982628
35.65597863106801 35.29014368741314 0.8918474097242095
3.743515410806758 16.16031480960563 1.139624388281292
37.3721145742443 11.49190019000876 0.8874874770767024
30.34023881440062 29.9684524149487 1.058364731660157
37.54087392126251 7.828866366217317 1.086845677040154
54.54882401719169 34.60958865732401 0.9725141362541241
28.86402280762048 51.67225070282456 1.029892317903736
40.42426769920824 20.44850330261909 0.7736832806377829
33.56122711885778 18.64436476754228 1.495919116414809
21.83952981831484 6.356336077841156 0.9189792937985601
11.68467045560697 23.37131608574247 0.7670461043164236
17.49899584264448 18.18139394427715 1.248574532048858
31.26762390568276 0.7406639320499562 0.850912089779345
30.70911637354135 4.587284939637074 0.9722094234693868
12.4367290863007 51.0897709778928 1.610102855580541
4.657803753231561 37.50436587981152 1.057765277663594
4.706937888500717 45.0820714524398 1.001387398657465
14.66269177555232 28.56596603829691 0.8028501434931292
35.00956273358761 26.34736223115928 1.512497122402512
13.81749467450077 45.18503910684262 0.9017674687059408
50.92795543834937 45.08511858018353 0.8860407758406309
49.69298130026691 19.63481941243392 1.18866509019185
22.56165139636102 5.129710360024921 0.9183684761861639
15.11526343697462 42.42394999900085 0.7126039043227378
54.9088043062523 19.77306719020617 0.8992014506291813
7.855138642645971 23.88118503470029 0.9783027319589686
40.88390722865421 14.58157483608535 1.042535822989046
24.89396123536581 38.08482297187896 1.304820455002832
24.58574538286112 52.58000449956395 1.146761949573675
40.76504360640656 7.759339851215175 0.7826171435833392
26.48835863754542 29.69074664529914 0.6221828095332002
49.32556605773306 48.29535773084283 0.8878429623155325
24.31105027129457 6.050156394974401 1.177468958971351
48.47410639397526 13.50737844477751 0.7904505880662483
2.199380898475359 14.40242224624493 0.842472618729039
38.28360728094522 0.007027841642046274 0.8942994519276465
24.63609437720668 33.81801897139196 0.9540081929682915
48.8684582234679 31.94773875174473 0.8075819749337274
19.02759255423564 5.699842662876399 1.147209922995379
32.48338277939865 39.19288884857338 0.8047365999728794
2.020677357921692 24.80894881058901 0.5779429691890663
30.85910523210611 46.08682071794142 1.387014771729325
8.758041337485444 22.33321159953867 0.7397585049909321
21.01194177708213 18.01924112672882 1.219086551031979
18.72434764389151 45.64803615428882 0.9490172498327847
56.43167140587776 2.199253413919012 1.106023435794369
40.72556257095447 48.30012962934567 0.8962692101212675
53.99997229222207 47.49797097477036 1.022751019032876
5.545791259289622 10.45915477977095 1.387279912599793
49.65204362834433 32.3579857793441 1.074670967283888
5.838122849277278 23.14029015467516 1.014243692668657
12.22711084607388 10.44775471950311 0.9534138273140849
2.03043968092205 14.82131000879282 1.284088136103311
33.53862981104228 42.41711873254604 0.8036683597227398
56.78531465343447 52.26297745493379 1.170158129210036
12.54095194467388 30.49682626616993 1.01887687516934
53.82182816547427 53.26651451562834 1.154491550193037
56.01966964081846 18.79692813465229 0.5805431132888956
21.46679127936568 4.565460900108079 1.1701694401573
42.59463496533904 21.90812654276757 1.00552101185751
27.16208545358949 48.43275781461632 1.005953582127803
28.1299858959997 0.2755275435166096 1.280053110128457
39.29955358165296 30.16042557692175 0.9648140963878274
11.92649907708471 48.63546736335171 0.9809801469516655
46.12184926966292 11.71181373051918 0.8739256127307451
6.334388428989048 56.43939676295938 1.233531872950911
50.68383039612502 3.156216567920622 0.9657228258844338
34.12503689905863 51.72558089286349 1.063729673043772
34.27771439975021 55.59182817842431 1.064176138733498
28.44192388348371 20.55801327971649 1.104977591475572
33.31843451984154 16.49034058092644 1.092498844580001
34.60884596622029 31.86270570329517 0.6618043089830776
35.41409620755077 46.53534506984769 0.7112787385254468
1.247158773824181 10.39661783184699 0.6356927555946478
44.72294958062607 7.581547202813228 1.097451740667173
10.73776379727654 5.541925820308703 0.8164047372354124
53.88756621530632 44.86280069633518 1.002523951706123
43.45462884821679 56.55854847960106 0.9732645601127924
37.69907792922998 36.85055667434379 0.8580343546120375
0.4085699275175901 17.76265967812513 1.094924089672072
25.63134236709743 49.81838204284123 1.273710679280892
24.52774771327514 56.81992606018667 0.8761374063389368
17.25991619483564 2.941843894283215 1.112688352573386
27.47778934495421 47.60242987731585 1.164143125966854
51.1547070933295 15.20073889903759 1.330260750277317
9.358702595047049 5.359443555753419 0.8919786937666204
20.08972704321599 50.80292777987334 0.8576927068516662
11.56558745799846 40.13178773556454 0.7510231612434246
13.31667898703212 33.77666755196483 1.374067143380409
33.5965935856088 42.78891442194065 0.8810677014429984
40.78627059459047 22.95186468910047 0.7339363485841293
13.55429453987363 20.70171072366727 0.969852451584918
26.46479881203957 11.7382716200027 0.6243312046969645
20.66001249740832 34.22507984061962 0.736464984578646
16.56740269929515 17.44455404460642 1.142609902154163
0.6837244134786187 53.38393660419804 1.173954462234497
46.58721190811471 20.77345145669461 0.7540926998059667
35.43285411476757 12.12571292655809 1.109735931706071
55.537357661192 19.21912470935803 0.7967604584881116
30.48318462236001 48.63187215553218 1.391383273514907
45.78607201519705 56.94798346094228 0.7164258576342118
47.70358418799172 39.58770379498029 0.6523590057952615
41.47471034409232 34.72881817060002 1.296393941672646
31.11275474825537 13.40268400237089 0.8983437189080403
5.931886214265547 21.29961907924135 1.170927582414411
23.05207089476849 4.70978626455636 0.8993856336243138
44.79206205615404 1.581190209175083 0.8493835613762446
13.70690313573317 15.99558711191434 0.6847306685312604
42.44404088027964 48.78448075139173 0.8155448301365281
40.4163529069239 29.86602039209847 1.184560417847265
15.87520891049654 43.78649668245879 1.146668988276282
10.8166529288593 34.0481089274623 1.209439597247147
21.48321377461926 52.29136327295162 1.115607380735944
37.44979803052256 42.88968181977499 0.8849129824110173
1.701369897789028 43.3816842447881 0.9314034612401774
33.58531885993914 30.24137179378484 0.8429528536730726
23.90149744129809 21.37738091609319 1.321479898530932
44.60229708701479 45.52946516523578 1.083060620364529
0.3553140304774577 30.04633794075173 1.243096133041682
45.97356341684868 20.73029877046603 1.165643037678105
14.30128282602005 4.848772327345224 0.8598712107307199
34.69391649295293 8.22749610814615 1.210116754126221
13.62481162819304 46.47084359101525 1.087303959917727
37.45629387696101 39.54982628326389 1.012610176743896
17.41926305155236 14.04161273690016 1.140191976543055
35.41899365299334 44.61376008000865 0.8282279748029724
25.68048741141357 23.02129071346544 0.7683928708534045
53.06762865421717 13.45717108224387 1.436411286479223
10.47106384926991 42.04119204452317 0.7506477435396053
46.88996437186839 41.70426530563471 1.38044939386966
25.41815424078058 33.63424670539528 0.8276443293602483
49.58291432474876 38.38792479056303 1.194549277185031
10.73713494778477 24.94343968245361 1.189590275323021
7.493265965717502 54.0347397434687 1.078128368199188
5.23504156164594 20.28446401622354 1.228547074266445
7.898224069689505 7.035987621190021 1.185324931569227
6.675325901562034 41.04144928839125 0.8904773644217566
54.49862039717782 43.54285291235095 1.019439899970856
44.78414657375968 31.68609024988771 1.085726981349838
16.39035552897973 36.73335382842149 0.7613905747038476
11.30835762448067 19.42806921639855 1.075941019841261
36.09059453201042 32.42833886036107 1.034924183383309
34.55802520204244 46.8277294797952 0.8358199969994933
11.20824161088478 43.25619986618692 1.075754163833994
28.14950852475572 49.56374184720392 1.425096516655964
56.59972946839395 33.58556095584554 0.9104627078539276
20.08918188283647 32.6715185049323 0.7321729961839731
19.21437139074056 24.11266205884175 1.192141665262979
49.27389250335931 30.52957097838147 0.896785549226768
28.09231724873759 50.10834936895797 0.8778094347187276
9.265231013887204 7.182911754205316 1.289515594321376
54.01064123400051 25.9084667721337 0.9440115758453249
0.9967580833457215 35.03179953854149 0.7420015144439518
21.28799937818572 4.923019778878903 1.083495421813083
4.768741514891731 48.19823445901192 0.9260127792338733
24.78379538831478 4.059934282703295 1.038235302424256
37.03998946167528 4.112310873396839 0.6889684934086473
29.78393183079731 30.01174591016571 0.994132260492533
22.58587707187323 40.04685663760028 1.084346748462179
33.15520598001555 52.37210752646071 1.055551976919924
0.8611060482734377 1.691894182791884 1.013517279198347
27.60036095492559 40.19212179919338 1.005482087171833
32.90354679427275 4.373872209048771 1.055228846494176
4.534333938515901 13.17357599324248 1.042852735190832
54.32757869704048 41.57432340019118 0.7999750861743768
40.82868425260703 45.5108597988779 0.7644959315657759
32.89694427274956 13.61261605686164 1.013642731979449
0.001589668449754672 50.02212168696435 1.214404257059057
31.50657285726935 39.19695341084011 0.7350285846286011
6.480806021243709 17.78619667691467 0.6556743468505595
20.98896190942682 15.77769803571408 0.828305674320173
9.045342423508568 22.48639362374618 0.9052875311379374
22.552318507597 6.37292112054905 1.071364293752525
25.34823635376442 47.8894012500017 0.865058072599714
28.34906517311422 1.245180599971293 1.172530593158517
41.91113921716396 5.482741453444 1.018572343566209
33.69969612997942 32.80500813331688 0.8203327503166751
29.84817929605403 34.82702764907248 0.7359034758517859
29.97012826752389 38.89352174610529 0.9300964179340548
35.3606521758999 13.61467919387607 1.055478655895872
55.26353952021503 6.70971732247142 1.049447722050091
42.58528397445813 48.38801845926233 0.8299302630424545
40.38595682493688 19.28498007789486 1.221650164908157
18.37375136482238 23.79545043632176 0.9509827784405491
5.046113324373082 35.24871935520727 1.101260715984759
13.07574697773706 17.35696445701502 1.25158567221983
16.78781433998971 13.38916822401302 0.9660166220649224
20.76330646768366 48.24006340803582 0.9773587735844214
18.66893637397743 19.026845961356 1.016930723645917
21.79240276189167 51.53116893513648 1.089049926284251
48.11665787972354 25.71944951066722 0.9983053082882924
45.98155555454155 44.00862168055429 0.8599382426217876
47.4839741897229 13.17458212057808 0.7957148399334495
36.97003255689984 40.03036704241781 1.067438056147282
44.10644488320986 24.35686871984828 1.132220460385664
13.57136005841725 54.59324440899922 1.281230811639138
39.76673120947868 34.3346665526436 0.7031486774316766
38.31425742959336 26.08112160446175 1.185479305506549
43.8733647600158 23.92796756696327 1.225361161257101
52.12696167879131 12.65621425428252 0.9427541157331322
34.5046512696448 42.61093584197151 0.7187758290682622
51.4686613699741 5.800828905217736 0.9531172242778729
52.51927203010734 38.57510625318396 0.6996972076692654
38.75729808758818 14.87153080192932 1.033063826663669
48.15640569578689 52.32865817254812 1.042634050042151
29.66332469864903 1.298082974878178 0.7178671241821362
32.35880443563629 26.02483718610594 0.8923561484434629
44.17875246199721 26.39542889892842 1.098194833861428
36.40438979137893 31.05211719547031 1.233709304787171
15.73526274540241 56.05279808074832 0.9041487640299054
31.06129393356913 41.56605914680569 0.9534589022241021
47.36688805202343 7.060975072002492 0.7342606467231135
7.105061530184495 20.52458567708944 1.218148581222614
35.39611650556145 11.66131240765625 0.8995460127451482
41.19101776377811 47.86089171648998 0.8406819733716668
49.15897469136817 17.94325372201542 1.153213104746538
39.87917964853308 37.24014618724591 0.3534413316934514
6.635575059631641 7.670911647226155 0.8953188687408542
1.110049252915219 56.95897155206602 0.9228200504161537
45.40932964366364 26.48522291029115 0.7654924409229422
21.71099414476705 19.47062357723276 1.067352749025727
45.00057888077599 1.41817005603489 0.7527258573268951
40.3136722586647 52.10564041096048 0.8783314026308242
40.96800000219047 0.3388722386857831 0.9676756573604928
15.47989140473301 25.15901776596858 1.217827676583646
19.00759441312756 21.89253982384342 1.193115043618052
20.59888478070446 47.27411629551747 0.9865173695272386
54.94502796928632 50.06052118728893 1.2178723127862
27.19343139240212 8.694988081089681 0.8187746685573418
35.18021099138083 37.42971136953203 0.8204040253177747
35.07338458675583 46.23149302193499 0.8995335659150672
47.64966310451257 53.99608081485894 0.7256430991762519
18.17960382540692 12.5924188376369 0.8583383651202452
27.30662159356597 4.131055004955761 0.8193029360700657
17.35889190778085 9.319981768876305 1.114949978552097
31.21252161926242 8.088678405661453 1.233652784643628
26.64060258988319 23.16299350055074 0.7854526057086157
16.22351466129698 5.516569638399672 1.373977609795148
33.2806186402592 31.94223191260464 0.7717694268388496
12.37194325559397 56.19271526122127 0.9011398819603651
0.6923226270323259 26.05435181178821 1.203485072789166
23.05043262664714 40.44628252761731 0.9360755591420707
3.934404542639109 23.86509241204014 0.8387451738390145
40.15964362870885 12.90050792223798 1.195345344225902
20.99675062391756 0.5185355099470055 0.7992550961664284
36.88502183085541 53.4330113103767 0.9370133920356827
16.57522262799331 6.525624420738604 1.127864715110727
31.11125495336542 35.81951947222441 0.9513424545831293
0.4149305123905327 7.391873567081929 0.9118817570813706
18.85270319872196 23.13369464042303 0.7756069607703149
20.72697642153454 19.54502582575429 1.075746119457074
10.88701153075649 15.23847905231569 1.108118982230037
26.43993759827686 14.8214160733956 0.804317688864616
31.68711169235739 22.26321509306469 1.126011732561524
24.93433184918684 52.68386231627495 1.223636958274355
4.170406512064117 2.666772433867107 0.9314487200384911
43.58783285067781 20.74562916660012 1.179973105892868
42.00335713382967 16.05892057952421 0.8039813377908078
47.69552540159576 52.76510849211603 0.8109727189742423
18.89880310599636 1.32015816137202 1.090696504644063
29.09325439952931 11.0868495582076 1.137136722211026
26.32532861052329 13.75375085685111 1.188902811930259
54.8016820036814 8.428900074879127 1.196935631070609
30.69211519448651 50.7219066595295 0.459772864488095
25.17265595922836 53.47386582404089 1.023552354891195
56.140638257908 27.46456102396574 1.345764514140761
50.08869166443529 8.333035112513711 0.7877774552222316
48.63668694702754 18.65175579285797 1.055273368537456
24.79160225800779 39.33221232208061 0.9263049044932141
48.88044092239833 33.31566739097036 0.9551006560607874
6.70494215921729 20.97369529538494 1.05660503052214
3.953961225670744 13.72784553315856 1.039973899068812
7.772506274642659 1.755643202809451 1.265604352508427
31.24443689884825 52.84886082906689 0.6670417036674764
27.28198769142944 56.41709285807661 0.9453841585305095
28.76015532936908 48.46336485793039 1.06558053760766
38.62327691522579 21.84884696726168 1.224265064341004
33.92343136711206 55.37313093029574 1.023419060187348
30.76529921300956 48.34029562554336 0.9704368838153651
24.65596298997102 10.4628570873583 0.8750562583090755
43.61943540425013 12.05847991260629 0.7224642627306548
49.32903985927302 47.94307110688792 0.9536410705862253
45.81419986477783 23.57347673157858 0.85443050954915
22.99056956311249 36.11465850943451 1.179464075370854
27.25490342092463 51.75072491902426 0.7684370426091549
16.59957185974325 27.37442331126631 0.9891194779478543
24.14985588386183 47.1811005320312 1.06606997601736
49.41358284997455 49.31214639046795 1.053470452986524
15.21854947098463 17.06954583994558 0.7942498952820198
49.41138150515565 54.91435122485941 1.006082663866058
19.5107347627686 41.74042133788598 0.9246285706751987
8.31389804292186 32.64935418807406 1.064845079937265
24.42112215721101 31.30446763257704 1.359719759342372
3.554205861200674 42.65476438480186 0.9188855715462324
9.716459323054394 27.7040617450625 1.002882581554977
28.77734896949369 21.3900963526173 1.521432858773198
21.0967788873691 21.19093179292555 1.129489854784017
38.26047763287112 16.47724616782612 0.7548203538094632
38.15331323358851 10.38850338542299 1.197085077892884
8.302854583739702 43.24459694011351 0.545049138920789
15.30511605008743 54.16027691548703 0.9657593182632607
29.80963107701839 18.99065367178556 1.161835437893658
54.92348175212903 41.57364377452696 0.9135654154904352
23.91567978631504 17.22088508457918 0.7164300938928676
9.633438608904108 33.63213910936943 1.130031529434945
5.156108581533706 16.70229577259267 1.15288958058725
6.85939985181177 26.25288746890281 0.7751366951405679
5.568215827256542 19.15370519838934 1.266074212182425
37.03888876272314 43.72152906084504 0.857380695625506
17.2862237730465 37.84506319409472 1.00601114432734
47.01734782709617 32.59133984967663 1.278089230738126
56.21035396922862 7.81497113351476 1.138235019096779
3.577533013456283 54.13383569481496 0.9228376607413133
21.11250991891721 16.30429466781407 1.143198719440495
34.46509734795666 30.74594852782132 0.9483629251000614
16.21525205355848 55.0925423852599 1.181165751228771
39.09233995019102 23.07465190537025 0.6415971141383683
43.63629450026727 29.91364565487655 0.8251192969064131
39.13927274064127 23.67518323644772 0.822855609637418
27.44793412343037 33.9213984887681 0.8750313699457387
49.52654449200563 17.46528195052653 0.9876881013101382
2.052161292197258 8.723092254587957 0.7585316483276507
35.34685570855945 5.629694305653541 0.9938571786584637
22.87390656903102 26.96943784177743 0.8180680238265305
44.03976528441522 0.3390039169876854 0.6976772942447036
35.06874139377323 4.821388018234348 0.8491974009766792
40.00529032852747 2.41417122139324 0.7626597611564815
32.32781687626979 6.946228274584854 0.5283572527839435
50.31676803869976 48.96299159199139 0.7876614822055595
25.88439008075948 11.15425406450138 0.7289997669708657
38.22998411265667 35.39712839266151 1.223455241238238
44.12022067379217 17.03299429502012 1.193186044038897
45.91183971050746 49.97714859665238 0.8780979112639615
19.94658643842982 31.80823016949381 1.118650816627715
12.12475019652618 20.66197280802856 1.092177215827447
37.59261123118578 46.85317059832307 0.7575002055867738
39.67518630934655 20.59790153317056 0.9510951722464471
14.42837011787499 40.55625437412237 1.234696182287985
16.5581502614348 33.05607971691344 1.027432918119876
44.21033378141482 42.55094062236647 0.9524260497723868
20.8396687083131 25.8964723678755 0.7871069669550201
42.92946668943831 14.74492571118517 0.9723581133512734
0.9370379522149628 30.6979315745169 0.582591370596182
5.506161717468017 38.65542218724984 0.8920727459673993
41.54559719867333 17.29059089547516 0.8466132426207128
7.143761467255541 56.1844067611659 0.7108948375007914
42.73610993648698 56.41110328697185 1.037838668802031
24.00626195641526 21.09491872233102 0.8154103529519782
16.53185064603195 40.56441221785006 0.9728049318985076
26.00695253350164 41.36133219411659 1.09122048621414
6.403747778108226 46.84662124181474 1.049749923004187
54.80651062392001 53.1872712514304 0.7571345496766818
46.9817594899711 55.74354857613498 0.6513579330318582
19.62717294023706 32.39136451687261 0.9530358277746869
55.1678536414019 4.172770112367705 0.9282502849537773
26.31097851568413 56.82571690614601 1.109947725415654
13.86148082784446 12.04708842562842 0.9187815212324987
41.62294815463152 4.554535343569952 1.255272641320511
6.807494287755105 38.77394659387597 1.400387308604383
23.13527876144986 31.81109027741993 0.7129966217140549
22.6610680630715 33.39308332344195 0.9377161253074612
29.58035454832965 54.02968354617696 0.8336593222022444
19.2111272100411 56.46555734773425 1.144842398649084
31.85692183806417 11.70996861518825 0.7904359604019426
43.01107026264587 24.53887725041196 0.718583855286427
24.36459413001528 40.24852353625396 0.9632450187405823
24.36913717741572 23.60141427004776 1.09401716772878
16.94635721852368 53.6519906807933 1.10205612487737
27.17344766397655 42.35369974437808 1.196019032832182
17.16478999525532 52.12750556512154 1.008686437736831
26.70180974886837 24.21271405146118 1.259811328631095
55.74772164493228 34.78451259796718 0.700992053624744
16.64451153280423 30.60464348299645 0.8753212760328888
56.1300474312762 39.34676769811044 0.7186274893803223
46.10952910692875 2.906600346745271 1.045712885714446
48.30610146993124 11.68494679158784 1.142514000565084
32.60601615421754 18.4795491073651 0.8742361418155363
0.1999591683037389 38.49008530820258 0.852990479110476
38.41615058268241 15.7950433673314 0.9308569972360102
50.60125477640017 36.51997122379019 1.024809410241722
37.44306075174504 10.24576628266171 0.9787587280646708
12.90134805156912 8.268135387109655 0.7501906945817394
42.8190658599227 27.87897857226384 1.321622259232801
10.22574624383158 19.88577933091939 1.054434275611175
44.85571363794418 4.964335816895746 1.006285924983223
16.64928263502628 31.44582093201849 1.022430189221714
54.64136421524051 13.6879291444495 0.8017263128005552
27.89136567567073 36.71823373004712 1.083365643811452
47.91972502969193 9.307516258353143 1.001257177772072
11.966064412131 46.11453184723599 1.157254953816358
8.211945832340021 49.40912519041873 0.7843039414913094
26.60469592623631 5.165732962156522 0.8784151496280121
40.14062472718797 0.3809461236842657 1.234952075469893
55.33070681445799 19.1065302589473 0.7010421084340226
14.13237494608964 14.97998942294157 0.9607156858228685
28.66791859393377 30.07062575270917 1.051793494045767
21.2033788828195 56.5592842696045 0.9075654023639528
8.866800501414948 5.302136553592113 0.8943904427656111
40.81507852106126 20.83286494008864 1.072866656550658
10.36358483944255 32.5886572327412 0.9500919406954499
6.038612659107248 36.96828076567886 1.200993869544971
37.34922691590582 27.86923644825315 1.105212439434793
39.54560838385746 0.6159523439667897 1.056321699677347
19.72248260291409 19.9721712590997 0.8638845683719835
52.85630462125703 13.27483379387987 0.6145930361369942
43.34545954658904 52.94928930324935 1.314654604488168
24.08350743170991 53.13431900280263 1.045024620860816
1.436455529852051 48.88747168373664 0.793329975974729
53.7831728997562 52.85312395722285 0.8431887943198195
46.63009046140597 51.27808087658047 1.105372084469728
42.61382020991939 52.66870312051321 0.5777282509356898
41.84794050680843 11.59558850507978 1.225985671377112
51.23744682652757 24.3935488641232 1.024453678228981
20.04941439863733 1.126168630610299 0.8345782218328726
45.20885727238323 51.79532481906718 1.385026750704386
47.74461409577383 49.73389925096831 0.6407787884573625
27.68863579523221 55.81700725844922 1.124639485425909
47.70447894218587 22.46738005730667 0.4385476912620845
24.97821525576441 31.6189749262384 0.6990727168856423
25.89705577627619 18.10636321786156 1.086488019483274
10.2770088111409 0.1434173919928341 1.078679378399831
11.73900589707261 35.71202042266355 1.043209886882577
19.51849818207254 23.95054677266187 0.8073572411541132
55.88457027770792 55.83867796083851 1.378329978581222
25.9145308485788 44.09342752354845 1.226654132960394
44.29882189226282 46.33638011121023 0.8266075852300799
40.19562405450066 12.98302907635599 1.089053399381942
35.45040913366266 43.43968669205889 0.6275305239504582
5.51907789638223 10.94295216814752 1.007164148541694
29.04931538600908 11.32500116728479 0.9325578719616706
31.55955106465125 13.52388898214506 1.056291012078183
49.23590943135131 25.96844866730666 0.9161256327529526
10.24910373438574 28.02517296700979 0.5984448346278731
53.2271015356421 20.49785362812591 0.9255827895792764
14.23626434860577 14.87484582507743 0.8837786613288398
18.97219744882183 49.96852445088724 0.7211414187391343
9.112383985012949 24.49127534520406 1.009846603449055
21.48537753498432 30.46696008251373 1.060498200648131
46.48468098718891 27.93532802021845 1.194144915039161
53.90377668752511 27.01462077862332 0.7770979846468802
9.745763332464621 47.66058754625757 1.267842314050616
10.33192922702615 32.37539629981639 1.252605970670756
0.1074678353534396 24.56819357563192 1.17347235241205
50.05603273820878 40.62139510718239 0.9818929396117927
17.13416532759283 12.02823016048792 0.8034077779237395
36.51950550569198 37.501396124019 1.444047259731935
36.406925706848 35.42691452355446 0.4275867132768826
41.6674594551639 25.73140792303318 1.06602124006695
52.67401240238641 51.41322278762852 1.091038855744963
31.02283699485605 26.72392469631691 0.6682128344647584
7.19770343983439 31.13030483020949 0.7313273386372288
48.90941357282428 29.17027580140637 1.252416957366904
4.016793169089031 9.043578900417117 1.171673339295622
35.29012823956559 20.71801146758628 1.239383298058705
18.10810882463498 14.6970539198709 1.006543009375069
15.58935713516053 8.038800544123538 1.058913197721476
34.51716599032151 44.4169883972113 0.6710522336377903
13.14839632024448 29.37220457027303 1.183560380515988
13.59784818002854 29.54039178953524 1.142064792702888
8.84016071485363 54.86523306829167 0.9372069374328224
13.95183281970761 0.7495742876779168 0.6262715625075059
9.793153188095033 11.23401483159234 0.9480293850881603
55.575338742498 45.08328142766062 0.6658058684843685
2.780335320988826 31.09695229031935 1.097629738875694
48.25374449428811 18.36969245614935 0.9077607754063239
5.786680853360649 15.83394500232951 1.359472849587821
44.95553590355233 18.93507717360513 1.082538920063308
3.792876433019003 7.925059210474164 1.075821978139926
41.29622018025081 12.63303717441533 1.080618685327461
16.21667898875507 23.17576465018828 0.718261670455367
44.05981598005621 14.79201770471037 0.8885055547927538
31.47546527184335 14.03938137229503 0.7974031791473205
50.10879454301148 22.72920973958876 1.338785111869784
48.50012019765569 38.19575468180503 1.353670518965923
48.07849237978388 36.45565607466533 1.171051750051138
28.68530318219462 27.18310939016897 1.080896927644746
39.34608621445768 32.47817964175631 0.748808287999482
45.11121681617164 40.89846087940897 1.341708907516436
21.89035934158152 1.493828251722189 1.190479980269297
24.66959290191047 3.784077954843676 0.7665209340986052
52.89905606158965 35.92863895321667 0.90725526711047
49.9680203255117 15.9047147505473 0.5299570240558956
50.10373104647907 25.37709412741339 1.091391296025036
6.57284880921843 39.22775448124285 1.137041507748916
21.05950729225739 6.703680638085902 0.9670053676317664
55.30998145663644 47.1976995892812 0.9875323798903761
29.25165681412986 37.65606764455143 0.8124260781515176
4.298373986174527 10.78709599412377 0.948323360598184
48.25828629418196 26.18873332775605 0.9126251232951013
7.295771658092631 36.95051714775642 0.930930031433843
11.7666262503558 3.194827719682282 1.138714809998261
30.56934902657259 8.84717637339941 0.711227291758002
50.46726126152429 23.67308007305166 1.289062836827249
8.276931290643724 40.79711931003123 1.126151863869752
23.84427784422612 29.33643858290112 1.0981593307288
31.4049860334047 45.81078140475358 1.134599816562792
32.55437378750852 3.656642820991875 1.093754220156754
11.01646823576487 30.76522300893684 0.9928688858878781
9.017348959584417 2.274754529946835 0.9618973850349118
1.248790326644103 22.02392907581475 0.967290090865864
10.4445557144678 17.1279464010745 1.19703317903188
7.686984787549351 3.19939327528672 0.9769188707032905
34.67026015821391 15.96391607819307 1.087447401539148
43.87121222721004 19.70534069449889 1.244967617441875
23.30809391164598 19.42558598817586 1.189802115416913
17.6558389801792 34.37845177779833 0.9541617384914529
23.54016591680244 26.67318793976362 0.7922717143157403
47.97146117173669 46.91050913320412 1.338332587191243
30.74385024828084 49.22025149838079 1.129017064043565
9.348197899455297 11.52091374272523 0.8315596020332463
25.20231067724633 35.32332067392921 1.027291593828263
38.52271394921593 39.24491072271248 0.8512378760997352
48.85321156953145 25.51922653453389 1.175509051186014
3.016539041426284 27.63066089927715 1.248642484706685
56.85890692512454 26.32463297961495 0.9350485450295438
19.09957588748055 7.71208586763222 1.2283065396346
0.5993421918709493 42.63974183082568 1.314400555714969
9.133864057778318 25.35673495258984 1.211405095974179
27.16305760627755 39.87771430605916 1.209583438498751
24.06612024226511 26.92518435042593 0.7839788961460635
50.61840955802165 49.26843091951145 1.287670033330508
37.43797079214732 17.01093795383859 0.9370402608927287
12.29044548156226 21.19741949075713 1.171923478326233
20.24430152366138 3.731193390084055 1.217407762368168
46.59641314511952 20.84364371553233 0.9385142272795337
1.096192188605756 55.50479927868806 1.243189936099435
49.3384219051052 28.2592497948833 0.8152965156071257
10.35674555709434 5.44863377392694 1.098217637552988
36.84059267995907 3.975155088573301 0.9810774355485716
28.86031665134258 39.60618597669815 0.9114228640788361
39.8857290315841 41.15076213290484 1.036594227433881
56.45774665589339 52.63168585748956 0.8943016571289149
34.0736442725517 41.0893641584969 1.099577961921559
44.82055754858095 24.11242625355368 1.023203330309847
18.16158948520273 34.191492742948 0.915107086388985
32.69629199509336 40.43253508463155 1.179978583169081
47.51703146869178 14.07880552675519 1.074981605724485
4.848932114359426 17.24450396757783 0.6015619618457767
15.27763377189526 7.017147298910258 1.188126843197103
46.6233333021511 23.00502405036475 1.139781828045969
28.2887125296 50.42693874306369 0.9962194257069984
46.05862457401055 37.12890151242209 0.8723416986590581
11.83582331744759 23.57463768244471 1.319794830037398
14.86621846764638 9.54416555098452 1.166344991836923
22.21371217361359 5.383249909795471 0.6975961071359311
6.257026935581596 43.15041037842185 0.8860107224917418
45.75019170844471 11.10595907648372 1.208690550375666
48.16577590357781 7.746439651002381 0.8557659890529907
9.51923341514507 19.45448840663512 1.073118481692144
49.70339219398024 2.036770883033411 1.072997260168659
13.80664062397864 27.15023947607271 1.314894202710844
43.27488164895907 37.6248947110143 0.743232059459056
45.08519085593763 8.488593822572657 0.8561704007173867
24.05024941035092 49.26517158293406 1.124268744101905
54.8585722855565 12.80044109225294 0.8318956040693644
44.7676959963365 7.994042449628023 0.7199349011624812
29.24067668581413 54.28692941148157 1.533804182619575
9.861420066497018 17.64947844839165 0.7067594173636369
20.64605804795681 2.564812233934557 1.211156692504757
29.71505171000727 21.37940108048702 0.6873548381489362
38.94640323191248 52.47372795337519 1.261116343884548
33.70987867690152 19.10676728519926 1.072749508211047
56.71377914851242 0.7601280872524381 0.8501576989381989
55.8258380390824 30.38883575209828 0.8372777495051971
36.23730653582015 43.5935340088762 0.8316647245342891
40.88046339381508 8.831409057989442 1.083090381987584
38.89203830151448 50.7418834603121 0.8861799603407944
53.30669569424666 46.16713683780615 0.9911479733166461
36.99079499486405 26.02174737771123 0.8962568638006351
21.49547533108642 10.46696427719061 0.8052298370555152
44.15848308110539 54.59409799547591 0.9866798280310469
16.70086525413248 55.18636064053809 1.047077627585573
21.62848981871665 28.07280409572311 1.035639587283869
42.81587359673151 51.58455006060402 1.129251436148246
8.577894750320304 22.05318010600897 1.188243969445112
30.53116332764326 22.05854743675261 1.09868714376039
55.79218203657874 12.42320160261504 0.9175058382782556
14.96129792554364 12.10712656476867 0.6753446301698964
14.44020632768059 51.95209292040769 0.8682831639306623
13.88929112064153 2.624349247023626 1.360999852959885
35.45370852316437 1.047774175204232 0.7119107000819338
32.11265062918545 43.54462575192779 0.8362151821725033
44.99211659235512 27.87136267724976 1.144265710203502
22.45591271131109 30.31157950047011 0.5770574368893853
52.86117029509562 3.633996754248625 0.8962440945585231
25.69254419100124 19.06453446255277 0.5949705231331597
38.81553519881123 41.49297506152325 1.06099548684083
26.76455455262426 5.618217112318714 1.198086053978815
37.35332481579544 5.218263049245935 1.063017679386118
39.14455306443597 28.58212722073408 0.8483285788140513
54.49108452838431 14.25720366707873 1.170902479479175
42.12856634432849 36.86043769626899 0.8365523698901577
16.29119125674069 7.584479055639579 0.9024241869970645
11.2184758098882 30.44436964925582 0.8906039041609006
38.54469512148979 36.91102000088944 0.9334448446746657
21.40399503587 36.84650809077849 1.171780151876321
17.1370633915705 18.00409666216192 0.8295324432751972
52.73307223093374 8.388872923510556 1.087901950060123
14.48420652210908 33.08639702018648 0.8764166924262502
13.65816905193877 52.75168903719247 0.7495838189842872
49.73232503036611 11.14925358032307 0.952614081745537
53.63245467451981 52.13745904859969 0.9575494690652532
44.71951564621158 12.9236459047178 0.7029793733377403
28.3359024656638 6.620702524958506 0.9301493592625054
50.85143388847422 20.8448065509297 0.6709285448939377
0.6913146151654956 44.11799621028732 0.962257619073392
33.25952555996344 39.31563301259448 1.00297696515214
47.70450593610504 10.46819211564408 1.147966509900798
5.07899478454096 4.311641882318836 0.6339236204272394
0.06333089296861127 24.35071495564222 1.116930047254795
29.8864174168028 10.07222359723981 0.7523859133460078
5.209682619296798 19.92930855179639 1.463673737555443
39.44251799604042 7.931620696993368 0.8519634116550068
21.87203458457814 46.15674383386818 0.9246522829139495
14.13922795101033 15.72346844650967 1.105163602338415
30.97889734431119 10.69286499996337 0.8458527087407129
28.23815698001448 7.238422904274623 0.9620532656959133
36.2310206686291 40.71300394866289 1.190791131634258
34.69033468919356 41.31001545317006 0.9010396066987975
3.04717928964979 45.08797675049304 1.085209837165381
33.65943957011189 32.93359670645259 1.330053687166326
11.30150363748032 46.61938236915478 1.00735607728852
49.41351221986744 33.17353822205846 0.8350548789008729
48.89700666856812 45.77767656127814 1.054683888613197
47.67290094060493 22.87590398633662 1.208703489537386
43.13320049416888 9.345347559240343 1.016059632022986
33.19204346937688 20.82353518336244 0.9468597159755842
30.13225979783212 53.70254230206019 1.161649328402466
9.304666024308961 6.791699341401317 0.7913892277419904
15.66093179055533 32.0886077797453 1.01126737960648
10.83474928598607 44.45947281804843 0.8384236727129598
34.07885516066051 9.397106740342968 0.7075970376788108
55.30979114552484 12.85498133714077 1.153041372950275
1.632657871876218 6.622747825282974 0.8973264862722165
13.0827017473442 1.103199406575039 1.298525750450851
50.58223895383172 11.66700624007127 0.9397507220063838
52.54237622373848 26.7742824232086 1.249129904212951
47.99097172356721 5.622801194723137 1.056174587657967
42.90028151166639 0.295637721333484 0.8647441269050088
7.760504066832598 28.07543232667978 0.8321714868113765
47.62502827338177 18.59525335281866 0.8759264263935255
40.73150627628505 49.61376030538872 0.9230004972719308
17.00572956074296 39.04129739526719 1.031845821401087
29.24809515627478 7.101399487863016 0.8353862074291101
39.57832432378937 42.33079690361898 0.9033073105137371
19.77913628322032 24.07020173877021 1.000100719129891
28.56112024493568 52.26967770665404 0.866890302827789
0.8924788748344774 56.16822246004279 0.7734068393953726
19.84772966329368 13.30697941095893 0.9791497353007258
41.38241176418141 5.32967117397565 0.6774526506469694
46.20348708294495 56.91731688236693 1.027047260533192
49.53107716121296 29.94402358166129 0.7066874757621062
11.9762907014118 54.99981877719975 1.057238032314101
5.101218238520072 45.47792435087167 0.8983367497316168
26.55518276130556 13.30581713295813 0.8280153872819433
22.1532100416502 43.65377522616357 0.8099172957648586
11.63886838389508 35.42115099002661 0.9565719845404145
34.5893734235267 26.05359683141745 0.939369340609523
25.83832669623118 49.29401635066328 0.9141207823463624
15.80031097717598 2.669132450907087 0.9120912129736088
40.50600510067586 27.77660167858778 0.9628315449585106
34.88352947862983 38.55617029757992 0.973020353051618
19.07598659958504 31.47358387265056 1.223118806638231
47.8427745498916 1.792388589024725 1.320359610770705
20.82241680697651 2.481642907243987 0.9315179843075142
15.01299019251624 14.80291297603534 1.405459167457491
53.08188080651773 40.85131688874742 0.8743232410466244
15.28259834380941 51.40933998972613 1.036782371066678
6.879243036675846 55.78860344448528 0.812980814229272
45.19420854570075 34.18692917804557 0.9436397001772525
13.31836373140959 23.07773799778788 1.096677711086466
54.55132187043844 52.3822780495427 0.6833084234860396
9.562991911807559 45.39409642033004 1.008875621685444
47.87573932757402 34.38820621761875 1.120864312185205
0.413692667341648 5.88872949354757 1.114141977945053
4.008665318604868 24.8483138279283 1.164455842883818
45.02221229068107 19.29126366241428 1.124772613033306
18.07986708035686 41.44359543288294 0.950721368781994
2.449649565596902 6.274075599514915 0.7731530399424102
29.35181362384549 34.3736240600113 0.8241546632429586
48.16236365454382 26.90313546774124 0.9402677210363725
15.29723186152858 26.93056872157872 1.002700948834141
31.11076425859275 6.17297118910261 1.018660839042561
12.06170068265018 53.50989410630888 0.8508023224475344
28.02003037325108 1.80174706494517 0.960098211658416
42.61384874331478 56.80660791872377 1.086251983667859
42.10762901655754 30.63606100745316 0.8905178320721396
25.53751633481007 37.17773863495222 0.9573491830874183
45.80887824055221 27.98716590040697 0.9027878113253622
43.75517922395615 15.80362785831263 1.069015070032797
41.81302688494932 34.91754285195728 0.8405189765272711
35.64289839176596 1.003995187582446 1.162637111695368
41.49949768953933 9.753662623816012 1.045966089373249
41.27811954975041 19.23866705933524 0.943404490057865
42.3281666819603 12.29814989645879 1.276967605304571
29.55746511163072 6.654262867595191 0.7853687740270912
37.93271717426028 14.66509410164556 0.8649385898786303
37.20832736380786 7.839255123324345 0.9435880543235836
33.81500611026539 23.660141598275 0.8467921959062835
39.46376945658763 0.09168480666898415 0.7445573621184185
55.48772815963613 25.17053278264149 1.115082572803449
26.17452797022393 56.16011146416893 0.7171412158479108
43.88428914867541 33.35149434690899 0.9942400511558028
52.59016140624423 30.30655072178065 1.281152509555991
40.46055856834192 16.63057553052463 0.8822975761184813
23.28483839811982 49.36537715157744 0.8702447772228461
27.6831177816182 3.57516224662548 1.04160563254473
9.403002456483899 29.60429324424094 1.047733281989058
54.55274981425737 43.21800856674928 1.056234632482207
12.92309254264603 5.275921980978885 0.8310845420292696
3.898737055202358 27.58370634381832 1.052886348388206
26.74381778144456 26.290837627971 1.366630869351679
6.424759345792587 14.72220182126491 1.119583612891271
18.64549625601875 56.46141252036272 1.209964831322764
50.93182852162599 41.93033465413858 0.9350715542159863
45.50549692730675 41.22275552583056 1.19168867992826
11.32844094109183 54.90849938379065 0.8816416121301655
41.12650792399725 10.09148355950205 0.9114794974556095
21.71259846478356 47.91470177188269 1.084069738843704
53.19062375286158 49.71842491380797 1.237310130735776
5.219397324705215 35.59717223215716 1.237451335340946
4.888009833585476 29.21644925848415 0.6086163288049065
46.68541695395736 2.341256106896911 1.416693592926054
40.25506094855027 49.87686626653972 1.183153096919026
34.17558196428026 34.18688944363356 0.8323798400217911
55.80183572033506 23.31269782144236 1.423287155206949
10.2251270824229 10.1302766348842 0.7823799333292624
19.01146736369071 5.347705076144871 0.6438677669637205
34.14365941199645 40.72406582847427 0.971736809453429
18.35975683590386 49.45303057434644 1.12640572815165
15.68177215786733 23.57915416060908 1.388796115668402
55.54236929330154 32.93821261354639 0.9824655259374899
10.68991132904306 45.22778622071621 1.271226769426776
22.94195566463375 18.53452964245087 1.137004310762436
34.79814757956105 0.1175376023713209 1.172422843048261
35.91804629513903 36.34503629447195 0.9821753256078697
4.653531441303683 0.1392434472866559 0.9763033409857264
5.486948523431527 37.54087153242011 0.8769695847636141
7.389064633468662 1.749355344916394 0.9852910487641847
51.20238591926284 19.1859909078041 0.8663620977645421
49.32797562998159 22.25258867268105 1.222485094327195
53.27064564697009 2.040086782090406 1.340116517842395
52.00479964912162 31.06879319998845 0.995577806385638
42.24947351508283 22.59218796882415 1.301632028376923
7.622569890982737 46.90300495638652 0.761410622112473
13.56800376138091 28.21837996608502 0.9212641865051715
48.5606535438265 20.95706839484957 1.164537661258933
46.70588986422209 24.17012123026425 1.010248209146905
14.25086320156737 39.03386546766099 0.8882911968228518
29.90421036440144 44.61351118917275 1.147326788645185
26.25968048733644 9.002341481858092 0.7504949702594355
11.0424282639485 16.08858079187971 0.690036016486152
53.59911930775229 13.20005264841023 1.068829149375897
41.4775862714637 49.0642730156259 0.8732234079600626
5.865448950261552 49.10015616244644 1.003519782752939
3.119938147310139 52.53528173339333 1.38028896629696
56.81526035900007 51.68059169113663 1.037411273010553
46.74546395835721 6.198239939379618 0.6498651717508053
53.95311692680843 3.996327133381892 1.124038883863851
18.90664331331227 18.13631577144205 1.139517063698972
30.98933799238379 45.16632380064871 1.164547878551502
10.69664988186986 38.18108551724865 0.9904973941117206
11.16169992702161 7.295769189622145 0.9441661358173161
47.56903017105955 35.85872441057987 1.121398991893719
10.04077244319058 53.4344791213211 1.217799970363556
25.03135948769346 31.07881869379376 0.9942531933288187
44.54333212205364 24.84661984669353 0.8554811998145588
54.62961551669501 15.50487431674491 0.9838104324020306
10.23392213659078 51.58273241696075 1.018142687767603
37.95855922017179 38.40784478998177 0.993945626877754
16.60234328853075 11.94789721255558 1.296371391649599
7.021016347697478 37.27081847250034 0.9625509269435876
24.92208603253685 18.18271630126178 0.876000803554592
36.15921572882645 35.13561780663935 1.216624173803611
55.1619486087756 46.19998817201703 0.6713913622661343
38.20803856067734 56.60145641565391 1.424038639948082
0.1996478225102871 25.75137065618829 0.730282631493545
29.78705285339945 22.07769175249976 0.5698940376092846
41.46393252418559 40.02097498999023 0.9272892419556453
38.48700253362162 54.61898338963231 0.9649126050389083
42.37297873775148 55.08934582215237 0.9115371296958197
41.83034636398328 16.58789692334267 0.8988163479352196
49.21796577433961 9.752432369977438 1.304360817570132
29.05565656817316 13.92982895343091 1.230371979426379
14.92017119001605 27.21760517694876 1.024133005571178
46.0917245336304 53.53808215471827 1.046692071384347
10.08922631577087 13.53980074289246 1.299764964812
35.61749249539221 6.961072833259158 0.8418246436195531
22.89725415916054 52.27791666485273 1.075316313786945
19.0516775003875 0.4642985684165259 0.9034778227348339
54.05638122235256 53.82229075153465 0.8929294820284767
10.75211967842286 52.16902319489467 1.392277611957202
53.32964296747448 13.88193677732811 1.118150971152305
55.21979246345339 30.75101579341619 1.073449422216946
46.20615940131534 8.309018779224258 0.8725011132520408
48.18529797493727 22.90830903170086 1.119863514920935
18.66437257019075 14.08255210755512 1.040174940501503
18.46680880033728 11.08312567141053 0.6200595036892877
25.88976492308535 20.94041128872913 1.101943963230032
8.244360114561562 32.59858377538556 0.7295331435148933
34.60039633866418 5.300741310371431 0.6752133905360493
31.41277910089715 40.17299417880037 1.021909980716325
10.01827145880939 27.74242204182894 1.127953535196055
25.42857853855406 9.616658689741351 0.9564629966141117
3.583742172263443 12.7193950748627 1.144014662782115
35.62770413310626 39.9843309968637 0.9555619286656025
8.851592228213136 53.81392980311715 0.9785998109286351
7.897055474527671 38.46467529771136 0.7115773310606881
48.25881231727955 21.44396172298303 0.9861596541300115
8.050417643995219 36.21669284310969 0.8389643298585789
9.636414124461083 18.06868910280461 0.9791054870754035
1.966068473628754 38.17483041303923 0.7088012901278277
36.986272863106 5.549810645892197 1.00141737586868
41.29056228664264 9.17044299476335 0.9609138622743738
26.33585939758265 53.86547266126865 1.228547430227433
35.33014793243732 27.74765634059331 1.318481927398708
55.67687659509335 50.93092094731094 1.152470753734764
44.13209030084875 32.05474251464696 0.9921359775689231
22.18284203912264 52.18250794484397 1.050070561148656
13.25119702110588 18.23055021615259 0.7401092740843351
38.51060127071599 25.99744889559106 1.121618941373179
7.17227928208759 25.58643725262323 1.173646258766593
46.02648039023693 1.066504743446831 1.257837006750066
30.58843436445502 11.18323080250213 0.9767765849654955
55.5157741515505 56.92429376203767 1.061343888709218
34.15720860760529 43.3788513696654 0.8071274859523843
5.75227451545758 32.83408517615594 1.177895666524779
28.55350724307518 24.44186256473971 1.348031171692682
8.057845775996263 50.73634930874051 0.7552511425001016
25.55560547232423 32.87556753068956 0.7631265106625387
37.5598313499055 7.066206716497525 0.9915754641545701
47.54287646084227 9.045295681825511 0.9041369361691916
51.74643299204597 36.56935682453651 0.9188680346339693
25.91468795478097 40.70023478972737 0.7825546066948126
32.82233231040757 24.43046207978878 1.191505628513013
2.435080254653041 17.78173710628494 1.187689656954586
27.24988709075837 8.18735477011062 0.8582871106369883
32.00152194593173 49.24830383399888 1.284077569032886
15.90567880771387 51.6258924555154 1.124528914338972
27.50145995966227 49.13741626457191 0.8374134898178591
48.52749099653563 29.37447635940019 1.222572076159163
38.4197720412257 13.04384496949792 0.7851719712456862
18.63972422882902 48.53157246649804 1.251940940263071
32.23180725622541 10.50527878781095 1.097028613149944
11.98487426339876 15.85633575490505 0.9515425504716567
33.63807288773268 21.62620162620498 1.078730417342553
22.60730928816242 27.25389517017356 0.8019188527547506
49.42322469568961 4.187382926786031 1.006260007308779
56.04607115362122 8.328903503403488 0.9792349827121808
2.761072306316845 41.31767877997722 1.202305524133455
55.68921167482119 21.0584842837688 1.334183062063205
34.10232925326672 42.02777043964144 0.8015644539611375
28.64055615600224 11.78527573067009 0.8554047561588272
22.29055451848104 41.56705686010749 1.006353774781654
19.72869914059001 16.66686902738496 0.7961613109133161
23.62066717195356 10.47893163444425 1.289067386426868
28.39208795940135 16.04389186764317 0.9753252000315309
24.37279537104666 13.47958994353171 0.678536194991922
38.06181515476751 17.16298312794556 1.204625764888801
1.480661881380091 38.48353693377391 1.187546137846824
4.881371718310459 24.86870809219252 1.227910039989354
9.896478505291267 47.23307677928036 0.7846167091805332
50.76897672878997 39.478661102 0.9422278031129748
24.04571796210749 13.83413927901263 1.10497722900155
32.72640024811327 23.03272931372408 0.8945631345262929
44.62704998004578 33.82157847928888 0.8667591122062758
24.49840253614746 16.01913791290444 1.071378546216893
43.45729702592701 17.23826569143602 1.14299828067484
52.64430709399483 24.51911215415183 1.309156455572434
8.341999588693492 35.88191072730437 1.26293498255198
16.92216926017877 13.22337130700395 1.033170061188554
52.20707230512382 13.64709729824546 0.8829686696552875
25.74776663619455 45.97604900737109 0.9626582760916456
5.03558020155671 20.17147636235295 1.106347896640751
33.6873460801725 37.76198047621268 1.148445956771774
51.78145137791589 30.83125562958012 1.141847112716362
20.70983584025402 19.27985388752066 0.896482201977263
1.444571011441094 33.30769056841158 1.127278479474424
30.81357187862208 54.08887810543593 0.7746521776715773
44.09673145185072 49.44967969201956 1.046949533008121
22.39217359171816 47.84735024480491 0.6281521099029133
4.494447543050371 53.712136211671 0.981728507831106
6.575294877670377 0.620205943295828 0.8242506422239557
20.79168230564877 50.25268906646068 0.8758071647540613
49.37285558198246 6.995887955183111 1.227146127216304
37.82714361130593 0.8507822411371312 1.125381310385013
6.434160794333629 27.67753715379049 0.8858019384813642
3.985227695659375 45.23966033348798 0.9220603987915609
4.96760988466796 4.812030391680091 1.034521759282045
13.9808326763943 40.55121245679968 1.095771102204875
29.94480000852831 36.37300626811246 0.937979013307345
53.97225216495444 35.89301024465496 1.006515632761342
54.62130576913306 3.547547042624814 0.7535633380538801
15.15842214839459 0.3048984670568716 1.137965610666976
7.439337768796523 7.531277703834362 1.060190436376198
51.68558463719002 45.12793003354591 0.9206487957235627
45.43106646390216 1.119745404980958 0.9167726116143051
48.09681519917064 13.96608712196634 0.8136406082537561
24.60272524813317 44.55129623066229 1.05464878462387
28.10250866091927 24.40600744700339 1.124440409908049
17.95656419263993 2.501071335981167 0.6871463707001638
38.39408158063613 22.93648274705582 0.9265809484908568
18.47636337367648 17.90729774204422 1.198622494264047
18.2121962091011 44.56246927127357 1.333557824377842
41.16606322590544 25.51298265788378 1.379951248566261
13.64091266488699 20.57381990485537 1.188266462018554
36.97139326807642 29.44637985222339 1.244544592644664
49.23707470867647 14.52778996970867 0.9290433944852126
2.935957600798438 16.83979995680964 1.005553489241705
21.80317248627691 16.37992204743434 1.088914746438923
32.68266619727139 47.11834949074236 0.6964163852238398
13.05483223779818 49.78510177870518 1.059118910441293
31.98404551995175 50.17796374027522 1.195892622136681
37.7404329850061 10.58595050013901 0.9812189255595773
18.70922436039393 12.88318642595931 1.052927380516796
33.45700633081468 26.4089916047682 1.246586051703973
4.796516877504306 56.88798112789541 0.843409221883877
13.87339151644771 16.49485724488965 0.7834637876984986
15.71198475021496 12.29674939778482 1.098425398598164
28.67667144521916 22.35911825036589 1.198446293737068
27.63350672723423 2.985409823705167 1.261187941135117
52.77051162895305 11.41991152168247 1.170060294105329
33.86630267876494 22.19039890318662 0.9663730947587016
32.77634940332563 23.32537761112926 0.9421921420800243
27.48992208973035 22.21394774001741 0.6948877198265851
34.74553781130609 41.02860586299962 0.9312166987955345
26.67576401432779 24.42198989094328 1.060524472165554
46.78110814130917 49.17726980018303 0.9843208796124814
1.337845283252115 26.21697414303989 1.114028237276958
37.63688566472236 9.731911390894982 1.019439071035224
19.29875578884909 42.25303891545769 1.156264126009247
8.578416500044248 51.82856914439638 0.9724170825233703
17.28905293219213 7.253931136454423 0.8352025219287897
20.86108760017021 41.23041479160563 0.8798861883289697
25.61060034046443 55.60662543801899 1.155969789312887
23.02861530241958 46.80278370101134 0.9787485442386804
50.63879981433917 12.80972341718605 1.111384510913779
39.02669758676863 14.84566221332441 1.049722421100983
49.08500198325375 19.6635832249483 0.7422376588676993
4.916622113863296 48.91622068542811 0.9409301534282986
6.45886291119217 13.49503861390754 0.9139281068561359
20.74896975036197 42.52028731513782 1.276120513800668
32.65990812036205 31.47493240073087 1.087395698386185
42.70651815119503 8.991781949061799 1.072405735713764
32.80411656424595 11.31711846511677 1.018693514487418
47.86592086677715 0.2422826077054639 0.8075606488551164
43.43674608014373 29.84597434142883 0.9797846566396637
44.69163658129593 44.3039296620078 1.157904616583484
45.12702689186066 12.26921018551533 0.3630508715891475
33.45050793627766 4.554374255963776 1.207247416651605
1.76258977072434 21.58120228516925 1.125049548027788
55.78622638703614 38.17139159476915 1.599792189518767
29.99532975861585 5.389709180402434 0.8952279427161127
5.631991788107898 55.23516031132785 0.7709233005289106
50.70722496682183 0.8509194668619519 1.333568330604091
45.15484912886976 11.82563081701548 0.8382042560237271
50.6680717070904 43.84253650989501 0.9375084072219262
45.78372317263099 20.88355296425687 1.074911843526243
38.6956248123644 22.23423108236596 1.336733087499733
43.81543336753521 21.56600324882474 0.9137746513813049
27.92732247846542 17.38841757522357 0.9844478950214962
55.55980916999272 23.49352557374794 1.191507195118633
32.10325804590399 10.35822337463415 1.126922565543229
8.59338368596201 38.06200111287739 1.21789652733906
38.58616932741653 32.29198763765953 0.9228494065247889
44.11761845467501 13.12893428845747 0.6035348942274139
13.58355493963862 48.98689825087175 1.32091938291145
22.00039106840286 51.89412192622857 0.9517385531633702
25.54870503561045 8.815824409395374 1.056779406402546
26.20424201116163 9.958320963642709 0.9726290761473884
23.18957632649204 24.76405115461166 1.079246264170753
35.1222745557885 20.80662268344621 1.014646279426091
36.02808420640793 43.71565824175051 0.785908466185967
44.35527193702537 6.125264280999668 0.7165847840989481
34.45842071923354 0.9388268501212945 1.06938294477339
43.59751865109313 10.20740856053653 1.259460482256207
27.86178519756616 12.14622366016089 1.215064192974561
8.622251147694071 45.22747498109354 0.8711841232348473
54.28023130971949 31.81182750072881 1.041871526993379
30.10466184658215 48.11380069149369 0.7090766835943687
51.53870053055635 9.132746026447391 1.118458780100708
26.74699953372916 53.83710475956886 1.030102791088493
17.73681070457064 14.10227147075453 0.8407002678651231
2.581559717925992 28.8431064485773 1.278271946348077
54.52023023717116 46.17907836901912 0.8949275072137259
1.325302029180015 1.073747952503035 1.355540218042483
12.70392575427141 9.947553176874086 0.911660218667604
41.7593806776029 2.29274906930176 1.084930302616127
40.71623488455835 14.86404252418505 1.052244556740507
23.99678855063244 28.23600864095427 1.169431373674257
31.66225968890929 50.7437881109043 1.204339217227745
7.846059555116137 28.03548238800628 0.966493852759203
44.59430181728411 22.88715787599197 0.7023294875376527
44.43972481528284 31.69157362528684 1.673504898357078
0.0734971692196546 41.95995505245401 1.272397640936172
10.34197046064864 22.19595402348598 0.804384975869056
40.19776015737921 23.04589621492005 1.142835108125133
33.03005327891096 16.90288787796296 1.520950504187013
31.79173216027754 16.74628816346931 0.6361739989802007
52.00122355204132 55.76371895278046 1.359992641968576
53.43429053548458 26.66348324095061 0.9396956991944744
19.06255363443054 0.353566565715506 1.1811691970094
49.54288627092861 6.656855425171952 0.6706715268375
34.8872461988997 10.68044925699031 0.7470419273564519
53.3444738035763 34.96074336811935 0.9582852492740892
17.08475554645283 5.982374743550259 1.089235460474486
39.41107979482556 0.2825156772893461 0.6791275650807178
29.78149876826513 5.058324237381259 1.012155079012517
31.4574748466059 4.573230901999972 0.8359682004052412
29.77151279653027 16.80583595289189 0.9506968730654054
4.988124174991681 26.20580330547216 0.8929108914029538
4.908993557984472 47.07597442580199 0.764272439200018
31.77037150308973 1.253467335018081 0.8363484421570713
18.46859310635766 42.12147334037417 0.4796557634355861
