38.74634797905868 26.1392747611456 1.021819554819672
44.87755769066399 18.04433148356356 1.075833346253029
48.5917286144531 17.57458855750718 1.027943260365001
6.633374564178928 8.7518586152009 0.9782683644701282
9.720940791406175 2.790068420483763 0.9701185219628865
28.20213366123016 28.34199311134498 0.9774454030654919
13.49872406688459 50.96890439091665 0.899828222697129
36.73444741393181 45.18003867574969 1.147936184076181
18.40476878471895 1.157921973223762 0.870986041406335
44.82964512977267 7.234894238987422 0.9764363264821844
38.15120194812827 38.92963108975889 0.9730745575210825
56.97396257332245 33.82932456621403 1.149678215096319
43.60334819629944 11.64142569277502 1.09303093354705
20.39328430797592 36.69410153790103 0.9934652853286546
53.02679118096214 32.45038065614662 0.9613339259456608
3.792373740948911 56.90842991085184 1.134977674002618
18.19782920656625 4.027198037610948 1.022221836950886
26.56085222752804 15.7521464995817 1.006185219813504
43.68911647735588 44.96562101224699 0.9127719140412891
56.97754822577236 4.739713576035441 0.9380623297241246
19.41255697627205 38.12875014735793 0.9861870868897675
7.157509759607496 43.64330721257409 1.008785500350401
38.47947749424701 50.76085795590694 0.9360556383938785
45.14673977864289 40.02437184426206 1.100894384074442
51.12839789601434 31.55644562261013 0.8220154056486941
1.947969648031504 10.48257459256918 1.173080995110014
23.96020369462678 28.50882187555955 0.8789058526595532
16.47444288780654 43.14478956495635 0.9846329652389002
22.8269828827246 16.4519910870362 1.044393626531465
54.58074123439413 34.55384780678612 1.062632984930402
46.88969278702964 4.738250967458939 0.9962379651662415
55.49910892336588 19.48188789816661 0.7900052679404631
36.82180849547582 42.4966895866658 0.9376058847113938
25.52106143092786 32.28830300750597 1.170672369791237
56.52499389672884 32.77435809083951 1.222339485888765
1.225483957317417 32.15704429250073 1.152616348226701
41.47244396967461 25.1856876519442 0.8687490808239128
53.85195460023915 1.66199065356608 1.115162931135552
36.59230011636033 44.73645774123094 1.046216514309646
22.29030552147436 33.79122327304968 1.125471508369957
38.9112923182134 43.48746051429187 1.023300314609048
5.969348412458482 41.98220202325946 0.9389679365822103
22.90709080170239 44.12925355049281 1.028186173028119
19.41755653145609 9.475744141021623 0.9737641324541899
24.20251032346976 49.62663114938263 0.9590749709888424
24.78367541534066 24.93805748780168 1.159405003183845
50.61368195927407 28.44954158340094 1.027777543895052
48.58985061272506 32.49717712332363 1.209211427837431
31.11068041022433 28.18215072908539 0.8769134529479929
5.355192053297158 42.52394035948624 0.9029844770528644
51.80343419583674 44.26648437151056 1.005992340445337
24.67688558654715 34.98074928623659 1.00010766254523
41.94602972033714 47.58397641479223 1.069745412559195
39.01212862087979 41.5275593416428 0.9809515245295219
4.372524132194242 6.214638917806856 1.120261066227657
31.64263322513673 1.937865879823391 1.041619123755815
12.77619516466567 25.25631515786812 1.106564638381705
54.70500488798367 21.9772580494067 1.010096213868008
23.91859481107378 28.81568527166531 1.026750242882183
46.82789619445237 55.51460083178925 1.037016735475797
29.6761700085719 41.63133036374642 0.927805423767704
36.6683201420439 26.54118775461856 1.052399836764109
1.041947151553793 1.778322925687918 1.13248789033458
43.30588226733072 25.81049190452811 0.919021324499378
46.26871471678312 20.46007273181345 0.9400474930135426
22.39793861163684 26.42482471951508 0.882669955027249
46.16766307324528 52.78534607486117 1.096014957871279
17.76260409772517 41.7648372448817 0.933458519430906
15.68835320635156 10.92201287621726 0.9165604870961069
9.436613681463811 1.59323687599657 1.001514107033602
47.14757973800766 52.21769888476361 1.007754156958176
5.675669648067871 39.94912790039048 0.9396949156138077
1.283925526907633 6.717616799621664 0.9405699364837925
46.77169259859794 28.03333309340912 1.136049450352738
48.53238517722691 36.04040731538106 1.120958306750508
9.676690458635189 49.45208188539934 1.021321764125326
32.99208623868976 27.43929458290306 1.09589379072009
38.36130745912032 6.13398597116302 1.027165763440908
54.19668884584526 47.79792114058413 1.032196193433359
43.01562002534774 11.00803060550617 0.9577888781080816
19.0870063295993 48.69128967341561 0.9742441050539918
55.40890647303728 35.68460935851774 1.071152585479351
43.09282512920574 45.18059907163521 1.023407420930482
24.22100636047358 55.21134827714942 0.9167601168166322
39.80622503850899 24.17276156468911 0.9383332448626198
13.29217984214992 21.77938314610132 0.9282244915178994
6.864146322414348 46.28426608083969 1.037594745429787
37.96470552588101 30.579985161582 1.061911562215117
47.21505139731572 35.16139434518357 1.034727303253467
22.50566287595111 7.393526274428482 0.9906463753446076
8.950304849981473 41.59266920555041 1.081334282761133
42.67432146597389 45.31001516632271 1.041972469190986
25.68163647115307 9.895327799904779 0.9480698937898954
34.06808936459389 55.62405607785287 1.038979392282525
22.89992594667707 47.36026923328651 1.030998963727314
36.64453528758349 12.62211689987318 0.8014472783698426
13.84513769524411 17.60924078692181 0.9961869168859889
14.9735346115071 10.95276818701661 0.9901173459778013
2.868967187064219 14.0583505593512 0.9495383063314757
11.55207295368988 52.45230428383327 0.9642554760153118
55.88899444038467 54.22639441966377 0.9510396928692094
7.121722193025854 27.28368281400003 1.15278964829834
33.05849236811441 41.18981155761974 1.032452459237282
31.55008076436356 46.31117808926439 0.9969362675234932
28.72249058388289 11.19461605194705 1.132030339383808
46.62781739822953 24.57449197097425 1.002411623926855
52.71540538767139 48.63028073526466 0.9342657948979093
2.583048895738576 45.71975716609496 1.052963595193948
24.74729055852969 16.443280465176 1.015385263597601
11.89558474900927 52.44131982905851 1.049418985234129
33.52575790534064 52.65790417262255 1.119321054684814
22.94158698662258 53.07044305562528 0.9166244366748043
24.83729162944354 48.84932587847548 0.9216482618059905
10.58198844575416 40.09379893033476 1.159396372211122
9.318980206883969 39.38584528462302 1.034904342450365
6.960337229054578 23.94460134205623 0.9996556160629508
47.57707831383546 49.81112720808532 1.084111261481023
38.53088437418029 2.38083187322171 1.023817953326563
9.603407674750038 35.08320976285413 0.9067513437772448
30.52452959191265 15.20595326423922 1.13559327417372
17.15689659638186 50.53648027942352 0.9700715616869743
31.94780943493722 41.63578467892287 1.112680588482838
23.07809738585637 13.10831334959171 1.025172014100831
53.20211230646917 17.7061168135638 0.9018851046020563
16.04593108969085 24.43130826085401 0.9331036819618256
48.37590960291024 7.229992705970067 0.8557398765610426
15.81739552683076 26.00945094414496 0.8817260546003496
32.43148966386518 10.07047820280794 0.999298802938729
31.49252004059615 5.956019229235136 1.102734893733907
56.49249950865865 24.12986482965288 0.983564141005
31.74790019343975 46.09942281716476 0.8557569726756608
19.804022951426 39.12234407622476 1.022081102987257
47.55877301262635 16.00613523135247 0.9078849904021224
29.61097242106263 31.81335309511672 1.091492807640158
23.71136796135053 45.42836797443609 0.9963355836054884
42.77664784890443 29.21308683008565 0.9769420276922413
34.09501549373149 18.20813748622692 0.9240964418349735
24.16415671546206 7.559996499940751 1.041105457138195
0.2369521182202511 23.65665622412071 1.177996223861487
12.75607901474278 22.51045112475308 1.162928933719716
38.68056191349428 43.49128651083041 0.9807797437621901
25.61363056051248 26.96791129185255 1.005626997177267
17.49072009627275 25.44209142375835 0.9772840859575149
41.92346667913881 6.18358778868969 1.00417923176501
32.74151665705327 8.634834640489348 1.016620843091629
32.736322517384 37.38860358548752 1.075852264366361
5.777407499857902 9.831337984572787 0.9155697968711289
52.62096903269224 18.65582561057798 0.8516925596992745
46.41755401129721 27.31083033574318 1.016633474576247
45.6649195368704 29.23041973972247 1.092809405013864
33.80582467410985 14.27855007084019 1.059536155287793
52.22470833231914 24.64410814719466 1.156413542107642
38.95453418789177 27.96622498937241 1.155430756637326
4.53054563260197 9.015265305068002 1.146609330027082
13.95509348341967 10.30795313245987 0.8996743009694975
55.36892569175406 37.26547680854121 0.9392730294695231
35.31273236885328 50.98989469790361 0.9958093021613761
21.30072503364679 49.56198034135717 1.030483586701614
26.90391937964779 14.12200646760036 0.8496164864605047
43.35242623386552 1.689044771571199 0.9579384974927297
29.84738896081568 42.55075723889784 1.080058249799418
37.21213860260888 0.2762377729063098 0.9586583318021761
19.17652283710266 13.49108136375019 0.8588526239632974
22.5063466688182 47.79782120734352 1.157338361834994
34.01502162870719 41.35294998500168 1.009244850321892
21.61842676700019 38.66238810478821 0.9401353441048518
26.37384196527947 20.53972915957669 1.040393357578406
4.796573466526612 37.98492962493791 0.8703270119800757
48.86543275456197 48.14899970039213 0.9175079445209211
33.69975691274728 35.6595639384629 1.13580962125635
34.28085214424918 52.02146055084721 0.8500245889439731
52.29769832375352 46.04638462329581 0.9825458351735079
27.98407208406556 29.14042602113468 1.033479491712163
19.9382472019355 46.76847469516493 0.9760265417023375
34.84336873788543 23.28790293787043 0.8982698221135841
39.20083092674652 33.10323413885349 0.9496095079600788
44.63955933909843 43.99740439327313 1.064666398862239
35.14640406712257 53.76213813375781 0.8835774546320172
1.217813755952666 11.84616097986985 1.17679734836719
6.86762150417437 2.291563805328479 1.099068384267645
49.99165662051721 2.165319801385198 0.965323003995643
31.30574582251988 4.091401495082025 1.091426854370113
14.46614743092384 51.24399302445538 0.9006857744298883
48.77131164715221 22.48218700498444 0.9127710789541952
7.538562080608012 11.77283628507184 1.110017582054893
44.87607042392533 21.46471181859482 1.032120608539535
33.73679740062766 1.964234134631341 1.112320151926558
37.68618354186704 30.59698392525175 0.7976496600549923
33.43963811939565 30.67784013584156 0.8494528850062089
51.65356881388163 7.068049549156823 1.17238212292809
28.86898804310196 9.119716244805472 0.9940793278042598
1.429232387072049 18.84393853593801 0.9721075730390499
38.74116235959398 50.20054406076695 1.074772076575182
4.973380319296094 18.15127802041884 1.053939870909375
36.01911744755652 49.84945074322142 0.9080294304116611
51.81368487785276 40.58569372472618 1.064935110897238
24.63911626284901 50.54005711969922 1.057126940572759
24.6881314072237 23.45939488171572 1.041039120779822
21.96546260917814 1.127769526619357 1.102819452881307
4.795815911514599 54.77434411774126 0.9868521784033987
0.910520049701687 6.107858485126802 0.9651460609388651
24.95179702106481 2.244370657598772 0.9893456784003173
52.54029649754069 9.277922535444574 0.7926843256228824
50.36312753351551 10.04519036833439 0.767980337066306
40.29912734045607 45.17681238482558 1.09797792383846
56.30672231377415 6.405000885205809 1.126646707054222
2.86349034116766 21.2721848964096 1.082143012620794
48.79152916362115 23.79576717028197 0.8419719248204296
31.21247057766303 49.70204921332283 1.081002312915705
52.04180167663927 54.85542267647359 1.004897419758209
53.96004955980929 47.58209814763725 1.023284024638067
48.09577496447404 34.56254574123889 0.9707078732580526
16.02735714988194 41.45890247144686 1.184685005483568
7.264728067100387 11.35258433425454 1.021537907844657
17.64271566208578 6.571450354331849 0.9066066700156101
27.84363527728414 25.2903556578282 0.8744939025403389
20.50693133543568 46.84358653605151 1.040201014580537
5.00050968583697 43.54297933519957 0.8654763748234978
27.65663159762352 0.04231133593353971 0.9550778953480774
47.62440951011349 48.53174717050593 1.149208288927201
13.10082573541479 38.72018444804483 1.071024093033755
23.17908689294899 13.7020289682327 0.7280041052811198
28.45466737563473 52.81480174922142 1.020527987805975
7.167386056933267 12.58336483295232 1.066652306928659
42.29084582360966 24.92497130293631 0.8692121482787526
50.21532696076451 53.59650217164145 1.039065397849197
2.97806758385993 51.94380907851448 0.9564706128532211
27.88476177392749 13.89547235653525 0.9281809714856722
3.160400572307594 55.54139337155102 1.069746025329101
23.15807447589844 4.562193176039584 0.9367538953293569
36.09054970140129 36.25890023785592 0.9728674494107409
8.387083096609956 9.461464517033409 1.017202697847879
18.88687152829341 36.84175047224469 0.9815582071731742
15.56114591497981 12.4436523231881 0.9708101624891665
26.41088553211227 0.8519917120467833 0.967322929029375
13.98647278639789 30.58395056034622 1.011146374238417
56.09695853995949 16.96454037025782 0.8994356809572797
33.58196163390854 53.4125214127882 0.9854251910715237
21.88739351410763 36.74236220621614 1.020666963002065
24.3011647371115 18.11198923369497 1.066171940026436
40.3873704091587 3.391714411970095 0.9960995065926926
8.57655697203081 5.757972541618148 1.055134066597272
36.13121255027652 27.46342850032422 1.076812331763092
41.29094922602687 1.160868928842651 1.08390737041438
53.85113111317676 10.70183473159645 1.008534428854968
13.20229109991448 15.99933342728733 0.9604786187897689
7.803705246562001 12.29924961333128 1.160086946951514
20.29117077090366 9.545835404911001 1.147907093350083
29.74398627166822 42.17856431155398 0.9747882987204637
21.0037415181304 13.58936232169595 1.11795345802878
42.80989023661702 4.391111900746409 1.095248756741014
31.06085993398952 25.55763370569685 0.9060710714508748
45.93875224978605 10.19207245772335 1.008363198817389
51.59955127425471 37.31201140550525 1.06749257461331
32.69934419249154 48.45068236088878 1.031391210206111
25.67043707364725 4.216137237016175 1.098606414836982
50.7115382606683 33.47414232020925 0.9749518366162538
9.805607179089266 36.80655762125112 0.8354737872472257
36.22124743658176 39.54959345075748 0.911779368807379
7.247494453679534 42.98886342439282 0.8078127098012289
39.09880734286215 50.05738469029655 0.8356254561275075
24.63751775568236 22.17691659516511 1.110329427916341
31.6329077433948 20.65857993516073 0.994452085407161
0.9705913406659809 29.41473602476285 1.061693631960355
17.6831413254529 48.98443750431036 1.030944507498048
53.20057474132654 0.8384790657267343 0.9554734373144184
19.82772071930939 12.7159615651313 1.232952135922193
49.52251918638243 6.73513850743656 0.7973082852387889
12.18292134915615 14.50764109264484 0.8281978292300106
0.496504490494963 14.34339084492223 1.070932422573974
12.48780046658954 47.87647984217688 1.063403449136915
12.31731510130563 38.06079265059009 0.9445072376314813
10.90288140713371 43.95022284470043 1.051995469579992
51.67440140418448 44.15995009576899 1.187536345008233
17.21940153381759 47.87497611896832 1.054153756261627
3.590937657556933 15.51232023235053 1.10453248298683
9.680450124982954 53.11345687048205 0.8601371406087606
10.62109793658419 54.49204226838985 0.8682315432139329
41.29378727697478 11.11760242707916 0.9944247586946717
42.50755258207561 14.31139737056168 0.954408030337069
6.319500605724519 53.41043401575202 0.9911027870013237
10.72883709134945 41.06171651932491 0.9845097479962392
45.31012513270142 5.403238495533931 0.9164231090710636
53.27821461450225 16.22009575004694 0.998987298136789
42.5766488931033 56.86915229860188 1.074152411541591
52.98260914254124 53.97987474872725 1.010089255415827
17.12047049222536 6.603707052582738 0.9385057355273175
55.19584553930715 19.71539174891794 0.9701330103508642
31.56605805902092 40.70339809484007 1.152120855720325
37.11383208404939 35.28840930819903 1.089578033433578
45.92443188276349 41.14253933920643 1.173322533721017
5.056507443104175 53.42592242053986 0.9401407816895613
43.57236307886073 1.33472205760643 1.00563431235555
1.203874329665617 44.37843415298426 0.8623657348178553
24.4061109900503 54.18648347220685 1.085244203509093
3.7901904982469 35.83022583920054 1.08414305011864
42.9408392514758 21.51149997790879 1.079959855830158
41.22689175336943 16.70363397556526 1.086293092255141
24.84008285908032 18.25368084630635 1.046222179145684
43.16689347064444 14.30071006123941 1.045758399200068
27.3176378730301 48.22340094029131 0.9471133890427246
49.55812299789773 23.37265062582337 0.9356623384956027
43.03901292385488 50.76199732756335 0.955833820220869
47.94848077322752 52.10939362743375 0.9565822674813408
51.97170536963814 51.73867127147442 1.180687966471128
16.25017122284051 16.07719535663593 1.046832168997182
22.04922935881151 0.4770629496672484 1.112493786693122
18.73074382251629 30.37002197251191 1.026187314460721
51.84322716102155 15.27283397702167 1.094457304136462
4.547635411167348 3.050539939687839 0.9117944098400893
55.24039147805441 31.86527331074014 1.054895326175953
32.33967455911435 31.79428715994316 1.061781239504832
37.59406115235484 43.09075933792198 1.000476069961636
38.20015293881304 37.21111639040109 1.153752442600194
23.28121314397138 12.13977237890464 1.104253582536676
28.21696776208326 40.17289037032653 0.901937011714845
40.00844734302184 3.997797067741769 0.9555226793314675
34.36781906679636 24.90542969615451 1.002596430647734
17.0120251160171 51.25146553583977 0.9664789155292561
54.30200547552761 7.085502537938535 0.9050690252089801
53.42493383792458 48.57594632896406 1.087543625610946
35.40801015375555 48.39220103034386 0.9203450008574909
16.97449520741333 16.0020712795677 0.9586114765131419
44.54461317860736 15.68311328053619 1.009420414336716
39.42502264512005 10.82582629603605 0.9751005749403108
50.35721068939064 56.0398534215241 0.9993968170392957
40.72157397387623 33.36565800586979 1.140476847993104
38.68920623170641 52.11687426088232 1.104186352387114
31.65693506535931 47.53431731813323 1.006545875786332
54.61981985607176 13.10146859944866 0.831361738787547
20.53488684330829 13.67234630075858 0.9788419295660286
14.94496827663154 39.5475076728256 0.9625599974750131
17.47007810905114 2.4895814552389 0.9775133951763737
0.4437843577208856 6.672618414122899 0.8604329253077878
25.09336000778403 41.16535833159711 0.9945305795606534
54.94913486714901 18.14312553831522 1.171028401571829
8.536480026569441 36.63834109885541 1.068823373139858
27.17265839044594 29.93653456072161 0.9103026607991314
12.15235563281568 24.7924782465177 1.039645336852439
38.46482454727629 41.31967980708912 1.137647637014873
31.6301394731878 43.52937187837873 0.8338961979228169
49.06468923160093 24.30750047802343 0.9648605681383859
16.94103052464362 5.38009695633319 0.9683794294118238
12.05271539699878 18.45436709861009 1.062190373846975
1.550173213961615 52.09099181699147 0.9482003935795971
38.31527274070088 6.310307543869274 1.197233460457438
56.43065168868315 50.46762837351655 1.147629502779565
26.15487082309782 12.56761031112057 1.027507872229961
26.78833462939986 0.7850102962856229 0.9976261332414709
47.36011807264766 25.17386174070363 1.030672880521761
43.41011608783626 39.4248072777059 1.061990171481001
20.73596149484439 56.85761963103787 1.070472582851158
4.296736381620511 22.286134708806 0.9085034516438396
49.00397159950992 0.9230919167972598 0.9697617459690714
34.67684590475487 30.31924431366811 1.02336313350215
23.78687266064196 38.33618525105351 0.9113946249181131
19.57615238920606 49.94174351028248 1.086006168998071
18.174639492377 2.138789370720642 0.9127334500155639
23.51167910383627 10.65600168456137 0.9941891942800891
11.17420294237053 0.795107349192308 1.063876046683953
48.51203221339362 6.122814363857179 0.9835353611725055
14.30554314065051 43.68119292598274 1.025101394539336
14.22056692010749 48.98238904540538 0.9186552664373761
26.08988661230071 40.7873099002928 0.867240362538884
2.790151631827537 45.66603902804947 1.056346375120345
35.0305260201127 27.455807164058 1.011694801172749
46.69472497221768 50.75919932953976 0.9645364194942248
52.8979887268031 35.05435809402464 0.9708507613840596
18.52536612261337 1.387924683460931 0.9467280194492323
27.61382218804854 0.5451443477278316 1.070644247046102
15.81884446592016 19.12585440144215 0.9903427434542585
32.42332937820969 20.97350185223553 0.988289358247579
54.1772587449184 46.64389629831719 0.9333158979554919
11.09786267909122 39.04577750994162 0.9276272200125817
54.96500585831935 13.88801431091876 1.256784388740499
10.58196150492037 5.742342505018386 0.9366344829678087
2.149866379867245 0.2766864505953558 0.9905893337740775
53.78745524482218 38.11784489598025 1.104199181569595
41.69515412798857 24.40127743287071 1.064894085186455
11.0100643863017 18.95046118597987 1.057939218631908
9.304449780985923 8.187323104677407 0.9699247867186417
22.36501906270395 19.69222016338828 0.9040546264903304
4.306118162025752 20.3300249210233 1.126699593173182
52.02408416337524 44.16219597922741 1.182966342715916
37.76027717849253 54.17395054324248 1.058110436210076
10.8664959132981 52.58493331847011 1.105710402065886
32.66134954786922 2.613399403921049 1.033197013763352
40.7312442999013 6.9515044311767 0.7815456598499424
53.85008222556211 22.39423354360938 1.035990114705727
10.72518147235978 18.47556741138714 0.9362616555717621
2.327675192769465 20.02963127988839 0.8762490821979647
42.28997195851522 49.02790960531119 0.9870665374853358
30.61425284045481 46.59609012054097 0.9636705604734994
21.61402476747242 7.382018636624338 0.9724750959830993
51.35668326744656 2.374301919422253 1.021255045037093
39.63612095901562 15.42246509316492 0.9505678978962253
34.38049896265403 15.29747048034215 1.030650435462706
24.16134234059664 14.0538567221043 0.9487184507353039
24.97357147884256 34.88652381295642 0.928993034899631
54.91615509284481 2.192314649555979 1.238678949522792
38.22327937522125 40.20612702481734 0.9886048935415802
29.80221711881562 6.578158754658959 1.015537876969785
19.0320195038952 51.41624188628804 0.9281561522924715
53.79054383225299 18.51614659769281 0.9308731220436099
52.18426844206837 36.42666476472591 1.044255986212782
51.72413524506806 51.97447621448639 1.226050424665305
29.20161667056457 39.47041051810161 1.014245444880957
24.06676796361188 20.90292732552761 1.049324975254754
49.84382708968773 49.04033946899713 0.9960649579646275
19.34158614060915 53.70560623132885 1.034344024450145
27.56556587273514 0.564865489287705 0.8891900203729569
12.40239770496376 9.713950348419115 1.138825566301165
28.36394888226127 31.43441723540165 1.011602285254802
44.82312000674341 0.9207360138747543 0.9795469561353916
3.840272871237375 40.00738842226909 1.116433779300837
12.5721558004488 32.07153602366873 1.111019411848604
32.7533607765815 41.77377247101337 1.010793865624944
20.56374281205411 38.60871447883952 0.8485732996426048
50.39787308704009 13.40756987519915 1.100486570444764
38.78082109837831 49.99064006190311 1.010438810557353
45.89293040376759 9.346386944570758 0.9891059876982587
31.13217707217307 5.957903256154574 1.089143956969446
35.5186139817902 2.496125927891641 1.117093934460768
44.82025225452159 25.21544047175694 1.093394465299846
40.56954223037211 48.66052512575897 0.9669388125619971
29.43940968785407 20.79498469447483 0.9115940506455673
52.98847900609881 5.192770437892885 0.9223042575000626
49.13914000016597 28.08558925990275 1.203066187932965
39.54006987928416 22.78819389491724 0.884079570585603
15.77883395682035 9.165843836109081 0.867157972085087
30.66727789569054 9.334339508011164 0.9330932453763958
15.29224276416574 13.48912142472766 1.018266274234574
7.295580869212552 52.68456328226466 1.127726106058792
43.77635824949311 29.12283262150494 0.8817275057628896
0.6244128009418085 16.21576791080449 1.025334968719953
7.143317301824371 56.09625457464543 0.9933425430341777
24.6190744590103 56.28245730199034 0.9036899758755536
22.07065119690758 47.45475729343237 0.9940512389030229
28.48003526287155 37.84948515372793 1.034016660838447
6.946768073340304 5.476067399362133 1.10434247171122
48.08023002374928 14.24234896909555 0.9663179081003062
23.92562745694333 53.13454031578011 0.8998757778744183
51.18346703061064 24.55004028442783 1.061063788327831
21.16293209146845 33.75884660182467 0.9367897323000159
42.5878588280584 28.30624939329282 0.8870849733889251
27.58870669528316 3.036944957932898 1.026882117140608
17.36607759882048 49.65935789219074 1.014690169554003
30.50884301937597 50.11230338090672 1.018624451307061
47.99342602025411 20.69266765457236 1.049129604315839
26.1687350539345 18.78364195059223 0.9985198272238446
12.18254306268997 27.32936573556129 0.9767665968545949
49.39000014466699 29.92742704596716 0.9248901976309654
17.67526544475707 43.57346714873494 1.00318251201736
30.67475149532536 18.64039939532075 1.054191812242565
6.784420246623652 16.26261029684106 1.049198276913608
26.46954358390977 17.53535548389673 1.081470586053825
42.67646638102665 43.83562120927294 1.041836887248606
32.68173407096496 40.70355636892074 0.9001278854165603
29.28047196021326 23.67516006467639 1.060694394315908
18.76752586419113 33.79789722096077 0.7976427623277978
0.8943247599035151 24.76932545321496 1.060437747466034
46.03946146603649 10.53254352208811 1.021336547904325
13.81461919835518 52.82388171266014 0.9330101927281648
35.46340308266851 53.26469742938163 0.9953834611637371
21.29662347086548 21.13986943715246 1.041842582079335
0.3080380430016844 15.78205265653415 1.162264336253234
15.19489316278831 29.58851000321494 0.9048464899629868
29.57239391681384 4.072566879481341 1.117031200133598
50.15607623716634 48.33991978100497 1.065337632227346
16.10924520767724 36.20908645037985 1.027150024395299
44.33472590164036 13.80599768031668 0.986849111439886
8.980217483351108 41.26243568456845 1.07242704332273
34.72506145049122 22.79483670824898 0.9431912347585272
26.55610469521773 15.5497204533544 1.020341220437986
0.7849126457166451 47.8527281926259 1.121239746504383
22.34406498649347 36.99762793350855 1.080168370023152
56.66728391436268 37.53895817582447 1.046050899680598
0.1300753090205022 39.15853185353733 0.9180196112508225
43.19706351505456 50.28615154618684 0.7817863438474242
44.33655254325669 46.60769681567685 1.098385143004799
3.276614039333823 31.67127841835435 1.067752041815464
35.18874868759362 19.84834131312014 1.149940350713914
38.1090730135837 4.744853356268655 1.136322447667192
52.59758154889456 15.08765165698139 1.090471614315006
22.77921691712887 17.94164653538803 0.9822473658553651
55.4806047112125 4.671417500670728 1.069166746061032
4.57099744052207 55.610680020233 1.053866616038313
48.89683156641984 17.32840093566496 1.042857062662079
14.83558851798791 36.23338408313383 0.9673635745148262
10.9046624749455 10.34979222079264 0.9322504415726545
16.61179084173022 9.768458795160269 1.006440408818272
43.35731656586626 0.9324528611881905 0.9986699740067234
19.22215609728459 24.46638955290727 1.005593037824293
19.21653430173944 7.793149084687768 0.8619026479846937
51.58609298737072 17.69713898640924 0.973700106228798
16.6229169017742 4.76073984837194 1.023876382315193
44.43803460311053 23.55901462657331 1.034525341798109
33.90880684736595 39.48473327396658 0.992762423042672
8.111155846673602 56.65251104750322 1.057595838641856
0.5849638821487146 1.080704128872931 1.02597513895588
18.93486196544713 6.262270126148253 0.9958003165751188
7.537157892499658 11.40879151337258 1.035645465102411
54.43482933353392 26.75369219423909 1.07949613085393
44.45083118064834 31.66650723650423 0.963980188892521
48.17801269571204 3.758650134205189 1.1791816155658
11.96330068072458 47.58394007784498 1.045919251971009
42.86390390101071 56.40133528383511 0.9428155843576853
54.74403236189114 48.05176155178424 0.9584580852672012
48.22157958067096 5.855188182022045 1.009234445283987
0.3236605945619105 48.28923648143617 1.112231950863342
31.16083174113223 19.25852256000904 1.002794663269682
44.55375973766379 5.088664473541391 1.053464283160621
41.27054527367956 41.98858907119771 0.9379149556624607
34.00951133901696 19.29318782188613 1.008291289372471
35.13899310824414 25.18752403472901 0.8979647206092305
6.290688034282386 35.01513866335858 0.9713450927714613
56.6839563621599 49.15459193529309 0.8719270482816567
0.8914382154547787 32.16050625599944 1.051641496950633
4.878672591819741 49.11301779612574 1.051832312737706
22.19314538184234 38.33935505912609 1.020480071996588
43.87218164600068 53.35397714951726 1.129589988779537
46.5123527271265 10.48627613041842 0.982222864734922
30.14022637491125 21.35470939490698 0.953356180180158
40.6478972167931 49.09775513694517 0.9682318242838082
32.33726174865722 6.699735172884416 0.8179435092074829
14.7086387969128 31.67397993368748 1.044355529965877
51.29185401289345 19.58731138873254 1.140755670207218
15.17025655329705 45.98014311165556 0.8257719365149846
13.64690348349833 2.042438199297729 0.9223914157586062
43.46612645288283 11.54985109136899 1.075316029263789
2.396418406347008 32.97847915346664 1.109501706517745
54.33318854837361 35.99488927703113 0.8246550946697924
39.68638249518647 37.98108576516671 0.8443413708954445
44.68082093805113 29.2904158086937 0.9952948395521336
53.65159402678329 29.39569477429413 0.8420445644716809
48.52704253118813 44.88078236248381 1.247802811055196
2.108115625618079 42.81889651753888 0.9879577547015753
18.12644496845381 22.6383503045134 0.9027706734688804
14.87525646708685 31.77334845195215 0.9517959292805066
11.75922779308596 48.41454796093262 1.048662537671168
44.1253941101606 33.79535504141606 1.145116002007487
12.7902442919045 6.637575210834656 0.9490604222889288
22.43966837061554 40.8828886793381 0.8968533146664556
13.17330446148911 18.31281342837625 0.9616204392185548
39.5161840829608 43.34544802706011 1.018409489720789
31.22623038954391 47.85506479901032 1.124844374693622
16.86212307860242 38.69432414076027 1.075506554463424
4.332674418730975 31.62543459498577 0.8632689741885599
9.761916499008386 29.0134629490848 1.034056246543818
40.16037787923607 43.5940390897887 1.00416315850327
47.19459398798393 27.28577196285397 0.8840610873159085
11.74435459484549 33.17963839656657 0.9344906747892756
20.78336188792408 34.18402296546103 1.094143802267207
44.3045122741277 30.23583153739377 0.9227823937164938
3.757394744435975 26.82069633054579 1.063708409514598
0.8639228916093348 47.80750992745511 0.9638492529421846
40.35940869029584 17.72604599675445 0.9897758747224434
52.71461404381069 33.83450848694635 1.000360786462466
31.73502141318052 5.476530516276383 0.9129403028518613
8.596957208401038 28.03847584642399 0.9289048633173655
46.73290424781521 29.38031909632511 1.05392771962378
37.03126280802827 18.58229518336351 0.9649276383899019
19.34770739001581 53.61254237248215 0.9516540161608855
44.42005227339457 51.44604776494486 0.8984280265983661
37.93767630492229 16.92188631506724 1.01700441934315
50.7563948020136 26.29065594323476 1.07609192295207
39.12882086500936 56.60436621150205 1.134733371276946
45.61271547368388 26.0243603731619 1.039468434530624
37.83656793964867 4.90683669871969 1.084105032335786
32.94531254514368 29.31053044568306 1.051952089960914
18.81384421783213 38.1678113570287 1.107259092134746
30.69482241649871 16.13722452434582 1.158756390099606
52.22103984012317 50.04252980651452 0.9684507818998273
13.25416008813966 0.1698191436798401 0.9776090325281755
0.7537266266316766 51.19183639306195 1.044893661660315
27.84412671525223 10.84810023421799 0.9784891282334361
21.60001712646336 9.972947553718903 1.155394951791418
3.972018591580921 6.06249232406844 0.8631539228728927
23.62843799666895 36.9173311367246 1.125703132986842
18.0851424672106 14.47898451261175 1.061966935086195
19.08102687126073 48.77996488370931 0.852562953455463
41.82249469022383 43.36597593378554 1.021975565270951
20.60974557307071 55.07665477836349 0.94339423527338
49.26849117142544 3.627500509669772 1.119261453531672
16.6728333563883 20.11261786013498 1.07357899231119
30.08556541385388 24.92806716306511 0.8944114445580427
35.73335623589035 26.44391034936714 0.9542370598347421
3.638823224529076 27.96526762096457 0.9921526550585277
8.280714659616685 27.26726122119802 1.035001564616403
12.70954343569909 25.96774122489977 0.9523786588025137
1.132721941979938 31.79057030695983 1.050238593998175
46.09263699180104 2.570200772290212 0.8337360422712929
18.11490691272305 9.702382538329056 1.094345734800752
8.278202473315504 47.73868812096244 1.011303923961316
13.02796452912873 22.75380321720326 1.146954021235655
47.68187038026837 7.744894786619066 1.005144044679178
12.55744029234976 14.67511938310932 0.9504655830186359
42.64038703061658 18.24383180832669 0.9253711514981713
43.46352473807686 50.52298578830575 0.9325071943335188
30.96363848073577 37.2384330952719 0.9729386295894634
37.77922221169771 20.05627547253681 1.166316466997098
3.544831061523795 3.824512748897314 1.017509576245859
33.37083608720956 11.8230335348393 0.8711260856030607
32.5123305593209 25.25870710576824 1.159005950397954
31.31963423375023 45.06977085167066 1.095611851268019
4.266034342006797 25.57421349295145 1.085522223443141
2.526583137701537 47.72955910662634 0.9244886937466499
46.90262728040229 38.58792626792003 0.966311306655026
13.45444360815661 20.86626573459537 1.062599639000793
40.92254120713218 1.634993204211347 0.9733625708168772
50.12779491773238 13.68119921799805 0.9021959028320023
8.495659487552782 12.06891281021243 0.8928856907458704
7.860119299432318 43.07249623959535 1.130979154689962
11.3312033188209 9.963286438008438 1.078810147832099
28.44222071042388 51.26502980769846 1.01495912408212
19.83924330064992 53.77262095817021 1.080855555508766
23.43781415905702 38.93644255536443 0.8744196269221395
34.20670714751198 39.35072815993369 0.9076778716417906
11.88488273503486 18.12924835464417 0.9582498542063439
31.81044757264221 26.0762039600295 1.022194130050093
1.685303578938033 49.31615953953758 0.9462542585295158
4.385072323207312 52.39764196909854 1.047052066597872
53.25345930608616 40.02872455400821 0.9145838956265102
49.99201101855934 7.212312511732947 1.029690313402455
1.849692406062825 44.23804881248532 0.9195000440846418
41.01066974411284 6.358381723220638 1.134979666611914
3.625378235534475 45.20744310422216 0.9176612508286818
5.858660019402699 53.90553031019193 0.8334170670063937
6.500475192209927 17.74354278098026 1.066065206952461
22.7562204072048 46.84522621093561 0.9531458218458144
16.56240048984177 24.44152401268553 0.9570022767373503
34.62248707917635 43.54645804713781 1.018787453619648
56.49756507552115 30.87594638526251 1.204770785323612
38.46060898362687 19.56719356661997 0.941760289716748
42.47996941510586 40.3103013896897 0.9869511562359395
4.999237069859745 47.81591212321814 0.9086643392267848
31.75891872903282 8.624615331936914 1.069532428504206
32.77436239075585 41.8820152203003 1.022786089358893
48.3632721488193 39.27483758296577 0.7560654227196315
53.24327697150562 46.32343460261982 1.098649122331046
49.82330242117089 35.40466266889342 0.9955814979610543
21.95112068948854 49.92092278456359 1.091887149986567
1.321735832524363 48.52630329063456 1.173172628526125
11.09349683071184 13.66854902341429 0.9952200110915489
23.09264620584093 17.89873920981714 0.993085159061849
8.714651306492581 13.82800473171659 1.179075125216555
36.71649863418028 44.73800650739018 0.9646465604289258
29.62002170114779 56.64901874570596 0.9553602859574142
51.76569858135921 32.24557970242834 0.9851861467480397
0.6273580843710146 2.29034645123889 0.9162869271113643
13.85016724367168 50.4506605055419 0.9245507867164175
20.89644995280376 2.646129809620851 1.032683533268542
0.1944476841923072 22.21818581187082 0.9995558548312614
5.000530628022053 5.265929904424553 1.086087228467927
42.0515763690004 28.09317683386299 0.8640069538959685
56.18506013610636 31.87932042073427 0.8343201733440617
37.94866710340077 35.90155874374395 1.096895967378003
48.39241974213739 49.23734862927224 0.9514675129767693
45.88343241945069 43.1581182969539 1.075557374908182
10.68485093800577 25.11028638952891 0.9870459713843859
54.22084835042286 24.53501818167745 1.09153867930682
31.80854313439156 39.45739682133188 0.8581938889087384
37.56198728017601 32.00299081858387 1.009985823347424
3.38601813762729 9.676113234682061 0.9264454222348836
37.00035025831328 45.43759453317038 0.9603909192801836
12.55825687831187 36.9543502046514 1.01449174424053
35.04433979328924 50.50692400825533 0.9343743009349637
46.89901532414324 28.62477007490805 1.034713535332977
50.40644698748665 14.38194360275843 0.9352153301701027
39.49222999228734 20.77612029797217 0.9868758866018171
28.62631610716987 1.053176834272769 1.081092077637941
35.43785003360261 45.18615628880735 1.125608300859359
10.98838534950669 38.82386819777259 1.207616580257948
51.15375498037494 39.81971958271215 0.963943247684342
15.58590979668587 29.19809477366418 1.119154603627838
26.85976146853518 16.06798121988214 1.195497020927443
38.69014740907129 16.75877676613572 1.028713798765687
31.14072036889415 11.2480232423395 1.12927657508941
36.18789229550767 13.6329503346388 0.9018189142175178
14.68612716891157 30.71612128229631 1.016726661736355
11.24906759115358 55.19670082451622 1.038491741853075
43.38285708678088 20.95847162742097 0.9607823233014821
28.51078579598609 41.2451266102703 0.9303774210051101
38.59196808309851 35.46259597244794 0.9731962884748178
35.29905696273737 14.9186116209806 1.104446652435371
21.91759517086558 18.67934413565292 1.012924705665836
23.69115647007299 53.05831553975973 0.9417791114391345
9.691265847855837 4.951510891761403 1.003243540655578
10.69325711517281 24.37739301676741 0.8739498288802504
22.57409381474093 45.63771845197199 1.137774626159824
11.62924233108258 8.956950901521813 1.04717092211747
50.2020775117921 21.5433972880912 0.9233927841920926
38.91227662745504 13.07876366101148 0.7986754545380562
48.54135966000211 5.943416413359072 0.9784558890897741
35.42285630499146 1.44577432444588 0.9582644420591526
50.04033645104632 33.01982998895451 0.961965191976992
28.08879330804981 16.73149292111932 0.9658148054556192
19.61054166015728 38.76941135002738 1.000719114102722
5.967671577803638 30.30379880187279 1.028052123440661
52.24612350819918 28.72089815499303 0.9522618878264126
30.27302220383334 6.875365812739062 1.114481265523903
47.01539396635042 30.87992654176426 1.092415529858677
4.412609518232108 28.92767056726277 1.030896058733045
49.43191525127362 35.50004986277784 1.134275165704033
38.00038540875557 27.85477152972239 1.082742767698772
37.26422070211927 29.98616063827004 1.033919514171191
25.12245018925632 8.35301398362639 0.9712372677303434
35.97000701491255 15.33684622092957 0.9712987476465162
39.63199399487674 42.11681135516465 1.017251717661118
41.75348331581498 51.51555856667252 0.8550574555426724
13.11438440676517 31.76887725562271 0.8342357866740551
3.696547796342777 12.35417531121251 0.9531015050492129
49.58396294693647 53.1284630476164 1.01190022543362
23.98323457733879 27.80004933467137 1.110499591891426
22.68696855599385 4.247455252915367 1.05164678852698
45.01001443667803 21.96964387966769 0.9567898547172561
56.83205872533473 23.98002145159059 1.117946162891626
9.096832780212551 37.27864009993088 1.094736111551064
17.342170170202 22.93454229037023 0.9328136284266826
33.86453074163968 42.84558596547953 0.8472989182704488
41.16519060831759 37.56107856452515 1.007470566163756
33.68954158559886 46.05398642413969 1.037998951845173
7.333501884403407 0.6727761363949516 1.021940305477205
4.920231389310318 17.64024570520979 0.8319493711802238
20.82988918564743 17.52070062585208 0.9895023814370882
39.49034453206246 7.976167883247215 0.9891308581003434
32.81992507391606 19.79683463265972 1.047142207212993
0.07547470604790128 7.782390747117992 1.066549893353951
7.851300144498842 10.59928695606034 0.9804643855348802
34.23748361283796 43.74257500131734 0.8862654091296465
11.14698694047843 18.40267422115555 0.8924721761488603
52.1518277764096 0.993195098355969 0.9764413892985144
55.40073461476748 2.485329634270319 0.9121151234939012
32.89501602570294 53.3356892868577 1.016065186661041
24.1069033029987 41.03912523670081 1.036391947640866
26.39408244117819 39.45551369686402 1.07862567123499
22.91227578414244 26.46955714722609 1.013858241450378
37.06884410328644 0.1159486771169811 1.114718663129852
56.06497693018288 14.3063276895817 0.9420432767226737
32.70900191073725 11.16217719119144 1.048672788001516
19.55871203474641 27.86082966060416 0.9396954865636727
30.34615929487448 13.82134357738371 0.9064892720031035
33.21421697000704 5.851959369542058 0.9082863880327985
2.187648629857064 44.51444953098635 0.9617246618491819
50.1483582058681 7.363241512497534 1.025631132502694
45.35875946905406 20.50577975414031 1.042416437363608
24.61916499613745 11.27103522665381 0.950321474551972
42.03461118183779 27.04418097811014 1.067274951696555
14.97301814377914 41.09958808547798 0.9731813260741313
12.9937190134049 13.87026396434301 1.0534745980798
44.92034026557595 25.149091329495 0.8310792563582752
38.97043490687871 8.043927557321231 1.054962345960514
24.1184589034498 2.377981108323662 0.9675365799130455
46.8924306658527 10.30151873235661 0.8320987823787614
33.6693490458044 41.00412797881483 0.9825600809235171
4.509907732955138 20.0843350277675 1.064579362264359
33.29914374151227 51.48524463432154 0.8588259370605456
21.52942561243168 49.9144226382088 1.089448880514352
2.433342955742657 5.879934280123531 0.9076322668222704
10.61515887622496 10.85978509758589 0.9752597282577848
32.88877475023678 42.44486949008185 0.8457620697369158
50.48879704740308 53.24474356148613 1.007081470119763
17.23719076543916 10.6419575473489 0.9131967803375198
20.94347627970552 56.22020014059739 0.9758354641719708
48.13374938356399 16.40864631133557 1.06038527349728
36.49298136564576 54.54745237042543 0.9818629230589372
47.12890175084067 14.43438583353273 0.9206724940331827
7.348808445198838 18.31455019643277 0.940563067699844
17.53826161685319 2.09477285253572 1.08116564092473
9.834456299820197 25.67460398453968 0.908921523965573
51.3374915995344 42.72323105005698 0.9662362082227589
0.5824406806297789 4.608270468939222 0.883477679627078
19.70851976597147 17.81963144606894 1.082015406907762
24.9492528508181 36.19370432253634 0.9210221563416148
41.47957100136185 16.0830022078394 1.026879484424047
3.275331947615059 1.855561048656498 0.8745988540643534
46.5297178065077 19.15653918830517 1.052054458896279
55.97329913078495 52.53053449305265 1.182977177369254
14.52985645110247 8.807755404062455 0.906352234093685
51.53098645411944 32.32461189912847 0.9652035044733909
32.33112425512221 52.11342713474922 1.061296073902807
12.93305855427545 52.18311041089851 1.021958810413646
37.29901488185814 37.88231140509355 0.8069836018953923
53.96531363947565 26.97916531422137 1.082612438528329
27.50646546040963 8.691972937291476 1.004151049679981
10.54753398594797 48.60421509370404 0.9519266810482153
49.93833659632985 24.06142237133413 1.014382384810427
55.11357237357347 44.45604044965284 1.127919240435315
25.93996044757774 12.64342879813324 1.096987923654991
22.46971079775584 53.84190110389232 0.9648676916112997
42.90820941604125 2.402593165823535 1.001394007041604
36.72357937541025 28.9625182570715 1.053431959129915
50.95914586352145 33.68889298834321 0.9965320034203696
42.38086592563468 1.016180831946517 1.013528917599948
52.24740873195576 52.92839991158266 1.026680894099692
19.98982225637409 38.10313727106114 1.033772003387153
18.5951712828107 18.10339460340487 1.13232198852012
30.74682340153811 21.82297352134389 0.9757323193888003
34.68023062901582 52.25760025030822 1.04601237604364
29.10075639984606 7.120752296466731 0.8737650509145418
10.77970547311926 28.04243994459624 1.068468770868561
29.05862080308545 23.83377232581087 1.000239784019631
49.0889712837939 21.679016728736 0.9427638508702378
2.782153973254447 30.6146889103645 0.9425572446468887
30.18218811703017 28.34133166742573 0.9571691007422788
50.16430518876962 52.83005126976876 0.9819580930050339
56.18661176887649 5.782060938320151 0.9598186459561666
55.67076543191018 45.42876598212345 1.005642908985465
35.76607177768185 27.77152180521354 0.9950890976417299
42.70634862301235 27.87258255289522 1.030736152271924
47.96965419825616 34.79531988026356 0.8413433541545587
23.67508489576871 51.75368137692738 1.095901271672047
23.98531297640191 16.83939005799563 0.9708153244248331
22.62145099631578 43.56372531669388 1.104531658555111
14.45803778872734 26.92947712677041 1.068567678414471
28.60473639313352 40.76701801119699 1.051152448943829
35.15396329348626 7.370808144272681 1.016569967004366
53.91658539507379 10.35250156622031 0.8724514683784844
54.83936341797904 39.62293399154346 1.094352364843807
17.41825384526432 30.77668337420406 1.053011944796331
48.79818941550245 7.292367212610491 0.799156131968693
27.34866869698682 49.78552149831575 0.845081689779366
20.15573150206158 51.33398169993143 0.9619821805706629
17.50590639212444 32.24636252608447 0.9595963933683114
54.30318946545161 31.96394420739447 1.001197007588515
21.68914151875728 30.7805760459884 0.9971090061704561
23.16646002939272 56.84310481224354 1.092849796951169
30.54658633123459 35.06796958533486 1.14442048140163
45.05750141202356 28.38594972267093 0.9647637234680919
17.19496728582073 35.10915742214264 0.8282358524242223
0.05926885225776064 8.993156701323183 0.9750307796156675
34.39520685300008 12.75019333173996 1.148955518804191
18.95522692657785 54.55093835506166 1.000360065597637
8.290402477276698 24.59008142379582 0.90377775942784
3.826500982430997 5.593591916185614 0.9509146981885858
36.78291668127427 11.15949396377406 1.111559073155576
21.08627190910572 17.93430087153535 1.013872287236787
23.01880793646854 13.69317403374853 1.062689567254726
3.20458072619726 40.21377522228927 1.025423536594929
29.43355505980251 26.60213875006984 1.092296059571377
46.95404944892696 48.38878198638036 1.054821758835237
19.96892044272689 32.4434795824082 0.9906686559574032
21.62830585130877 23.79542142515789 0.8981939215739232
29.79776206044376 26.03010543297516 1.132683223228422
42.42549857936124 9.580678715175333 0.9276411375013129
27.51497961325337 26.05409320632652 1.028595732404432
1.144628675721878 23.51725007012358 0.9906553852945703
37.21042410387211 6.180669154124646 0.9449999693105031
7.377211834479688 29.0127555332206 1.029226298095702
26.18628250816198 53.17066107279186 0.9372464520592185
30.26685577876254 50.33935961329348 0.8506327320113423
17.03119762010462 6.819910641210112 0.9702949151647202
36.01952280756995 46.82895968054839 0.8297257044382667
56.40963839572372 13.03961544439179 1.104989109583129
27.95679184885546 26.9246179824344 1.010141218501565
50.44186805255798 42.06979710518839 1.178632263626434
53.26485716331045 30.6522921298874 1.014348037319934
5.052320333222077 12.83991453649472 1.174112317690122
22.75185482425236 55.26120583352689 0.9555785807575331
55.35460463462146 49.11791999271043 0.8731416849083719
12.93584800555177 31.20462068226404 0.9327693931515617
44.24423612665582 41.51973320195439 0.9378361032305446
39.27010438370989 26.33794477737413 1.038337084279793
11.40774185601982 9.886010889842179 0.8645737606792012
6.364264539612581 2.658208088790163 0.9449710527102682
3.353193080682863 16.75429259042921 0.9576856753737639
17.91097148969349 42.92625186495774 0.9646451399506165
55.76616640145246 11.91864262564045 1.112811943703985
21.22449762989976 4.841857106351227 1.013071399122684
27.94874545789731 1.807941200587871 0.9437745409301925
26.44081478120797 40.88459346344909 1.153182801690114
53.23007983818189 20.25679800950773 1.060088797427982
24.5234893097186 35.50018419534908 1.048581748169211
11.21215660507426 1.002484642901684 1.091146373332387
48.0306539526352 17.57642114468684 0.9053540571102494
21.31302640415403 44.51670483710091 0.9916557897880626
49.94013767733245 10.47981420554212 1.030433349465073
22.39845685772526 31.70449426337354 0.972859506696652
53.54816115859344 25.85179345023436 0.9782466134116824
27.65973467736493 35.46820383307906 0.8941830253636127
8.381500026854454 3.67229653367414 0.9487487757100276
23.92909454318187 42.99544927710456 0.9784854198244596
40.11176406038542 13.52383733006373 1.079889767768156
14.52632197296541 15.17074623944738 0.9847391682751599
11.90034178360381 18.18701470465726 1.118138088203165
25.20090054357466 41.04250643078355 0.8964496619668147
26.02277994156945 18.14103819436442 1.023373181377722
9.84734224660664 16.92077749405092 1.067239772539369
11.20727083841677 6.395503378657393 0.9332870961939372
30.89240999514815 13.43230559510752 1.115199694124199
55.70286374990962 39.2739100220026 0.9039350499514507
43.88548988703894 41.03369669850622 0.9033394013236997
3.170272914772049 26.99725394742435 0.9975570762913906
21.32117458634133 12.08385597499267 1.053509336790874
42.48111146757431 33.22151639648784 0.9199295763616239
14.72759150095638 55.47177124976729 1.006088362768782
46.25309792498737 40.75037146906851 1.092483591898493
20.25314801756905 26.46015166419565 0.9104413363053819
0.6961960288212616 31.46041885598582 1.134242521744804
51.69507877281638 6.748065038001196 1.03906227683148
56.90107259475676 50.3979424961833 0.9452511976440154
10.5727661338508 32.90746494704274 1.083459196288027
1.03937142204464 13.74303907516554 0.9492553416966063
10.68076142560726 26.53451577086678 1.14904125695011
0.4474098242108756 40.95163213179988 0.8504265609024531
39.42340335502448 20.99820516351527 1.036426409239398
55.92537282077846 56.03621277261349 0.9780169451476484
25.49636443680914 5.469819753649561 0.9440455510789356
50.63893969433333 1.352019479662189 1.031038336057456
8.100084517663385 48.83965934805556 1.037684390475544
38.73196091024762 54.12205957766718 0.8833851719102448
6.047766092721264 32.93424336609163 1.009581649975914
8.481610917710517 47.10117042255642 1.085263736274129
12.37899856892368 14.70792079051394 0.9227537242705037
41.57362054967025 17.15262229375198 0.8914225143546772
22.62244207394423 27.52538129665208 1.031733359271044
11.42200443959888 14.56102880070034 0.9186755631048655
6.400688122213207 54.59136062096402 0.8854978963760163
16.64414853492945 15.24602219380719 1.039447269267121
25.13072766090312 52.9438537577837 1.039930036224196
22.6079163991883 33.61233857861363 0.9488601041077008
52.77471092193141 2.680710294135245 1.129769352275322
23.37559986411389 55.88871537050638 1.02803289103745
41.42612314756313 6.440502268467332 1.059340908223811
53.8660686774487 25.99974369723338 1.096859575243265
36.06972865717007 46.21556666270623 0.7890007995199009
1.277891549876841 47.49173312331165 0.9838192515233516
10.01382205403122 10.17728358561978 0.9647933252627389
14.72865185501457 26.65797058896067 0.9266472823595574
16.33164362205735 50.55403344033008 0.990547375080303
0.5685932247753224 38.93956002124565 1.142366123412902
4.707613214248611 22.94108291433243 0.9874375908174613
46.294327672708 28.0832130783625 1.134912198755255
10.24136093875457 6.255921405859255 0.9240971340365344
46.79633364071899 7.107429616203266 0.86417838575132
37.85993989597072 11.32539376026271 1.033757922365078
2.605024839101837 39.13783147239025 0.9102775272697946
38.48891952656625 41.98220966755515 0.9260921626274421
18.62851408153238 54.82056314862359 0.8643073934699039
36.76012314332655 5.702615073743563 1.102631105756394
5.810724658337759 41.46773635757516 1.078132815596286
12.55094940939497 50.4734962994575 1.000475640990763
35.46088367675472 22.79231037469223 0.9988777279267796
29.89973999089549 31.98508280840939 1.009769722481049
38.64667552041201 10.75967986032352 1.072135533783928
49.89751133271377 45.12760342570376 1.083781895963265
47.63332066202225 49.17263406569727 1.028722731761135
49.1744341911629 24.80492270868501 0.9355419610663234
36.2680349588711 27.71067727250544 0.9323596601112744
33.41329234624901 49.81275467333047 1.084074396191034
0.4958944066874191 5.056990334325 0.9402800411931449
55.5304866337825 23.37869062804556 1.06344792911105
35.83915421731731 55.25990433909926 0.9873092170151796
30.24498712096596 30.28258341284589 1.012931484702897
19.49857404199362 16.55546366309536 0.9267135020049785
4.683067062256423 5.167604407839293 0.9364441219336506
4.568719413861968 4.641619372480371 0.9447495119260736
43.08909123581326 4.534263122609939 0.9497742180440552
35.55005074969961 22.35712616814167 0.8197757493540905
38.38528427033931 8.658232741364387 1.113473140221022
15.36483538493739 38.88117867702673 1.211036131574229
10.50561402202845 18.29724085670767 0.8288509331062546
39.50607089209653 40.75060114299441 0.9695789789063621
11.28171244975259 18.96944972265952 0.9817567697715396
9.630751214283869 23.64154140774232 1.072240562732718
28.17580455689496 8.264628486831034 1.003622723034274
18.07696861823879 3.420744925467644 1.022425434706259
12.07897766683203 46.18154460991805 1.001857976596707
38.34343153906214 25.79420076906411 1.021206870049844
38.039910478536 19.12551988387737 1.0931759549179
7.038630742597688 48.54552450056445 1.09514001756181
32.29612561701617 29.00258501013861 1.047044923739731
48.54934659532707 32.60219039656324 0.9241460750933544
37.59132223836674 46.3984055283472 1.02225737689552
24.91952660024144 47.2220734526506 1.074550163410519
5.8987328242039 4.018884494443836 1.084670354980766
44.63649641845212 36.71544204918455 1.152130089408418
25.50967482780557 18.36117355216349 0.9702807153143639
18.09602292771266 6.549585279798873 0.934139133068785
55.09510978036332 17.90945415008322 1.175872367128829
14.67935533154726 30.3912353708368 0.9870042478567536
12.17877877791355 43.58474797922408 0.9157397589147174
14.42713771407825 37.098305378155 0.9556610474469386
34.73240971552786 19.74873730807972 1.227800761905299
11.68283609006686 40.63114253973176 1.017664503458529
20.34658456237362 27.24875915900281 0.9969950712868186
56.03480659380313 46.24357119493353 0.9695308105799936
7.604744720554326 30.16935098225686 0.8734660534194392
31.09406670140758 45.09143815659519 1.001142889376107
6.000892280135719 12.98335998411447 1.044450172307058
2.580411826065002 52.91293146690025 0.9168801996478591
20.94166367917399 31.39084066235965 0.9612563851950573
52.15858557268911 35.36880139325224 1.003535136970866
5.835886016877315 46.22155572949981 0.8707890047379473
48.71414428610082 17.51872213348687 0.8420638307981265
16.83805461546315 50.1992828050625 1.016410826503441
42.73052522108449 15.87286118272359 1.003224350281763
40.4173426043323 47.04759869400765 1.00134138500388
27.97320420480017 14.51140927919718 0.9322904509294323
43.70058573442539 41.13992910419587 1.202235010297728
39.26056884148185 46.28099756049038 0.9874658063480332
54.85483515395542 0.9945242237274182 1.003966468563182
32.8634713617449 50.01342070010185 1.111320552977224
21.97882765158025 42.19921166039967 1.055217995563497
33.57417307867397 13.69297191113838 0.8070101109933876
56.62615409988265 14.90526316776185 1.014559194702964
35.42884959207328 39.06900804679329 0.9383120219271621
29.11660671425825 40.68232062164802 0.899096014856994
33.35760144906007 7.255643511775715 0.9567800245193269
48.39557264251428 49.22009832049724 0.9050774167395459
9.339184717433147 28.44843318706771 0.7398906609237086
0.2074405184050279 8.806283001232092 1.126181745577438
13.90881773080156 22.18626816998528 1.049189147251094
53.90986213083838 8.053978027801019 1.014390530929356
16.2794168117826 53.53601623072103 1.073799655201211
35.60502425097163 35.66835758586803 0.9823810153587088
13.55445854717608 7.721630965229883 1.092115022807745
14.9772744770056 29.31020765998876 0.9542261980350205
9.97024712663621 6.372847092977188 0.8635922693058466
34.8212802800449 15.22303494728312 0.8965548013653925
26.50345168891523 7.264237664297334 0.9791205500782646
16.07052069207212 55.68805308625477 1.1549728474625
48.89716037730554 10.07601532716119 0.9949129351164551
6.799443756136784 43.08090600002599 1.124231343990313
35.83037845968752 23.07886056791938 0.8993636249094914
37.45797724111843 31.34158549240864 0.8951061398605473
25.94357742040585 56.80865542209179 1.128590475593264
29.11886305553786 31.2238925887383 0.924980010707648
47.29369901693133 50.64916900948117 0.9864519645313197
8.872203956764286 20.03677612172289 1.088185061515547
32.37921696127356 50.6514392856748 1.030495842974589
49.33949234538688 38.6448287063487 1.02789400234198
1.525752953964171 38.51053621457449 0.9788935673110123
24.59144221460048 45.25160759792272 0.9800402121797107
31.40405727802034 7.208364392262122 1.02139612296715
25.43031084743809 27.49920446774885 1.019172917992047
23.53276968911885 51.37388826784393 1.13396800595978
35.29474016525538 56.4267229453785 0.990193751328596
19.01030773995924 25.58843915564401 0.9737414075425276
50.70341842607754 1.948095858538568 1.035506360795042
32.5804082944898 26.08263536080841 0.9835344417714873
17.53237298761139 44.93902748960025 1.064293134478497
3.972905329881657 19.05812596811826 0.8589125156282219
27.38332267821921 51.04100591877522 0.9808491014148125
1.64574203949689 1.787379956239546 0.9929707596449593
19.18617373387617 17.5113338686113 1.086801952959805
21.05356939977667 46.49403362371681 0.9713118356254372
24.93674869413336 38.99664844432689 1.119221443473713
36.85168890601568 18.6401671202109 0.9172502372755913
44.72280248101931 36.54427947362153 1.064090482328338
34.76017382403844 5.255175468630704 1.163537800303984
24.31330143674896 50.93287064085383 0.9358080653739365
52.12721362203695 51.69662411496817 1.045212835972825
15.90292797605643 7.646098688080022 1.040437892954586
7.973902092768765 36.9564973758331 1.117150519300667
37.57970784584978 4.241555608455816 1.062794050347923
25.05753724559096 17.43139672532277 0.8991871590290179
29.86349392582825 10.60452520968603 0.9709507297228941
45.54656102207795 7.623667749866689 0.9169156409740309
46.35674690378679 40.1730021150657 0.9321136261643655
6.962738573068165 41.48396052582374 1.069473673896701
38.25691618735758 31.3536302746989 1.018881623101275
41.15986195027822 26.71684111501875 1.04827727300065
37.01928727562506 31.5030720883529 1.21939897345836
43.06175167768344 16.32409418994752 0.9319220100009992
20.56564982494602 42.62149816175062 0.8467639488187494
41.07285624885599 43.44737255361274 0.9803411115921861
54.05189776329878 40.17034073228498 1.031213865309445
21.56001789800824 12.91159841507282 1.007597661347353
55.0995623702647 33.65764148843365 1.073990562692137
5.307856981785902 39.25942429400023 0.9965267762556993
39.32221419379218 37.73742240655116 0.9365769894977651
56.9141560722674 19.34150146941724 1.062122349451494
35.66559565936475 29.80445538452103 0.9302234648186095
9.617367220398675 56.23124548431078 1.049350547737599
42.67861803792353 10.04973320339328 0.9709236206727632
7.626573590853519 39.73051577467961 1.002961500640442
52.64211421629513 46.42028260017759 1.09368600023124
40.10335631719947 48.72671471989095 1.028322078904264
22.68094142697795 47.68279220800977 1.085253275492256
12.16172308016649 27.98879840876386 0.8418417211130822
55.11285388940613 12.26443066925948 1.017595039978763
53.27362806362734 55.02700993513083 0.8958394083170268
41.00291765853898 10.27152779804148 1.016187216688861
38.31857791650974 50.62028487893766 1.00450458177716
6.794264613089275 51.93708191250315 1.003007413153643
34.91190706841271 0.01433854876753807 1.101866615167443
46.43462114894512 7.227029692021678 0.7829615561679044
22.2807359515134 39.01785098669019 1.070731905744048
29.70064319469996 54.8928343904637 1.061147694676921
15.9504757872552 2.642859670167258 0.9304948322937809
14.90729033942674 9.702668084624534 0.9274410528516384
12.09033958524947 46.51322250464616 1.042943254075309
56.78475030268763 56.53536853312299 0.9820440835110641
46.71354209618342 9.287523531954514 1.013317347957826
4.468914825687611 3.074164555908257 1.059739235981435
28.96113230379351 39.38082189410032 1.0423612904787
3.311835397180093 35.21557907723616 0.9686364346353405
31.54097524031111 46.04294670747731 0.9347740756554028
43.935781097941 39.1277322695254 0.9856882098084562
6.884478078635632 0.3648211189381876 0.9845012897525466
10.06748920356272 8.281401504893509 1.057046273691007
11.30499089616583 28.28427984671866 1.086664477979062
20.37726473080798 24.09954829611794 0.9973896849639114
28.11225123615575 24.84617955649559 0.9930572491654859
7.227001424053219 30.262215956702 0.9996760753708503
53.15818921856498 20.16184454977598 0.9549313731310982
1.56793380601701 32.44875239462068 1.110398263237972
3.682412325722357 8.452411884652642 1.146993013762883
8.154875750259905 41.54917122542354 1.017827773105967
14.16534253729756 12.52953449894187 1.015273781478629
6.617735343807253 16.0161771285423 1.027340950821967
9.084539186714467 34.729986579963 1.078272771996613
34.80337009336957 48.08935810909111 1.124723445605647
9.520467968899975 30.96155928539185 1.026824487628561
30.43158390113692 9.628626232793847 0.8784252560731636
29.63212357677153 18.9445551978166 1.181152260751625
51.39330759243728 34.86571864125585 1.180028398080188
39.65246929398387 27.20688107945345 0.8785251745892008
13.08794377003235 42.89406866342485 1.048573213253379
54.44582082212242 27.25328633387261 0.9646390283641189
39.77132505959428 49.96326700689423 0.9044234202202043
0.5810684233815728 17.57469512642114 0.9261707064146559
48.53625443835568 52.30382772176705 1.050371132218151
42.40734454496175 21.96783831294991 0.9802648073332887
40.91239351076651 36.11576027009438 0.9654463831609694
46.23952550452181 35.30570107666109 1.003988770247251
5.512582129571858 48.72067179797249 0.8522657721619966
41.78864436866187 18.60052589960421 1.142999494599757
45.85381223347681 33.03834359722135 1.081457695228796
32.31919838409834 1.092089431403247 1.109361795108489
22.41490584258684 20.85100713644689 1.081086874138325
34.38337571284891 22.99597426596841 0.8926817303515484
33.09751065824996 29.96195667468103 1.105843528816049
13.73982849751591 18.5048552032117 0.9764033605225771
33.54432329840228 35.84218847185475 1.056255628293864
54.78804272217119 22.78384877638139 0.9307527904189726
51.67584354834437 19.66047165154501 0.9405968210319352
3.490193404951223 36.46448789046355 1.108083793452048
18.69895305470515 27.11480978462603 1.109839970130863
14.14327741048451 51.01815143880349 1.077076253024771
35.43826011821547 50.62180508515882 0.9990477112213568
16.07396662378403 12.82163580452168 1.095593288862895
27.46162556133309 44.99746510432915 1.012425545567252
11.22014518604621 22.39142052242133 1.023025214271078
1.233608994276081 4.457790225491761 0.969095440138302
10.54831726082988 15.38149851624924 0.9550118075930611
35.04197019433695 19.71750526396442 0.9762790054137042
41.6886486996378 16.30296774548617 0.9287460954868154
54.40575316660374 14.62467674614148 1.078537581749273
10.18867600159192 32.84401328481921 0.9885520713136143
45.66564908934089 24.86426118242753 0.8963684415045001
23.76231148548532 19.92328566961143 1.056804864805786
7.920750747397892 28.79969637785093 0.9727012701013161
16.61535756923973 14.59049827726115 0.908925792397157
19.04828852929561 27.11248212312929 0.8979397883100556
33.23046507976505 35.2756003883088 0.878377137980193
54.99310565227321 17.02529163194135 1.027085865047102
27.57540299304547 55.8155447295008 0.8844695170279385
13.78126121721289 17.81864652634535 0.9355953014037929
28.61785726929915 23.96993721880482 1.027330717360238
50.23257984418076 39.32830887396275 1.072417125126674
4.728600256484281 16.99489132966608 0.9902884591651744
11.2188283499418 10.17234529097208 0.958830959880519
51.10784782613993 27.83418591918153 0.8821321811331987
45.68315248269734 43.81113212407153 0.9752921927812678
37.78449478502595 21.9136175624624 0.8782863871806624
33.1860528100217 20.07983811156817 0.9492431920659579
30.14642934927085 3.76145580306717 1.0679199616815
17.75463632622484 32.67664405828186 0.9704276853914315
11.37796920881512 46.37249359552399 1.095041264067982
44.36893789394244 30.96543295260772 0.989939068229212
9.874052424390825 46.62053243751662 0.9839147423940353
56.7928777284887 47.38143220049396 1.053798173725984
48.92706672005684 24.55572129672194 1.05530146801012
2.523836712131201 33.45358588008843 0.9083484532464545
51.95907736474605 35.70988954869559 0.9916012927508453
39.47134535176276 15.42880680618286 1.061938080353279
18.66482936994398 0.2259816514449109 1.008601160301652
46.5984752469689 47.7520321150087 1.109301126596783
35.08342759873878 15.83530791654964 0.9307702154931095
46.80074089570005 50.50524563412426 1.138870807589137
12.07289787711245 43.07432527005408 0.9277583495386196
33.45575747054804 6.525193101971034 0.9396248199527281
36.42149690232309 34.50920230639596 1.051919796440619
16.34714192726982 46.65924901685643 1.042086928594173
24.2419361766623 11.30621926547318 0.8150312578781937
36.41172595294739 7.840483864229398 0.9250306138776889
36.20416697450176 55.07655534943405 0.9939769683155926
28.11935392819315 54.66494076264321 0.8966115026686367
18.06164990088979 6.202781500389232 0.9368521254165504
52.19808874474749 40.72804487018289 1.000388793158335
46.3753148184043 9.796215126661684 0.9845193371194692
16.32140822863272 32.01531737810714 1.065795213760863
0.3402745688055989 3.456820506815249 0.8571571946796054
50.11606952367168 47.04560385134332 0.9311175164082035
27.99363578809129 18.48520803613831 0.9742381422277935
26.3256919003677 47.02513096762129 0.9784094514921382
5.48191703738734 34.39215741604201 1.068651430116081
32.05709815214253 35.39639868093487 0.8497412760762468
39.80405249251241 45.55734683133538 0.8982014891029745
48.8583363796856 32.2873305097629 1.051310501640662
52.18724432922306 38.23365119808989 1.064018685869485
4.064723433956841 1.404953865057302 1.045101282091302
22.79638215657155 4.40499800276244 1.032851988503156
35.6456536560532 49.08605031347184 0.9908091491962721
16.46305190513984 46.46661767571541 0.9368772698248181
20.18090119500686 53.82649739683908 1.021442089829331
38.57460003093565 52.23799937369209 0.8205165083688712
40.79534617848478 12.31213781624666 1.093830329437562
32.83785195594553 32.65368255817037 0.9959906393439257
13.88733372971757 29.68301396243415 1.13591928821389
18.806161063633 17.95205716367441 1.153739637878392
22.35705519297954 35.94974222590669 1.030366107864204
30.20259302491443 43.44946971836009 0.8995798834853437
35.53552000528924 50.39063802659076 1.027734870325561
55.31486433014035 35.02693200671437 1.117260523254112
40.00026107206953 56.36028302710517 1.142784778371043
31.63311031723074 21.57486110300518 1.058834589104376
19.16814415816597 18.79136555585608 1.123355432811553
11.04731108436701 6.767612457632838 0.9776184864346739
36.45062644660968 8.622622878114983 1.11498157063934
42.886701977759 10.53859427410112 0.9682687656412285
51.69322686255594 23.41592259491604 1.11253253386168
32.2760057511162 30.22874684130249 1.02963890764292
8.255678848016858 52.9859424536051 0.8342408871435175
8.397483001648208 48.25593992008638 1.021203541129099
12.83080099654887 46.94450782842213 1.043850685581232
46.88659966079825 55.78431462300211 0.8920388176574264
17.5756801523155 36.38544743898579 0.982445150944922
15.82235625005437 7.392141966797477 1.072856823639426
5.811576944222477 9.239930916689303 0.9513741068695492
55.45055137502521 52.29991347077299 1.08960208470563
18.71583603914633 7.943695737954087 1.017253628731756
23.37252505234095 35.52239666065313 1.053503809936829
31.50833908771553 46.93204882085885 1.171628039440854
22.88414379390149 26.8545645418831 1.205245675467603
16.79907234376253 19.84924174745066 1.041608214075739
34.49925941345247 42.1372086983813 1.078360466337779
21.52265611082439 44.72634181646926 1.001342802818637
2.467081506022756 25.84274833735207 0.9065060134718981
16.04954251509604 45.81090145735578 1.107316949439275
27.72177726762452 14.50009386357856 0.9808597660643751
7.643872074617013 2.826650914189709 1.009612458237395
11.33316299241649 31.01639712695796 1.071572756824294
5.644601000773069 12.85738666255837 1.032990098960149
39.79977763248597 28.52874479467457 0.9086117197060902
7.24368958512493 56.51102354820399 1.065107908760747
32.61166149313173 41.7429489985774 0.9679937934042713
36.81788853780268 6.170888304324303 1.017545815698359
49.24198884947318 39.28497004382544 1.171793613032581
0.7668163682179602 48.06317918331511 1.161339156499169
21.05221474033418 28.48859363584248 0.8640022749880351
7.989680556109958 43.21122390926407 1.03004073463629
44.22354222192594 46.33872815749549 1.081138569959803
2.196114793511161 18.87873032683448 1.028778606505821
21.39688801737357 41.90806602449532 1.011948193855149
41.41908954615662 7.25281156564728 1.26697759335404
13.38352660107591 26.06732176619923 1.028249081399294
32.23821007052353 4.010447421581692 0.9782202832415478
32.48638518270403 7.2518467121999 1.100568094982479
55.31502589551501 0.303975471436966 1.164011519632652
4.741795186764465 3.878298889323277 1.023516084898929
17.08544401083395 13.45668564292448 0.9332936620164124
22.83107995979072 4.308986206217197 0.8713881539425271
46.89959461842645 52.42991308003194 0.900084810785882
47.21459504878828 31.31868413804038 1.009429056919771
18.46163063936943 29.2859219449041 1.057841484026205
39.87606268696304 54.71339139701491 1.025635463263999
55.01736686845187 10.28091865604786 0.9392624777479823
42.06938744525862 3.484371928723702 0.9108786510823264
6.46381766230977 19.73647137206815 0.9346690102831821
14.64188737358986 3.640947091225976 1.179166411217138
22.21496453751575 14.62759455788303 0.9024888470719598
30.86056343459551 12.42955955976134 1.033556419482886
16.02768120962553 46.33228460016301 1.116081936607226
47.99447129806246 12.82721797182561 0.8996704149564569
42.11313991672971 4.832563208803797 0.9655266698783826
7.169493307904104 47.65226338601311 0.9706455548355023
0.9331820420609703 28.09303920999777 1.018287272416156
8.671232078536987 47.83395680172087 0.7750831561769859
3.565811468086117 36.71168830185741 1.136137459664759
45.3487610753387 18.20769884167598 0.9117906337932197
53.63834922278223 5.567599904056452 1.067788190075177
27.70435559922101 27.49891265737773 0.8967312881418631
4.042200711109769 34.02484069998602 0.9084664245076441
5.982918868764732 52.03667200917223 0.9963558227008411
4.492773920061427 31.96519856199864 1.119301596981842
32.77198265249468 11.66226722796553 0.8522889811226431
16.84912737777882 23.55064396353003 0.9104613603275883
46.88867362723158 25.5203594828585 0.9318176002873132
51.13264915958636 17.95041223333702 0.8849253439986176
56.84823256863665 39.48141020838237 1.12708294630509
52.55817124972035 32.79646029779523 1.083174626355574
45.76846786577649 23.26252682239866 0.9346737905143944
40.7904680295803 45.8960799863078 1.035231241511024
2.374245622369575 30.64252667484923 0.939032300824064
5.607725210305175 49.60748208249336 0.9671262235143675
18.52928679693923 28.22518713177423 1.044361696933277
51.77583112184696 1.291790073873377 0.889735229178099
3.898773657576541 9.160431834012471 1.033572003598226
27.11084406734949 21.27656685620386 0.9910517431542127
37.51283302554527 6.268955142362488 1.013166428905475
39.06541544015771 50.24590265715769 0.9308048341817238
56.33353107112158 42.36078836878799 1.035090202932586
28.14277212188708 52.07260763089759 1.060466179992474
14.44452463809611 44.97827155188577 0.9918526335498787
37.58575360783644 20.46891399681052 0.9743840565135814
48.27743698017552 48.98887008102093 0.9823176658563295
0.7775246197253115 22.32454397684175 1.030404858028826
35.98556132520808 38.29035764527058 1.167699953374108
14.36136186745081 10.65891453281926 1.0013106915507
33.70889874720429 13.6948929120297 1.01342406680194
52.94158507415167 45.71806488359257 1.063051168431332
17.52242667066047 24.08435719603876 1.043784291748412
12.06262872138183 42.73029968781876 1.155219483411676
52.01920115715787 49.64838232921826 1.024954558724116
41.6372523836965 5.046541829615152 0.9623896808047634
29.34990618627048 34.9179125120481 0.9815370647729249
49.62690695450963 8.570168304988261 0.9028759346361476
46.88815007260449 28.61246825317501 0.9520435932462009
12.07546434322161 4.221887817709654 1.08788920128095
29.14056372462798 45.7843630904259 0.9473925749033375
22.50479177129678 13.85836580389103 0.8332933043651392
13.8783314832851 40.02721844195725 1.026300998031555
14.99416972417113 50.00535172131162 1.009490351220657
40.39930368559403 10.0133708547863 1.065816491437914
53.3100089921197 27.290986381141 1.051471018123455
51.64505919983846 25.65991515184749 1.055032850855389
26.44827407433105 0.8683970872631283 0.9170970573904299
1.593320458938051 38.52373841755266 1.007496672881758
27.30810150797856 23.00706563471214 0.921439537676832
55.89415083634395 49.81289327927534 0.8910599289202308
32.84011172123259 17.80815441199027 1.057944979781123
10.44148629086161 47.83428144540371 1.002002607891849
0.8476523001900186 53.46724013074638 0.9984145989337407
40.43930729359356 54.15766129230971 1.163717250208298
22.81757641761451 28.9671253519911 0.8820979778641239
37.52206932544804 16.04109763868204 1.105972659281122
56.15276893235406 53.25120524747819 0.9910212964985182
49.39833754971546 0.7460893912921145 1.044235153653085
31.47997360140084 5.083045119924027 1.010680562099701
20.49568808940039 30.37412441120209 1.021971574253552
18.16927393999383 53.58809299515006 1.143918512302254
21.57033153929297 28.98278004675302 0.9669580535547948
25.4500201774994 30.86819023865656 1.10283549402558
19.57564510525001 49.20824666284409 1.043324051056852
21.17537201483518 46.47462600445125 0.9390440560473277
1.434319135003872 47.97830318798232 1.016564397169185
1.33317745865005 22.00445202086328 1.136922212534167
27.89152644476459 32.81315106005089 1.107325534665691
6.18727544471029 24.98343556652937 0.9923771314744619
48.74833403562584 49.33388214899873 0.9519644845371159
38.90038802237268 36.3508580626691 1.101931172153846
42.70780106573729 7.350408173329387 0.9617631223534466
8.646230958237421 49.1109868288557 1.094419061166536
11.71232998590559 46.650797425141 1.069341073909574
20.94629041568669 47.94522785998193 0.974006086958441
26.84440338837188 48.03378758301669 1.065415016929722
16.01722312300337 31.08077637668735 1.156366862473595
25.3655609820809 14.736708783422 0.9135179704429057
35.0265259831336 22.898772348137 1.076051953591828
50.63839416235611 20.73432702232819 0.9321231038351697
26.0177731933155 29.80783533109717 1.004818044731203
23.02904741746795 16.69444086062463 1.012747416507721
8.805427662937635 5.254192141468726 1.08848887076827
21.32607580084636 1.503502559151269 1.015881944878276
52.53475491401495 25.14232095197882 0.9700309798166005
32.32500504950295 22.37915830238683 0.9118091082942072
55.410837135469 32.19333163145619 0.9214844970728779
45.73822376725181 23.77639809100721 1.007935707489181
38.06393419069421 24.95656637146909 1.118271431807896
52.63538044115313 31.70232835305032 0.9809695293770713
35.5597707901894 14.70866658711278 1.125084463534375
55.69239629371669 1.588818181114652 1.098996666195728
33.26409655682002 40.20853511067505 1.013861019415622
54.48845059074855 54.59017235766639 1.099051349082733
26.82680205247682 14.29495457014765 1.118564904510588
2.625950859685406 43.00291056092964 0.9654179548925552
18.19624216584314 17.69062572796393 1.000569670619524
24.81318608616161 8.12628255417863 1.135655950589512
37.57944860336345 21.7737423459877 1.042690874030366
11.94717517166733 16.13921936701016 0.8991974298078729
17.72803754812481 10.8855163542952 1.045051961324769
2.873829861578452 50.99213413148752 1.033020562627458
2.046761552824993 30.55225600979862 1.090763888315323
16.05288169209514 28.8735636318445 0.9412437438241251
14.87647416623145 16.79961254065838 1.097799054711202
19.71562052039226 33.07271635861728 1.120429477082314
41.19899891279591 24.91747206305967 1.045006548522064
50.4059268834097 17.28184783844363 1.017453587780519
39.05559018443133 22.92726149686019 0.8769661338551771
47.1245948537833 18.53799909098912 0.9053619221696996
29.42351544528432 36.44066282382266 1.023224041845893
1.844766480310246 23.51756691025457 1.074370406196324
2.323656018508438 38.84970482897465 1.028161226303767
23.97932895272008 18.37653771060358 0.9512934270268392
37.05537026238412 25.59974262705061 0.9480705475897938
28.62615204678204 56.77099078277638 1.065051627424012
31.03386237846401 37.70572424619725 1.071516929062131
3.153305710364741 42.01394867711419 1.059445186108374
7.941210147431684 1.815694507125623 0.9271124228038201
3.746894985785193 41.50804310967589 1.026868019620907
20.94870590695585 11.51309338934398 0.8916648184200991
56.68797734132408 0.7516491565628206 1.006597322629828
20.3881710438934 50.32462244635663 1.174588884528337
40.74603481765186 0.44354127973483 0.8998887492366821
0.2145320625112076 20.59682400598974 0.9405605222248253
18.48857715329555 44.51432945184145 0.8882574897159168
34.53638818233106 36.91115335138102 0.9805857914407479
51.83048348307167 42.47759835630544 1.107169485128664
31.74778887338368 47.93434734639448 0.991842593547667
2.908268156884363 31.43576621470776 1.112220052911393
36.76792980067801 53.83557061843368 1.19918465461328
24.61197288176603 20.51396459178718 1.049575102884584
7.133161908077617 51.37472860951662 1.008365272296507
42.00797338597848 13.60144378598847 0.9422109803112027
23.22303134772136 21.43355627052186 1.048696834919816
47.13918040885552 18.05351480425033 1.00160765263932
16.6308932465645 33.89679603972323 0.905178459202475
20.26120303490255 48.37868214649087 0.8194609522385539
22.81444833465593 16.51713983598964 0.8757399297392362
31.01790570747941 56.26184788265351 0.9647001928943664
53.0974184745445 15.41646317970774 1.038468920452933
31.2998000999446 50.37653037271301 0.975009542543131
1.560680112596918 32.87814769282851 1.024933995817397
22.6874068024044 45.45784822733042 1.065614834795404
9.891404497852271 33.24535510607313 1.05504638836584
6.963952954376095 16.80255909813687 0.9844942280689277
50.6993551644028 25.37258638179516 0.9260658131375378
14.97352834743146 18.53049849743512 1.038203475274503
35.04763835996745 22.55996328106148 1.082437357261372
37.04982453819822 25.85212865790917 1.149803373022449
41.26859183761691 7.645598889163509 1.156203796879705
26.52377335891303 43.22139294595522 0.9212485200996718
52.30735598891385 16.3922305579261 0.9030789161174078
50.27209533204888 17.99476276477555 1.020818921803055
6.905200914901309 14.7414832565661 0.9375033024404017
12.62362513533962 13.8691538958201 0.8325027986206215
37.46400012330339 25.24339751910577 1.047363584091495
43.10759489057008 52.43752847073485 1.049796010667502
33.22550512627955 21.82153434996565 1.123678385633592
0.2096157452136352 13.27532963793507 1.027640176868344
46.42257265067779 31.94225484549173 1.104830856726404
41.20101342359605 15.94634598304813 0.8683319444338619
15.42479440030865 26.61238895431738 1.042405496783889
31.46576651859366 20.27487315902248 1.027813057729239
35.01635644213127 18.61428414546618 0.9365762671840716
52.24012132931507 9.560398796834237 1.091666135598579
34.80379631594001 22.45688751826849 1.171144991277811
28.1416498702679 21.5776923059382 1.075695965571658
33.87157026206682 7.065057258617625 0.8525235274899217
9.015144482727695 18.07258368566287 0.946397744683617
17.10514752804541 56.35169691701964 0.777324066764467
40.64979600145006 32.52994192835406 0.8480522299272175
52.80481508737654 31.95474485492089 0.9712108558322002
53.48652995353869 30.82117150296512 1.019875638083892
24.43077268238681 18.18536658919666 1.166502284440173
52.37520914635398 52.57242255265471 1.044005461435601
56.93957754920217 26.1622855775814 1.020667220825444
52.7979048564089 17.582062157142 1.002876222205208
24.64711941575963 12.25031972408775 0.9378633637348809
47.74205880413859 47.65852268396808 0.9290974322158537
47.01021957444503 23.07890797316977 1.037520449569445
40.37714823399538 15.97430541923936 1.102134150264022
47.92905027416025 34.68100042020949 1.128891074857187
10.00313479779434 41.49807924800463 1.091289509371912
14.41640084954742 50.83842433236466 0.9912720115049823
11.57007168679036 9.79160996935871 0.9803796605135083
30.74073904647526 31.5796059540378 0.9112758060359146
35.98091109841173 21.48279782407116 0.8568992135272183
29.33000412971247 12.24834818590821 0.911191202624046
41.48893106984391 12.70715233716516 0.7734250677759706
48.88911565853707 19.15170385276512 0.9891964795213636
0.3644019301814967 1.892250429788721 0.9954186915437849
52.27695552738242 18.06618392377449 0.9341145607099774
20.61047791252401 6.847027187630081 0.8816698592850603
1.180157769555299 33.13115301780922 0.9958875658070182
56.37174917867954 21.67557392906192 0.9185924901401543
45.40616532992858 7.943155992284024 1.020914781634278
37.88384164445281 24.38707640179762 0.9389055213192691
42.79709949847176 1.755957946067656 1.00222911968593
15.3703184683669 27.28603054177297 1.075032495375245
49.96943207828767 6.352225915227191 0.930217663053629
5.744675926279592 50.33383400846917 0.9811578818242664
20.10588756208582 3.521431872398328 0.9800237548662611
27.46064295082383 40.71636547460983 0.9849334621077589
31.44958986176625 50.10943939774737 1.019765053970979
33.22419078518832 8.652006781032313 1.086584665154801
46.01743251691452 46.02111661621421 0.8828332612118368
40.41948698853118 31.81453198884359 1.031411484664326
11.59241076074187 48.12745345669214 1.018501432063168
45.40382856428801 19.83688710575778 0.97644833609652
49.22608160098366 33.72677806472721 0.7659746782724109
26.30099222543696 42.96377182005149 0.8768142317638352
9.402588868235512 35.48688627941855 1.133265232480205
43.12994179461614 25.99775164155185 1.043480763046312
15.01886823122337 56.20389000056493 0.8484159240098174
6.961906247288876 5.795942766962546 1.05541401333148
4.132463307181589 22.6285383732191 0.9185159379712295
31.50392636493963 49.5362918714696 1.036399040062202
1.046007944758054 8.823744457132996 1.144172240178205
3.008394177075659 50.27208954574172 1.008695452216086
36.23586136579321 30.82591741617113 1.150948475059645
30.05996848971581 15.30907255704937 1.021693326172017
50.79595883646792 38.45544486374382 1.047147247945015
8.460308999503175 9.580361821958963 0.9556579053435941
8.784251795981197 20.56472536947798 0.8684334749595074
29.27512002423179 6.77794720035882 1.167739280482056
47.15442016169169 33.75965742802232 1.016008023589802
5.939785983385419 21.65834650008862 1.106269540893063
53.68418532222704 27.34195724424997 0.9882330584976911
0.2289558929526042 56.6925795258454 1.117700905507601
29.00196592835801 56.84990812924221 0.9349987576738241
16.60539580444125 2.061934391531131 0.9241755290106647
41.52449177602515 8.954939496216802 0.9389480619476788
50.38634376385544 49.98480077552833 0.9299134018101837
16.46397797971218 27.31955311415696 0.9675330239871271
27.55388825552253 45.73909800394397 0.7542599129351528
33.94073980438557 34.9901315974957 1.031836027909728
45.91026697629609 3.236689077334799 1.148211033513027
30.57864632158477 26.62429895281061 0.9778683574026548
42.28703177128315 51.19269308503377 0.9366066224024435
51.04260121427598 29.00917317206467 0.9281969071740303
16.35093209117229 9.201581847482165 1.082671645563884
50.86022461618307 36.69182266187473 0.8532352606755029
41.3155787220763 10.32420256935256 0.9759379260959128
56.06330059983921 41.10887609054748 0.9689089421673233
12.05054932741939 28.1136461874068 1.030367161561032
6.103777784902499 54.27106348996566 0.9650357134660924
49.22797823568246 32.4991208447605 0.9275608514993381
2.123419771028412 25.15254750668656 1.144608113149966
16.99931758921562 14.52719713865183 0.9131239313070127
43.5363703372592 55.7924772975 1.054448047343099
20.24350065097376 27.4764423828928 1.089200210621649
3.852328270604987 25.10322040603646 0.9473046528856977
0.9879038655142783 2.915628843901506 0.957532219193328
31.029275057851 17.5728930102535 0.9470224764991709
2.029742324738643 37.1330528427535 1.04119290477905
12.63217366097131 54.70947223562257 0.9752817027898333
17.06434506460295 14.75559343199972 1.143063561294469
29.28279059719424 5.303564922094142 0.8550254426782052
45.10558145731016 15.81916090791075 1.03287423105435
54.29206903245862 7.840948732961411 1.030610834657491
37.21689839764354 1.144397276520914 1.162184611613115
4.060026146965114 42.15626563558181 1.074270018719251
51.24325548263418 35.08930120481611 0.9186984101227319
47.53071836779393 27.85452768199822 0.9012075502668262
15.28258732859166 7.595063405854192 1.072632736366516
41.65872608621545 14.89291168464949 1.106262152458731
43.44817199299492 29.76430754352561 1.112577357706715
38.11338962526684 17.00767588336378 1.013076375065574
51.30815749070987 27.86249370168079 1.110131016621676
49.74462377314671 11.64761157364008 1.047156913271945
26.52783802735053 53.80464992011183 0.9856626301995792
31.89395109838524 56.53303582851451 1.046939504851796
17.04409126427215 47.11630511941216 0.9330942428523376
17.97083277486769 32.38873822353256 0.9635695500576466
15.16987303792027 3.580953888865632 1.101531500797451
47.52573142038925 10.70629626638549 1.005364245530999
9.193614049439139 41.83388888455643 0.8930944905195727
33.43411535463953 17.27223240270849 1.096105824197876
5.622787153638335 26.17873912778624 1.255935446025106
22.98338902135538 25.72372115902776 1.029434124299394
52.92171866443088 54.87734014628331 0.8651716139112244
44.99364523915278 42.36290785594048 0.9718504007846497
20.54061953422642 5.964478014020472 1.08909292703143
9.545431902886104 31.28499134736368 0.8671932184981928
35.53909169628243 28.01929747640122 0.898036899621952
20.20523564247658 21.79224000209581 1.013849262152705
18.83829457724388 29.39884969191572 1.050985866593053
17.67931694801865 52.32138828808507 1.080264000387944
9.23898334253532 46.59916092436722 1.245299425440689
15.32288205685228 23.39373210696212 0.9322570432351394
30.09971251017401 40.57963901785185 0.8729965340026489
25.94254684724964 56.90016156989157 1.095918457951299
24.05783573680457 43.69419292672267 1.114035412175948
17.97918427408635 14.149745811778 1.15889160302341
4.622565116091894 49.2456928823356 0.8927562717928059
14.03793285788872 41.12003872642295 0.8184006641821516
54.22665047702689 20.66406174454096 1.080740017001655
3.724305985832729 2.206440193209071 1.068187552757959
39.24663981993061 12.96328932836805 0.9788553381777635
45.18566171880144 7.128483147885875 1.02286071785631
33.11238536942395 18.28537420243275 0.9583638775361323
36.37873195175954 16.65066898644467 1.049896936810925
12.37208892189529 3.436567662021409 0.8878454298003605
5.132488849168871 41.66240044434667 1.133470976236615
13.5697390430466 27.41423299834795 0.9946364648009984
11.53427169822821 6.716851626856649 0.8857374039623573
48.27173367201897 53.06139496996133 1.006475565293748
7.959328959677056 47.07343625420399 1.03949578823982
42.60739626763733 53.14499070502119 0.9879004350066533
14.43036488091125 44.9100415412849 1.031797045001961
31.19170898906501 50.80909683267078 1.008353728401676
54.24566452123489 7.905572414354222 0.9867243092723446
34.54654097489386 34.28549982294697 1.173565034420076
18.94790024075094 42.79935764465451 1.011328020355429
10.09326282241068 28.43810141712339 0.9451114132868965
35.15495307052273 4.678763191066106 0.8794563872262308
17.68892946405752 28.79705625576761 0.9573750013799006
48.14216174517859 40.20468612816403 0.9192815408337482
12.01858417411269 52.70287224636547 0.8881721872781948
3.608444660719691 4.315024987475493 0.9899337624372591
43.54974849175184 32.8380632623276 0.975357757557166
18.63742090698211 54.08731766049159 1.01659866206119
33.93575014962617 32.04445045257194 0.9022306106158793
36.72321364363805 36.40378161864531 0.9416984200379307
40.88775944937382 36.39801646601316 1.095326943761504
4.622867225028047 44.87973132491099 1.036364782598066
9.020758076580595 52.76502897020664 0.7920574965780226
48.4679012165721 54.85290146565666 0.9884169353950801
30.30359094604086 52.07634587729179 1.124371475421218
22.35098814375279 46.55183002005882 0.9958764081221112
43.24929892516197 56.28673829337896 0.9330803270482805
11.37744146044247 1.31949406318343 0.9803705973698413
41.36793269839507 52.26520090981629 1.109586334263185
40.83875956704782 24.74965877726192 1.122758191401695
38.11922593885997 19.70551375285979 1.083499472643001
7.58524505122809 24.58168756243851 0.9241399736699246
38.50712213409465 35.66966247776042 1.010989240933664
33.52256391687438 18.92462073262996 1.127555353581053
25.05136917487316 35.69049034346384 1.057281526982367
24.85247160813421 1.128948287632758 1.01703982871584
42.51760830800869 11.10177053329617 0.9191247434750016
8.433382817280192 0.4338542848983101 0.9398086440062274
7.058328898185086 46.15089337301948 1.089094796333764
13.90055212373871 18.28155914148389 1.039787868877656
10.60260219155001 29.46148160959663 0.9814439643445435
54.04316917203514 42.53077443946655 0.955956434002707
53.85750972053852 42.66419895862425 1.022691411611376
4.588819691254208 40.55716693846377 0.8431674218482594
9.070563954334038 40.36677986167687 1.104729015957682
41.49572814930963 22.04055353442233 1.15493816128734
45.02480609576442 41.91141470377865 0.9292550346750131
53.70454271869014 37.58782510579928 1.001896758592629
4.524581993708658 3.762871590332534 1.15572714060679
51.65996005556544 40.63927057601477 0.9792006443397141
2.968474311273766 5.262562247115449 0.9600368900832316
23.45040948989354 10.14392130456116 0.971387137020298
49.5229010826549 20.30791921043206 0.9947317598459419
36.68159233810454 25.25944793888342 1.165158577124294
50.14936451900255 24.70639840732627 0.9641254111693455
28.79712611613661 6.875405308266824 0.893878346910043
2.891631860235535 33.32170810984527 1.007754173022053
18.00862327963515 5.298236927622108 0.8774690583840182
13.26962088852637 20.97709761745161 0.9856722603605249
27.96922423409728 34.0112086911738 0.8793083447418597
36.51429437869894 20.49212529020949 1.007817608768738
28.5208241099123 48.00712069636543 1.052805323230252
32.71935459632397 20.10668986807889 0.9705038688230643
48.21550085265911 30.44726978356357 1.054652193460097
41.74252232478118 41.36486534511897 0.993452869927417
1.788790222624685 9.560303959790758 0.907738177298974
3.272502363786335 12.42706712122404 0.9103156085661701
17.72530407538884 52.46027521391412 1.132816389507174
42.2582232874158 28.2861032501264 0.8791663085962468
5.297311914757505 1.344942613665453 0.9472332873259734
33.71957281172256 2.616439789820667 0.925637028016225
50.62356051272879 9.386711851873766 1.016520490184861
25.34708676317105 44.38923795818781 0.838267156084321
17.83650771520869 10.6123085625527 0.9643648109872789
0.9274529078637496 15.99017587955584 0.9516257894400776
17.15642899375242 46.21347255036862 1.032973967849685
19.74155087384468 56.34708329259747 1.047366812187459
51.8073584799689 52.75282148120591 0.9048876679122172
8.752958172817229 16.63800671493542 0.9571614832726816
17.98294935514356 42.69984178789884 0.9421306605327069
16.6667099039381 51.65030663723606 0.968003262598385
4.037018462567133 16.28732544616206 1.034158893376815
54.679508348312 29.90680472688135 0.8538747406234017
40.51911331597675 33.77736596985597 1.048955095168091
31.50619194307653 46.04480681942999 0.9155591617082192
53.35929054550793 1.529919944484681 1.098350159479788
6.660634626942051 16.10084139280992 0.9788746026412776
12.32236843198648 21.88832327811435 0.9857896743168026
19.37092462897809 30.30531778713005 1.030427519009619
24.95562439782341 55.52840374900419 0.915584225660068
46.32790494958307 28.99264286039055 1.076425130330377
1.899447587271895 47.66564220407309 0.9325598561498247
2.523429308330374 42.41856090324864 1.173211441964927
31.46336769613594 8.81649912466132 0.8729176236704501
51.47678335452302 27.82265821510118 0.9388345380721894
18.29265080219724 40.49119594995454 1.054604881615233
6.907784023279223 31.200705130678 0.9481436369489136
53.08902840879235 8.182775067250605 1.096844052553974
49.53547024239575 3.677193448262845 0.935072601581814
2.205597170724346 33.54831454974986 1.092714512779668
46.48373747406701 17.0213263393479 1.089387311291483
7.686968516878303 23.07915710288992 0.9642855442716396
33.80174593804485 32.12997669080737 1.045677033631463
36.08777184928198 51.29289488461469 1.02462656539359
52.72297966374223 23.01127145719308 0.978996069087445
6.502467380604925 12.42410121412208 0.9666711289145323
45.21633557007478 52.31431787196282 1.153423629209213
3.497092912670734 24.18972388524083 1.037791744631593
44.98255742712997 47.71750253938022 1.069013960346027
24.26581706258739 31.16455594644163 1.048675779111807
7.209480910659526 44.82154488368963 0.8668461346799654
10.90070196003686 56.34948694582539 0.941738277225627
47.0264261183452 11.00948031433368 1.011667388658551
5.595041970068142 43.70237240274547 0.9014606798937979
25.26579679188589 1.31802160726768 1.013889483802972
15.33365207320715 16.21611121400078 0.8856618066986702
43.20621519685081 3.54998761673923 0.9432134041502525
44.85535159560635 15.02752199863434 0.9094279482594474
42.05019272493673 32.83790899619363 0.9934250195285602
23.02606356750525 30.01084160060195 0.9154242699344577
0.895567117210276 30.23554447816477 0.9276180640757921
45.13199393224529 28.73308841778575 0.847302833756698
22.7927950708162 35.1584200240478 1.028816104921982
9.131321931318995 45.33761072873027 1.169847847008501
17.10976800048248 34.39711872320488 0.9889378217389128
8.179232679390923 4.989284382662403 1.119791398628418
43.03952304787911 51.38544787624173 0.8178729687266835
24.02712058510032 52.25859618524955 1.013134528458865
48.35334021800819 24.92268770231059 0.8907804114261537
48.3659958538441 13.62613456911693 0.983002274323751
37.91881509354283 14.1587908981176 0.9662579679875829
44.5661865223973 0.9158764979410341 1.087316698878982
8.998994501307138 4.67595449633708 1.023314694241035
31.49936633021541 43.49222790053684 1.005849570360259
3.643911219967488 17.53888935155183 0.8994639850785123
15.10884145885186 50.12359243963081 1.057780519531689
8.577806867462494 27.70631556478623 1.043623052775903
46.04881420873516 14.44682238597741 1.088647159712411
33.06893564391366 37.40215440020066 1.014762589654626
15.18921084990222 27.50669614295787 1.119446770868958
44.8942968402497 6.973765443066958 1.021052404326567
7.889641941007992 0.167074443384574 1.104547939261157
37.13643783244139 43.2026371886966 0.9462267536967036
29.17469348766594 10.57254081292662 1.002467957938972
14.64879577311165 44.2835349730605 0.9872071989317345
14.98985051130403 51.11583507997721 0.9398279872090081
4.036942099238253 4.038664693496499 1.037195480974608
41.44081912023985 47.93216755424262 0.9138287728422931
38.6689540504799 31.02870016965489 1.049697422349649
1.535396286070066 9.56197028353902 0.9866098742344185
3.83193031690639 49.7034762281475 0.925898222629256
49.87055067153207 22.15889142554202 1.05972179661988
54.92420947315367 48.69225195222173 0.9618283889195197
51.15786447942158 5.96938904932206 1.229425827613275
38.19161532222834 8.806660225990536 1.031227648097544
32.03326286656468 8.242774507143896 1.050739872553548
36.00358362822029 36.07020496580294 1.059668906035052
16.17608268241216 53.72225834742294 0.9397653891346958
35.49840862187483 54.84503673289205 0.9866613632434734
51.70320163327418 29.2863547766052 0.9996473769482466
9.728052375245865 55.53513195018057 1.070586883660193
10.25670420809495 14.86038164974208 0.9802355895630704
16.90939742043121 8.180913654705934 0.8852914127419104
25.44917673033158 36.79670876907031 0.9399422541790313
10.17287808245648 3.947585325663716 1.145400966888872
4.113667390827866 29.34494708215117 1.09476137702459
10.21019132305411 13.84171976607373 1.25279307588059
8.592225760962918 38.13678324042669 0.9576457341443076
47.0604039510062 25.50162318139413 0.9366753322608372
54.32353558127001 18.87919816834815 0.8259897577808299
42.10928857191898 6.840693835560556 1.057985512413147
48.39111495641578 12.97478470344785 0.9375004482558339
24.87157626909743 12.01174101653124 1.091816131655706
48.80844978560156 36.59828254748056 0.9912706341171328
54.26833832509273 26.45019523447854 0.9989530575147642
15.22372548199432 26.67522134896145 1.037223957172042
2.932332718247703 23.81595124295724 0.9542204846502081
22.24738654366107 43.92930977695124 1.048824159399293
30.40248872963828 7.356675115580053 1.027674131535782
51.34531574852081 42.16111854238488 1.044959062783544
55.18287762868352 19.21689199107554 0.9917680122308454
12.53764499050455 45.98130931797498 1.054304723398662
4.206564614645468 9.805983289054588 0.9326848087859793
11.18798900497518 14.22664686908324 0.8700831223841692
49.46099415210122 26.41171451351219 1.038151445897172
50.22766575646943 48.71387278089014 1.019802566922221
45.38606351306013 42.54524018082081 1.041431298320526
54.06853074211093 11.0909607825293 1.110687733053904
21.9211474591499 27.47101944520651 0.8940531626486686
12.6791123173568 12.79295162008747 0.9168530920888461
0.8522695609611783 10.86198991949763 1.044836420847105
35.47027201320523 44.54748862821026 1.005932820367397
44.00643843785228 39.6768366278507 1.021881590649157
34.95317543575222 0.5664580243483456 0.989790572101238
49.2598413057904 28.18084116567897 1.034574763445209
13.72608131995708 38.12390507064941 1.078557019458718
15.63774250104918 10.79461203552532 1.034704926723154
38.26563148073183 10.66250175128807 1.079359381190532
53.25004100531807 50.94474382463132 1.05244215704443
4.806733717586256 55.46529700908125 0.989667069078339
52.12743968615655 40.27700573079149 1.072155459133204
22.95384233209949 40.36625752801367 1.098475522930911
41.57182108777194 27.35936266852513 0.9128411451881546
1.802868944966639 16.485718409757 0.7727251166166917
55.0417350251422 51.08319977674783 0.8680435444747688
22.56242838062459 24.42197067403326 1.031097055794966
50.32825566331309 3.828059861356421 1.106015564988566
54.77280368598774 1.539925770154188 1.038612961062765
43.68060718182502 2.579537377031305 1.073913087284112
20.94192496544771 8.810385439922282 1.073091046463407
26.38426589145524 5.513746026676961 0.8710492776648103
6.750156947295254 3.395625212414016 1.096886563387893
45.15287817462947 8.553025918804586 1.11137964000413
2.636225669009716 17.01296682423585 0.9346738269574315
54.96242954487094 34.84333051640696 0.8004485284048485
2.265301163897524 23.11058816412026 1.032086117045287
24.35291776030926 37.34977358921886 0.9517525666673365
38.88969935937305 56.36949196149106 0.8803243821391438
24.70525882332831 38.89492213860849 0.9082766243381284
24.91293052859275 2.119463741834957 1.049484152404637
19.37218737107338 51.29719642004799 0.9353823272853017
1.937560691934806 0.7420588833010099 0.9271695953907791
22.93639266115445 21.81890431410582 0.9741199981210271
38.83187113834167 41.89910160140093 1.136470454212999
3.415948846571124 11.61420363914883 1.044310013976011
43.03102359968751 47.41367658293512 1.21601184412775
51.90259870696003 24.92072293251787 0.9542459867578403
6.815645071126355 27.96070732081342 1.094075003277135
30.16965943489674 31.72857559971911 1.098408074199133
26.0257719932244 37.71338085770299 1.007390111363053
48.0837822854909 38.61495272843864 0.9003313373773659
14.84024726498884 26.29368369481232 1.10338380919116
43.60575861791417 53.6721184033305 1.045014555003903
8.286322015936637 16.61674479656701 0.9579371086741423
52.70295747495394 43.01111381920572 1.050863945958354
33.42479037559814 41.29622073764737 1.088933155244336
6.654703980616621 23.20795889348162 1.019199734965872
45.19892465146209 24.24883725040073 1.078086270056867
26.61558445571716 14.22469661814379 0.9767699622280546
52.83964937312512 0.058965708156566 0.9493748609019992
10.72070969209108 35.19666098486476 0.9518481798122036
4.490344653134395 4.697864587278042 0.8294822380692649
22.23307536041042 15.68312994934764 1.006994457446815
32.29987474591466 47.42252952671728 1.080424145614718
16.53051119555277 21.69349680314469 1.095789638567688
5.989717514249365 35.81121452888996 1.002931066148216
16.16326043808985 9.893795755642371 0.9788195430639096
43.96753340538942 37.48048820555233 1.024227280648828
34.58076390278561 13.58311783456389 1.02487896616049
31.28248457577195 47.54483419682124 1.052279448437724
39.60194771904589 42.00319426786303 0.9748226228072951
10.56415119840026 30.23183980827771 0.9975022638639126
5.391918249145112 32.79722655881067 0.9749244030072163
47.53401982762573 22.8471351307105 0.9236445401321017
42.9083413066847 19.69053034935637 1.06313838582414
55.50174490478902 31.96569713995126 0.9606970615089021
1.791854576576433 47.78330845887927 1.070924784332212
28.2637966644316 19.87838764203637 1.056699199931564
2.34250581652974 22.96898148812772 1.00917293469
13.51381565840627 42.02331734542889 0.9533233128434416
18.62818463362203 39.25531081354958 1.00729483198089
12.4871505952846 48.10928928298377 1.14980205863228
4.989562390832958 1.402120352909956 0.9654049628488046
22.61696488299266 38.75479938497525 1.039679451882544
34.15332145670118 8.525306163134662 0.9522318772150989
47.73038307145721 10.21907901122192 0.993496602886905
47.9746075691537 18.99417970934612 1.092332321596062
41.96316119747384 32.51883630618399 1.006760647119541
26.94210375144244 55.4769768558801 1.088329924958962
37.73228764288699 3.259524632366153 0.9432988051416727
17.76262419054407 50.21943826471429 0.9808998493349723
51.62155861762425 42.58959349924214 1.075993731878179
34.05837290736771 17.23852347407421 0.8797877164030874
25.76382966375157 25.789722618549 0.9711044546022721
4.167452469546093 26.18719464782029 1.057041321372681
28.40241423500814 16.46718027604147 0.7323574931193096
39.30798672619648 19.37702177761915 0.8848656262295851
12.6941351367599 20.42452118286142 1.049798968834628
44.92428968563875 39.63623888820235 0.9394310347416762
28.20652724672413 56.63378568162852 0.9747598106972437
8.725967943075098 45.9691514372682 1.056493244684041
45.68437535766716 45.77971092601293 0.9406639148568763
4.713305984955889 13.02876821534185 0.9545825647006601
56.66433032307044 7.555288038475108 1.019252974437114
33.24776544805978 28.06674453153589 0.8543848162740326
47.44376630915504 2.483828326446856 0.9496303992373518
27.96120555371102 3.137901419372252 0.8598493641702212
42.7741403075746 41.8098475480498 0.9378752170751897
21.35193849697334 13.98066752775603 1.019260900408085
2.949818938481537 34.29685712293576 1.157997980252849
33.17268829847345 14.67115695712676 0.8671623315173463
3.450867883139694 26.48494564531601 0.8654541218687154
34.88583187148247 3.442273146678821 1.150412836969399
27.69315609554441 48.28207908490769 0.9483509326711859
56.40464850208007 18.13692237815676 0.9954625696614072
21.27482379752902 16.67425692066283 1.08908024752548
43.25134924205548 7.04896407856092 1.119829164760063
37.68119417907726 23.97945057134119 0.9379550678404914
20.22459479478402 13.85388247755071 1.104067327228864
35.71094613369133 42.10147541160764 1.078269727813723
11.48118004737477 13.5967779786311 0.9479408862047388
30.30110068400442 53.1448794380505 1.052019466525988
11.06967290540676 54.56071145439554 1.120928288208466
45.84279051276054 36.3984242414117 1.100083296822159
56.89975140565063 39.60869792411509 0.9732111038542735
56.28295484477792 50.01562751271558 0.9205130066569737
28.22353928174057 0.767059260405162 1.065811974828569
16.23262145939871 6.919391727037445 1.102039635581259
52.15399190837238 54.88322898786665 1.011843177795106
39.9847043994743 3.396806203013661 1.102237728334874
44.46171599415211 28.52845293121806 0.9217474520027297
24.67333236926856 25.90974044981866 0.900446468307402
15.32352810600937 4.667108108600186 0.9392637014104449
43.7750165163423 47.82981062067198 1.036467680888598
28.74689605960012 43.05797133457752 1.068828020277299
49.22360622939821 30.51982755377881 1.081360904720307
22.76446276286825 8.45622766225423 0.8832066830259968
6.339456650120884 29.35484540991245 1.098666218960292
48.78339266021894 46.32416104959518 1.170758341796592
17.85261395427055 47.59171915733801 1.093737223287415
54.00792533252757 42.5259463235391 0.9147929495727061
47.19305443213929 24.17402905792651 0.9367685752864554
16.49777200422146 31.25858678215117 0.9397831979476035
22.08839737628046 3.493245947404414 1.007748966244026
46.33075985514129 5.933835483125335 1.011041798417296
47.39818886825731 52.68728751814332 0.9406231901365991
6.675617977360085 13.16265160458286 0.8806814615862479
16.46968266808879 22.86449890949973 1.017093486529787
56.80713288011361 49.2213342810149 1.023366880388108
23.4885420768934 27.94675828607136 0.9817892227372028
24.63733431912835 55.23489201778308 1.117561066646225
1.728137938644801 20.55030663523372 1.017541837455957
52.65956720507683 5.191819227389908 1.010763546052034
15.50559375644922 6.966234988982898 1.113499131444159
53.16601283669752 15.31272661002014 1.158419840236551
54.39315324388126 36.15816654924218 1.067474905611775
38.31513570077491 8.842139499188466 0.9229404867903807
36.78889778525983 54.17424843189039 1.003372004145619
3.038569768908699 11.00844456535226 0.9870719045731494
31.55875120058598 39.55954733237603 1.008388739758651
9.958526961486101 28.26484828594366 0.8788171286355797
31.64656337520413 24.83771100399909 0.980221593686439
15.86025563295011 22.14311569609824 1.004784975464122
29.10935068508114 51.3052377678944 1.044478275149591
46.67857599941947 28.29691992853625 0.9752521907742433
10.29754261034426 46.97401135925856 1.089196351698606
1.809215939980567 48.61267831111917 1.003589413676004
53.41635608878748 35.60504861716416 1.034449924511571
28.5203784580903 56.45492585769618 0.9480094644946381
4.221633565249682 21.1722443831024 1.071999696366278
54.97990591776553 14.18016052673578 0.978218244746495
25.01779423375511 24.0836560177075 1.093017762927132
48.43492027438941 40.87804986670523 1.044229418403316
15.24389922956186 18.33612237234419 1.043379357380567
40.87938292039529 4.922475202438643 1.03063569142703
27.57352459317703 56.9305849377674 1.11199421265416
23.43425239503116 29.3827405331576 0.9703790105329038
3.728870559357512 44.95961931113136 1.094998335149255
0.8554518440996538 32.24924904399051 1.051714798316501
47.66960762938 48.63617870753453 1.043387625994873
11.64118938317578 45.64951352060285 1.0190002254032
28.16193806992934 3.68164298575448 0.8676956826751553
14.71218328164526 17.38870978373508 1.006220280113897
35.72483215607928 34.13517108519337 1.092939167668844
34.87855771364577 25.35787445695972 1.19028155397916
34.8348228399804 16.8317225905283 0.8894875194831078
56.28006774293262 38.5636934258806 1.049941372664944
47.60446461364835 4.48255004616573 0.9645756873794986
40.84206572493635 2.245653970281432 1.011011901026278
6.323936022503272 5.378786278133647 1.013118450870259
20.4925383741467 34.4858741189753 1.033529864555773
51.87458390271039 2.316217455228892 0.9027840070957831
8.160804166999089 30.59941603224697 1.116289127822563
55.95729051574938 47.04680066138823 1.063597016563358
48.49144418746766 24.24574985739111 0.8948387483383338
41.07747244791941 23.35653289377528 0.7859974213114764
7.889960426785965 45.86881432303638 0.8401601474415619
38.0747013404382 14.09651704137051 0.8822336091371749
26.18545291628011 21.91676703883184 0.9141497870600108
11.57517194495312 22.66610706069791 0.8863322541973431
24.69630273463964 32.06771031909981 0.8700285269042038
25.62598108808789 15.52433802072161 1.097773963262453
4.472597995993028 24.58327157729458 1.005882976909675
22.29030921090874 32.9064938826051 1.104212935041225
53.00413672672777 30.18026963769471 0.8608770234796433
51.88317250780909 2.850009492994291 0.8960929812549036
33.59270622236315 21.06862539754651 1.092133982336257
40.3861418540525 36.34194850332194 0.9839534072953642
15.600984294713 8.082444562149441 0.9420230468988269
41.83917661376259 21.68209077077084 0.9222685159843752
10.77953050368444 20.91212606751925 1.085173163835549
36.43646408824085 44.58792493519742 1.125142330214938
3.988783142524205 42.00760277035069 1.035656223236453
14.65520657676049 5.84227630302416 1.017671316840623
28.724298459815 10.65934327694557 1.076849296297048
30.15553243139551 30.90571842198526 1.026277849935912
53.34961615845077 6.748238627215959 0.9793051659386423
56.68311588777375 35.36048564704158 1.065794079766186
0.4583411405134672 15.28410018248674 0.9340384347181969
31.03706565687296 28.28210679641091 1.059262810503753
33.55009073370606 41.8165961605574 0.9622393257434757
21.22210775232972 28.63069695217102 1.066029215380462
4.253342555022492 25.21089089485393 1.067315489787835
21.02869547206382 28.2935062727395 0.9386443646231365
50.64758597670476 49.75299393187882 1.019992769883478
43.25260057079261 12.10838198108058 1.178596461904936
3.575850286323508 39.60221670270069 0.9828942169209824
33.91067972635416 4.176950506948377 0.9574403736546782
33.82383667855702 20.35360990900249 0.9369376840030122
48.63571673195609 49.59504120358967 0.961943865910158
49.67749846944469 40.82994959588626 0.955729654832342
12.46064652151458 13.51380137843723 0.9416631400396451
39.11049711662834 26.09894624403629 1.017979224460736
24.63682886661814 39.1447870648209 1.055900026898431
48.45368404754144 28.21267915294165 0.8953654582074554
26.76287323225423 25.46561308087111 0.9611540130338057
28.85004112536555 3.673552932065703 0.9155349920987423
24.02716286761088 45.68751405770309 1.004227903519119
13.53478008626717 15.66287957302429 0.9345304153568124
56.49282916891055 47.54301408470749 1.02873599400041
20.11188475094358 11.95347566388244 0.9399585541267459
5.361574429721373 35.44487442469451 1.024802776321525
0.3426234909997431 1.253760923749656 0.962546658208287
40.39854798857055 6.243860485611418 0.8541480590708622
53.19213153710223 5.145551703006752 0.9334138540022077
30.61116478387786 45.40420626681494 0.8565504443500684
26.62855770142216 3.253728371697351 1.01008653966968
13.82514268617385 8.811429257882493 0.8877629579860199
20.76681174885799 33.93702743711743 0.9152760574385813
36.15940930468934 1.817326829683654 0.8217406697016434
30.19955370072255 41.52098373441071 1.043871531061919
42.77474465816037 52.05237771899085 1.188235960160754
55.52162957588287 26.17329262018823 0.8303515648404054
17.66876580271347 4.930009080530149 1.044904285255487
6.254609533238509 44.29732350413563 1.018632851635875
30.34877754577844 21.77070039406917 0.9795975317676555
56.08307342002311 51.11558929463643 1.095109304121064
21.6653051714717 49.13877020736167 0.8571855055394924
19.38812081720127 1.92750639930717 0.9280526676351963
53.97988411829802 21.20257692188144 0.9820601234261269
31.33615806900717 55.27612229635758 0.9530491766844992
16.12652556278115 33.58510381103731 0.9741381767012633
10.5850114727323 22.38113512256236 0.8704366686041413
22.71382869999568 1.835471335256226 0.8985784982809959
18.89372880658774 30.659386407891 1.034040935490903
11.03816723266531 5.297312127099052 1.022342416184014
29.00495171593733 32.70347240413701 0.8540240566163108
53.55593800850023 31.6108628951995 1.106761133653543
41.31960662888345 27.89209605096471 0.9848398409120909
33.54709844316687 46.01351072779554 1.00074394546164
33.82104839515921 44.13210991589916 1.019491238538231
56.53894704558837 24.7945876474467 0.9214607733815622
7.7678609051592 48.64606251644253 0.9737276568038827
39.8362514073198 3.39518962027281 0.988097510958407
54.33576231372346 50.87441863998511 0.9883294659615451
26.57789101757942 6.128584055289898 0.892944203358082
17.73378650971399 4.208869794480908 0.853023629352576
35.81973268968041 10.56522036463265 0.9766829638833081
42.18182056917894 8.706717828152104 0.9490209567628326
54.72022858249034 44.62221337045646 0.9076591754777202
5.861028875159579 9.114874379762856 0.9276028705425478
43.22334893011644 41.8646360732916 1.05980006477011
36.55647533692255 50.99120983527564 1.057939938881515
54.18915754239502 16.34694997051123 1.011569480794428
56.98875898355094 51.52491982957577 0.9688238215118421
20.86563380615117 36.79925962807576 0.9712465123514766
14.80984478621271 38.59942031586516 1.087892171909434
52.88914483407938 19.82786211223708 1.087560853092358
51.62067891313726 38.07096537671563 0.9173143513040349
56.79988436251873 26.25480849633683 1.000123894854621
50.04405720580558 5.660913211135619 1.132040635191257
17.42280090061147 21.59303180621612 1.132039417934091
20.23438228025771 53.97927626407672 1.011357145602085
50.57284557426946 12.77339913080139 0.9941895156012459
13.09203081396037 50.56160453127772 0.9779084455133602
2.242865235657834 28.16395273998564 0.9096945902691678
3.112658999447087 17.05271002187054 1.045461779021326
1.108168543832455 5.652517863387483 0.945470076843708
6.948650534240832 52.72884745696972 1.054718225021563
1.150691265776144 43.52336757607915 1.119286050284354
4.738038970966842 51.19474849812442 1.037749381231438
29.56449470509053 9.607081661283543 1.067267187260053
4.700753653282651 49.79887701189093 0.9719524574784802
46.54395785534008 0.1592034730870293 0.9251827809352968
33.05839442557581 2.635988642757753 1.029791680239926
25.94938804067177 52.96367324002258 1.055832943470242
11.52066609939591 29.06204706666155 0.9456016893901145
16.18283548866531 14.12455177918289 0.8832750603489957
26.93655701863419 23.13148602290614 0.9525885334388215
1.614716470993458 11.00409050192874 0.940426880956163
0.1834077817310615 6.352755441960299 1.037689128010627
1.974770203686678 51.16123096885217 1.108075788935081
27.56221066394924 8.561128129046935 0.9235846151323108
8.720331602133966 47.5046206626597 0.9057450928379096
19.74215713550437 2.441139579956019 1.125607781916466
55.4048128465213 42.38200009492319 1.017252778737726
17.75359224283769 11.42119605532903 1.02114372514703
25.54574786105461 33.6025962422614 0.9150818720809104
0.06791372786644555 35.39914707066452 1.039082838447773
8.035385667362895 51.60207654610373 1.036931685172923
39.8137327985902 54.49586298293242 1.156680178050987
48.65709395178458 56.92762088865397 1.010203754915043
50.3496311578665 6.103320162325781 1.015447134245586
4.511102313413798 27.46927479397006 1.04686421447523
25.4674916930811 2.915915133392399 1.065560147526474
14.33711121526412 19.51731411252046 0.9303086150889909
20.1575116408791 39.88285907631873 0.9825275176736468
18.28200612044055 43.38254682923786 1.051987077062459
21.90805559414814 7.685243693033812 1.060296392633028
2.287320212594848 16.64232385747243 1.222589466461071
27.43930421790076 31.65273043729958 1.078518102618749
25.19971830546843 48.61414070735412 1.010389114395001
53.85042075107359 21.80765910391121 0.9601786666910078
49.27693392442396 53.85757891734018 0.9998387207084222
4.277438197879791 5.128208786774524 0.9074544786160618
24.64552289929498 3.236174467595375 1.108397020329255
1.497408462919951 20.76543325407684 0.8410412263369477
7.147980083314692 45.36965543048906 0.9081600746495209
27.46465830293701 40.97657116873962 1.022189606450009
0.6188949996693502 45.75240090990085 0.8194510743327255
4.404708952831434 2.049721885961351 1.031300648016904
53.83017990357717 33.04851735851193 0.9136418480650137
27.59920095959641 50.68060065465076 1.01974569237987
17.93411133016185 19.90684204637392 1.063185214567479
39.16170434242193 19.4315197930818 0.9509854119464187
39.210934402985 47.82025538376544 1.026079774085219
50.99295960925192 9.675592679379319 0.8697922155047634
39.42757122145387 32.41572155217441 1.026508210994749
1.058457131524783 43.8322801742853 0.9010187604521274
22.81734042652759 31.29562331517023 1.03013702376358
41.95577354308021 50.416541386124 1.161006721468532
49.4058295168941 20.01834763587376 0.9498449311447361
29.94506033926507 45.25269656500439 0.9368933160498998
24.17822641328826 37.27202088305355 0.8244518033844249
45.11322150617522 6.339930729167504 1.000185855658394
11.96323488138767 38.91447507912036 1.018360232057757
19.60575216384872 5.95619446409689 1.042865279191908
26.8183002419855 19.32070787033099 0.8256922503588986
17.84991910115346 4.283743653578564 1.165998686761234
35.57936696874879 13.18373757143679 0.9962885964965376
34.08380088726236 3.555590912027094 0.9943349199607182
23.57393854790085 25.94074788966251 1.069027123682886
14.74232694261816 42.91184810079255 1.027527196878964
23.1838689573034 39.26034885563904 1.059825223478972
45.26048408507392 22.88740963343876 1.006912896734956
6.179913430558477 53.3919524445161 0.9238600150960816
25.05417648938213 24.44216416936468 1.079857839796721
43.76287203969568 45.25951049908041 0.9962743496781216
56.1562203849462 14.99083609459495 1.221203856085554
28.17457366603174 6.010570887481128 1.01513941994982
38.29117826572209 24.17026121642918 0.9261693630843517
50.11100910609169 47.24252823425574 1.012495826888239
47.77696491441548 44.25813645555551 0.8525950343746571
26.51848528465186 17.4235656221507 1.006722635538469
36.84824347861495 37.56433092037418 1.09950584397169
11.21592869340252 23.82719801917076 0.9178784729034632
38.04208060914748 36.27010520932735 0.9858771849000059
31.14258191415229 35.03223420168843 1.01392630081483
53.71118247961215 30.29880229909849 0.987625287562599
8.034389626250784 21.19764396231512 1.093059882412693
31.64852339385474 46.32556789197287 0.9696062802568237
51.19068467905311 38.47891428483599 1.024011604668483
54.39125291974808 41.9676495669259 0.8486663836378175
55.92848343864478 52.25553599850067 0.7850981589486214
43.97790010551824 35.77672689071704 0.9289353500513321
20.42685505534842 44.03579558573468 1.012858312169295
28.45238268675859 1.468935637953195 0.8429687876648244
9.920607618484929 54.44848270921432 0.9070845304385355
54.75397905043977 6.631790071554384 1.112357064466015
32.269742577928 35.78167460802089 0.9956127699677145
11.97469328249558 6.918265945240048 0.9875073469857358
14.06699060418969 19.29792712596149 0.9984947281998869
38.82151271953318 11.45824349739507 0.9612916044837388
2.814099378797272 24.99047805973817 1.014550600862339
38.97078699570651 35.63396627112942 0.9469664740927035
22.6697618568641 1.068045387541896 1.002266750314627
3.866577662465432 45.97566262538343 0.8828556396563625
43.42414530805505 18.54376926019032 0.9386108227329707
20.41897537904744 14.17143026328247 0.972482103277435
2.606983875672791 18.06034731821173 1.081941189018566
21.63811032410623 16.67397447986248 0.954956339888074
28.13221800380024 41.6238511636033 1.015934628488601
11.01818645047871 9.144795958020163 0.9384621716733876
34.13527401775833 26.78869823775659 1.068461166519036
49.46625212694809 6.750936718541634 0.8436966896969298
7.81898210608353 33.05291795127695 1.008027339956252
4.111676556110232 28.60877234237677 1.035565185223144
47.15254160256709 10.25907861127475 1.034265353666087
4.707252127447749 56.47336020948056 0.9100995886650254
15.72070431696284 42.40698236991045 0.9651529741105898
25.22875489724276 53.07897878767875 0.9894940545557065
13.71707766676186 39.6410428502788 0.9189140146246773
52.30943943108871 6.183329767167256 0.9738906738367017
21.31934372443675 54.21096167490397 1.116663793321878
0.5486976180918038 25.43102030708968 1.112905430642013
15.96684217125496 15.97227559330513 0.9839790471621961
0.6478794615938698 20.67409429870271 0.9484264151775644
18.33445129745381 36.21450782204722 0.969263586463642
15.15045642068165 34.05515564095935 1.133139886308866
30.1341344020954 10.48809557896484 0.9229070022191561
36.74018421896742 10.83696432683475 1.051630916166482
36.35770549362419 24.08996508321258 0.9319130929060542
24.8869959017667 31.66714489817021 0.8519022981383946
56.16292459152775 51.59263860135928 1.018467086914309
11.48993711894841 56.71162223616225 1.119332291832371
47.10042308648136 35.99050105316122 0.8851828636581717
53.28194672953428 47.74830257461793 0.9900822142392363
47.94209030128182 12.49443499860095 1.024408740252609
52.05420229027709 12.5635804666968 0.9907004580325222
23.05167604566164 32.61383053549278 1.068444079609714
36.02530101920725 33.42456346211236 0.8988869429671696
0.5145285453249367 42.74677951529006 0.917979313789652
47.05015141100164 30.78782342224746 0.8746866153765958
45.92469818560625 45.404120905513 0.9769834680688173
48.82536321451206 36.02512127208762 1.124838725484118
26.77342382016285 24.05921728399546 0.9691394832655601
56.83489239673824 24.11740237153946 1.064181990597237
36.6118373701404 37.1124662235903 1.045141731131797
3.340563138174155 32.48548368666577 0.9926858657537257
8.099314222158545 41.32610390862735 0.9194965373167274
2.816802645948158 25.95909780913922 1.049345919230887
34.11915461352056 11.7316322572211 0.9546136403968147
35.97233775536173 2.499616610584602 0.875368338792111
47.9037375160976 15.07268755001607 0.8183024643548047
3.922157186512909 15.29835942168644 1.005263266633622
39.35757673222459 3.014889837715258 0.9393026610782169
54.81298337821522 24.41584066553779 1.021266153619806
4.52830686258539 54.13243570045216 1.080012949919145
9.910304408478693 9.829109778548176 0.8458817683244437
51.15521368717552 26.34147753023611 0.9269055831388615
43.96871646631915 50.8643240820916 1.038858470685856
40.62358586146663 6.791963335029764 1.001677064788962
10.40622602142684 19.59592361682836 1.027978484547609
44.49295955779635 0.1953174351692747 0.8957180111406262
48.72623793348961 48.41511674430925 1.039289320218102
22.11069772444232 54.85125361562299 0.97816780080037
54.92112526526727 19.92368107611485 1.093923447230258
54.34850182447047 26.79540111720348 0.9710376461522569
45.84543344836935 7.258806232949163 0.8914220557069874
25.2684248635864 30.77972458292717 1.0546899327155
38.71158586289341 12.23714130336286 0.8776894788955387
10.9117350675686 8.267634499942714 0.9724448297954065
18.17635791943239 21.31796108899543 0.727767657426953
54.97151147246897 15.35651764802473 0.8321224436290521
27.66325532675872 46.69774937941588 1.029134753397723
41.6039847804252 28.88233209023361 0.9568087942680438
41.00818579923742 39.52511001914978 1.121557689237189
33.07068117105899 20.08354121543632 1.018852857369356
53.41332122376809 12.69519204026795 0.8234594880249577
43.47491662319513 14.16523535790166 1.102369216067594
33.91888739071734 11.11896526167121 1.130261945067571
19.38659976161392 43.72598788827936 0.9764662404408493
9.148583520738679 47.250157878385 0.9521169698595513
5.606675499867031 41.85718108008484 0.9679597180961788
53.81784434608083 12.37830986565832 1.184572209073146
41.26064195589192 12.02229906293671 0.9909612247423559
20.94693909257042 33.06665509569768 1.05226609788097
22.22117005997392 51.36826028785121 0.9774861864928065
15.26858807507371 18.63449125719931 1.057368059591232
4.887472954526298 17.23512470872846 1.030758837445004
4.657334186442817 30.43710289683058 0.9858158351080789
17.16309075856725 14.21433066121038 0.9254061087057793
14.29409179989905 31.35701651189337 0.8663163721930732
16.21419759197822 18.15226994741348 0.8886040172677374
32.2790771654244 44.22831088222019 0.9647179383571536
15.70608499958463 14.82754425044523 1.067995731267886
11.91644929671495 30.97467307465834 0.8422805894468077
21.69691067128298 16.77827282565566 1.082206011384423
12.51827054960573 26.58438362580928 0.8537542980526933
0.02148649609716912 39.07914467485582 1.071201214169666
41.21953868410529 17.18457728120712 0.9594579879775342
18.41439775722772 7.755791358536012 1.074735019597481
35.78017091135502 50.69347492265211 1.019707557466735
10.23319399088304 51.2347121859131 1.067522040604016
55.87530809867908 2.839568154811658 0.9401369600651429
17.66711240525689 23.69935051803447 0.9281008250008707
45.55606617292206 51.12914793944412 0.9349132543035708
10.90742073855708 55.19752269247432 1.050577092447701
36.83736044347163 44.92081829948389 1.075204156237766
26.99996294779701 56.59266608608545 0.881898139566733
54.04342424731861 23.29343828386322 0.9114944715706477
53.34080939895511 19.70151010607439 1.091771361107621
10.21416917034153 48.32491161316862 0.991469197499772
42.55962377253903 53.93108816348533 1.028132662568551
23.28693131603623 54.34252499385855 1.058520213394958
21.04187548535032 0.06854738158571877 0.9201774746182871
35.08319166073724 6.721127601676215 1.043592595639014
4.918650267607835 47.1588846692624 0.9546930132766139
33.91143067223553 20.291777669588 0.9313920724851378
19.88444372913076 24.06115582960712 0.9958641266297332
27.20483190389575 17.99074024613515 0.941731140369622
34.51143452036727 8.98698321589594 0.9468289703920799
30.82768123123221 44.7256036907088 1.000255758307707
8.172966825390684 42.87151860160358 0.9811992953231812
25.81454940643839 31.45989814142692 1.088288434163402
15.41394186272004 4.255919027727059 1.117164492388015
37.39557804977316 50.49713352345728 1.040243796918826
39.48774592275161 15.89569689701111 0.9633040316509606
37.87598691828362 16.39917656844444 0.9141467658039824
20.31057018847697 56.07191829572987 1.032028804188209
31.95487435672193 47.51540209237272 1.088869516915999
1.641573190987843 51.5740930356896 0.9368717489750978
53.58803141610139 32.46925442222005 1.02966394428381
4.352715665173119 47.47266352524639 1.012612698087953
39.77144482022684 30.1672650981542 0.8731522437835867
10.49429571325625 37.34650352939335 0.8489322582276116
27.24140739033064 47.88987376302941 1.179101227393919
38.60697601205063 13.33138292251685 1.043190847754721
54.11415091674503 19.48296293033425 1.230606708825315
27.37668145744907 50.04112970598094 1.059099836690364
32.37354372598862 2.33155578762831 1.063404135166398
46.93260401437646 42.19810498934151 1.036512542388056
44.01029525045785 43.52063540393516 0.9652838492070882
40.42056162255842 22.02007505019199 0.8282802747820742
16.78265542247456 23.19200641624257 1.022504422916721
46.17749477884615 5.681635861602443 1.052183905364283
19.06172056545584 16.4189021426341 1.010442505758542
6.236740514280619 51.75150705257035 1.040868470351936
54.66144856701673 35.9673000317846 0.7413118832654053
29.00842973776554 3.426676182275021 0.9666078401622671
27.36968578555141 12.56496150957651 0.9814314413269347
54.76306649891802 39.87317364750112 1.040399646740088
3.822925177320338 15.4304258573942 1.041664908213827
37.45050090758619 25.96582096720385 0.9488782793296628
10.43549321612133 32.63784105593238 0.9675123267997697
16.03189013760159 34.89098651562398 1.181541338733798
19.64811618702864 13.66924627342692 0.9767139775763037
8.420753325997271 10.73092066623779 0.8626019377539501
4.852156733093857 36.47388580882637 1.114523154621432
39.90056201764408 6.138736449712299 1.155295435991588
46.42554798043592 35.76344041468736 1.126761268191312
18.63661406218848 27.26395140041781 0.9591243743266415
2.619040283662752 27.81977960691777 1.077019743347763
53.78560060066432 24.94293141641791 0.9068499348156015
15.70738224718132 4.466638603930659 1.05579511512187
31.20939719919553 40.5878095224443 0.9913792593694093
31.91784565379743 50.85751341276686 0.934161763774671
55.71823847234167 24.59452684716998 0.9747356900009126
42.15169493069485 34.48728913650256 0.9952065652835487
40.62602558621486 47.88066129846529 0.9623991997711763
3.815697336483606 7.06705178276964 0.8686623920857811
34.33100320973015 37.68831603493928 1.142664912130578
50.27209100558986 48.83844141002672 1.098109531278484
16.78137279990193 36.46523947336955 0.9590693704889354
51.52433018364214 41.33729218474463 0.8893628962256508
24.92510170718893 8.409944265340428 1.199659038921346
19.59124076906184 22.18215750306014 1.015807881559738
27.85996662492862 52.11550051724328 1.036328881868901
6.928137703765247 13.01166152908078 0.8941496263801028
38.06391847741973 13.22881518687532 1.005802661960442
56.26391234680261 41.87961581390334 1.106405138914211
7.331927186032723 54.6268702059178 0.8503456598286264
15.02150407993305 0.6040181650798853 1.041966920512178
47.66170977133406 6.246684362761064 1.103573482479269
15.24460077949083 42.1860399284335 1.020412769008062
10.91976728472848 15.50907822815193 1.019250016861997
0.146643656374255 30.51100805379032 1.043442030451222
12.84461891038558 8.551202329597995 1.015943437371917
48.65940621851916 19.77275664069353 0.8671727301320908
28.15600766248815 2.626782336098506 0.8726905521084712
34.49101103259763 27.41991998274807 0.979263754678919
52.44234350111444 41.87905977101953 1.056832012171703
55.55397346688154 43.10405324590581 0.9581548056928977
28.29009317433932 38.70972068128629 1.055861457859906
5.535273610863497 39.20986045906779 1.048609320059244
2.225822968513623 25.5654874232437 0.88034185527622
43.46123697024828 50.88522921357547 0.9625975782307902
15.14742503275509 16.49425172642537 1.030757677651685
10.65088316502556 49.63843606535273 1.02274955749823
49.99560662451927 42.83906227575572 1.0213485668968
11.44189187113284 45.43795012563371 0.8819318277765283
31.54200334499683 18.84386615401314 0.9950111203580729
23.79443953130135 2.832096492793456 1.000739685739081
42.04195697840395 54.77238574473764 0.9750858922388537
35.01163043594529 54.76282549126206 1.168659335208804
23.32831288796305 19.14365730255081 1.080733390209982
31.12268261803439 11.66655695190027 1.123001959488663
28.16080867832564 37.81864132304612 0.9907784263158937
38.90854368959951 15.07498036095639 1.023028865838256
6.742260097871656 28.9715292360501 1.206464493450945
15.17292003295055 18.18415196900449 1.095663295472193
28.18001728047618 48.95148270668065 0.9262766553370352
4.734908207196234 51.97445683832022 1.169915419862069
3.060880760690607 2.315800389887672 0.9143675306338799
34.58836161605472 35.74330111953584 0.9715126094787825
2.946044036627768 40.74404013424368 0.8683919020305244
5.873357876610643 41.85458775276997 0.9649441539509106
13.82080972419158 29.36136551637266 0.9781285239617703
23.74543256207622 31.2302890858754 1.037516976243657
23.18177176601336 19.98731580329468 0.9787833483123701
46.89990668087262 17.96535093894477 0.8567976714537491
54.79088711682283 28.33669160648095 0.9677032827637563
16.51987702470267 32.37924870633485 0.927032959161489
12.74906725797293 45.87915466627067 1.014870335168261
30.02166767512526 15.69511132114339 1.205825059484087
0.5496990473706737 28.44221526917173 1.031261775844799
20.74430603987738 14.73814453079279 1.148856672139467
44.09951007370814 0.7489283977769913 1.135072785261609
8.795404823401666 2.351917616721204 1.010068878224169
22.33923342001589 42.57428492120201 1.070001872109432
49.94252755490249 47.61504426580623 0.8893324644369519
23.11266332497479 26.03172854521858 0.9133991538970139
15.37136942631163 56.4085865618701 0.9579229465908445
45.28774120159807 4.020347315361885 1.276994834427747
43.81554800542796 17.91093597556974 1.089732075817651
46.35315124474147 3.659678880432471 1.064564081491343
2.103391583591416 23.35664708044224 1.092572779937315
24.10557547821923 47.02019949444579 1.050853317269026
48.55481927402077 19.77995374509131 0.8749758161283311
5.354238639750629 14.93990358567792 0.9443387522611253
4.509096933300186 5.132600195767638 0.9827261932380376
21.43083877648732 28.78598155583533 0.9217522112001724
49.49256135080595 36.80220820279895 0.7632178505987877
7.922644860540817 16.48230926621813 0.9855611292655795
27.51158830640446 51.73819289251146 0.8910978345950136
39.1034399187674 23.74639645998664 1.035510750201556
14.08664002739202 41.20683150235882 0.8527247930896078
42.33163416633924 21.96455240713644 1.019680137468187
33.98857276373942 7.32901019711467 1.13128514553339
22.26891380933528 40.36770203447328 1.089098251890585
44.47541159925769 27.94223201365314 0.9957163274850387
22.81233715536647 53.63110343908477 1.127707996280075
44.40509092686935 50.32392548831363 0.9681328035239063
3.750886608730483 30.47273619727824 1.094480830823802
45.54473262864386 17.8375266626652 1.064330051229032
13.14896133455865 45.08930083275274 0.8756159817877261
49.85639516117815 55.48059550089789 0.9894393459382305
5.80960567146987 45.91245831451959 0.8822963163100062
9.187779301864923 28.07851948080516 1.063364685112756
56.02075152100099 36.10869516251082 1.001964560657098
5.56944125032492 55.74896506394677 1.073031228605309
26.6717466980553 1.242128482201196 1.02221851790416
47.90900321486825 14.07683759838195 1.025592033434795
35.87517374049647 55.3169405792453 1.054768122261291
12.75103569065735 24.41990634259763 0.9858235538651524
3.067682485127674 29.30342854992646 0.8363415603351171
15.51990419650446 52.92407764630582 0.7379044296002712
22.76904554468069 33.59362972229422 0.935871983381606
14.48621572437054 31.95682484654562 1.008170939775703
28.62001572112554 3.692900671014982 0.9872467484668804
22.87507123587423 34.18945697145045 1.352085466020099
2.546991018367462 19.37635996210219 0.9812696013007058
43.190450031399 54.11304498888229 0.9925086989823407
52.42998556812759 14.40569514613864 0.968744984908939
46.48553011449312 11.58445275695271 1.05569642974152
40.88788133342186 0.3562027063948115 1.03528127647653
45.47729021938392 11.67190533116083 0.875259730354957
45.26553505345505 40.4161758937017 0.9814191663921348
43.20316058406753 49.93768425655443 0.8469602106238179
53.63058492756942 50.05762317639665 0.9852581287851897
49.01263327664353 56.07245066253117 0.9759901524813128
28.18606306900553 53.90947675747307 1.068444403202535
39.85635001252236 14.37651307386184 1.027221250678484
36.44213684575732 46.45250728794025 1.047120956438994
55.91670461414228 25.92766693370774 1.105160058126709
41.10920583042745 6.958169699627054 0.9215177843940912
53.59674670947564 10.03916597321591 1.103259262637167
50.4553418669176 4.407666021216505 0.9204398473795723
34.79996596639975 20.63789378089732 1.056274790813615
13.69551695729397 11.2434756030531 0.8220061933839236
30.50300152995763 8.058002669856885 0.9585022401998351
4.96747940078726 14.57981561291023 1.004989255328454
16.065577672825 55.99000114714261 1.104473842826289
38.76053276600341 39.91626093253319 0.9589494065152289
31.40430977866254 22.86973859643086 0.9967642710189187
32.90890456964677 8.07893609585191 1.119161133909769
12.86333819798349 26.36424641002167 1.050201973289094
47.00214019091899 31.71744447002068 0.9580498140669973
22.0938550318097 3.697657121670273 1.018280727117017
11.75565979152716 17.68438567346166 1.010970565092092
54.28592118727319 16.72313921885711 0.8644570777845054
15.71314033945703 31.35502636728577 1.033680615669754
8.859213352137811 4.155648747997195 1.264654839406022
50.63511720143031 11.12308877525995 1.127203997217777
13.21085571041836 25.03942695355016 0.9467082078539723
53.04048344168834 9.90173191479488 1.01151784035547
11.16422243843052 8.903821613129145 0.8984090940004203
56.56712577751238 26.26811851573555 1.162698335628561
55.36826902551962 21.66098080932208 1.159123968950869
17.25783737108942 41.72143545547567 1.018180419331697
2.013574745512369 14.54375853181992 1.006480519945992
27.89525736537541 17.15771498724712 0.96965385610843
8.632802399170027 36.75447071751322 1.134076915203484
10.04906549539839 14.94848091013193 0.8985228385355783
49.11844723677191 23.25992120581675 0.9654794933190329
26.34520754839536 36.02839130537044 1.166016737659866
36.01300652325759 37.50942998682588 0.9380861779945933
4.160254515782118 44.49933866946927 1.076951814369581
41.547103337267 2.528523541301733 0.9555730581620705
43.85771261335244 26.41815682333808 0.9385718575464326
56.23431443014849 45.87128735886481 0.880201904148027
17.836604038643 31.78186581646179 0.9614829856701235
48.61164343804663 39.14996780043001 1.175798017274723
31.00694604358028 51.26583766111445 0.926715583747786
16.11474785307178 10.01995254029518 0.9322385348715816
25.29893736182662 35.93552216372244 1.009076046964937
48.54629944104063 9.846040699093621 0.8572198676242065
27.12477571662738 23.59323407737223 0.8139650626196093
14.19304565069873 11.08669104524268 1.167776621156405
22.94386376577609 42.10872716741112 0.9197771829327662
12.1239748313669 14.55550720382273 0.8511393865483191
16.21621611072506 21.35714365186037 0.8245628787477085
29.79687051791552 41.13684624998683 0.864705090023508
13.82376907524828 10.17795150595622 1.085351779268564
21.60520882420484 39.1227064636176 0.9472781713321439
48.96874716271122 27.57751934816014 1.060502006027732
13.85812713199208 16.32766680993497 1.016211770713143
39.9209008873072 10.0923232641501 1.03168778123669
52.06959389386214 7.19302398953262 0.9542543832517657
49.30175115694374 2.558407136964801 1.082597986705082
32.56896486346096 16.56044609824216 1.1046187712228
37.91758975010253 0.256476737678273 0.9946342742017054
32.92202719763016 39.36108994966423 0.8692026444392268
0.006768811497263988 10.61613623128093 0.8687922906002651
34.67605509174804 48.97551597420848 1.080573949700558
8.303182757600762 34.09293319289243 1.038986174147247
32.51708504581688 48.22408364490796 0.9919256646459295
55.41710763444058 34.61968878918313 1.138667579743061
45.60013659931726 47.71885876484162 0.8885975628204662
7.27930483654109 7.637702145910684 1.131874834693419
12.95428238387885 45.19689458664362 1.027400793448523
27.55798453630786 11.95447215622034 0.9675065729729883
0.2010206636977478 27.47732253860558 0.7899563628943979
49.00186939165084 29.84530334213996 1.041368092692834
32.31981948312364 26.67792448339887 0.8778302626398965
18.2121066805963 30.12400204740651 0.9455515034268154
47.60640822891445 50.72919175295587 1.124463733279665
21.3158706660922 19.76519327366966 0.8585185316501025
12.41135344859741 9.916007238866765 1.022545935610669
31.08510867510229 17.76335687505238 0.9807398289554168
0.2271515206560267 44.03939105898114 1.162728984897539
20.07580256046532 33.11672130418788 1.143190253133611
3.995558510066736 49.9143371176507 1.061829155041881
22.67535238511644 44.58045974959641 0.7836139582643018
43.65369904863355 40.88745906571274 1.077914726173972
34.61665079212592 39.0525474627747 0.8539729618693325
12.05177193696228 55.93252145821812 0.9937087902991489
8.848528670542189 12.30179274841295 0.9584174130675902
17.05257478684772 39.93363734564448 0.8287692301408519
26.97302840462561 36.02540111170402 1.023885493960355
25.40105671174873 2.888729018573057 1.058878516367637
36.00545034930364 16.53919559323191 0.9446607314048681
38.39119636332206 33.82585487879154 1.025905726088763
48.73129654616643 50.61977794003663 0.9168870878226598
19.09943494577866 9.435758290083966 1.062883115640401
48.48830575285866 39.93165715454689 0.998453576354104
52.64860719612269 50.30604648930302 0.9858388937545125
44.43077321230935 35.6729888611813 0.9200081657148105
41.72708363445805 14.40380159039227 0.9332157752870246
17.29253060896533 27.24202702950781 0.9498292582644272
55.60499959187815 53.29798095826897 1.06113998346237
30.12383583706051 56.31784614423189 1.109966119542014
41.14703275177024 37.08991472846359 1.12249293462312
30.70969264195752 53.62925697007648 1.168696904510382
42.31408756147795 1.589577832999443 1.020682276082449
41.52123498754634 45.99394985101835 1.085208957855242
27.10843977709694 48.91601752765291 1.016646398117076
16.36337482806452 37.92185890344989 1.086823563834775
11.38926784945152 1.090458435979885 0.9924355419460326
11.21859875564398 12.61819107626481 1.074710880197476
53.32968485184465 9.823598320979437 1.043503644937977
46.81979427617965 39.04000787159428 0.9266234874232713
39.42875359227357 30.9668270014072 0.8872641031890429
6.845156246258484 49.8396152154727 0.9084736819009762
13.58783253356248 49.15924383427912 1.19327157702831
52.92712506601919 53.07007689916998 0.9341523203951364
27.866445510586 46.41821075715973 1.138726557389351
27.34006963406693 40.17562371034903 1.00252546830894
45.32027877463041 22.6657301013664 0.92750681344079
9.362475851253828 44.20009323870767 1.021468867273385
45.7038738060295 56.18227012743348 0.9541373069566635
30.14909712884067 45.37002365727444 0.7178748705335944
45.09120298833177 36.99425337509916 1.246182122323613
8.612210710352384 55.11513430490863 1.038870707363083
11.58925987760968 4.539335776371572 1.027494895752875
50.9575465335313 22.97156703843342 1.056931753168465
26.6855257268462 21.29761616759822 0.9724697989667315
43.96334626896463 15.41047222838293 0.9543968861913712
14.5446820052083 22.24726744659583 0.8980216501821974
9.447360658760816 9.707312339314871 0.8335481732042244
23.08942798389561 35.68746174252008 1.046091470892668
24.05748537325183 25.93114269940702 1.017401666372344
33.23277846129275 5.26712421945628 0.9178229259441411
37.90595611413287 36.22238893165364 0.9968363838185486
3.501409922494278 49.49521599174254 1.185433924343386
20.65818813846362 1.636447106784418 1.10289274610466
56.01688738261205 26.80537886070338 1.090310509419133
42.21585111562901 31.18693361346933 0.9260454407304919
8.227501071629813 6.219289648914379 0.9257591555936291
53.3623234994534 53.76654175238988 0.8724168433730117
17.42204454002066 20.41980887270524 1.081427254608723
25.68693309216152 50.30786262001277 0.9786743217223186
56.04109864544174 6.592889179751691 0.9452518603630947
56.08810517149423 13.29197620660624 1.002172950899598
0.2291296679662213 31.03902655143245 0.9636859447809415
32.67547365821687 47.02813480423211 1.093072651558177
47.69269666713323 49.31772526647789 1.154564144912635
23.50465885340453 41.2358695274386 1.158063868138333
39.12783743167661 21.59875032333599 0.890891049883359
53.85913731849712 44.37979669560669 0.9025577116517209
10.82652816447733 52.90023593739618 1.028460744997084
55.4427445053322 50.06079104685261 1.053942925263873
53.64875592274999 55.67187417329842 1.12662983880134
19.55919195318557 56.77529122995924 0.9655201561712007
34.68813814860216 10.25188862031879 0.9747846570506593
43.16043637653833 15.59767529675629 1.029166184386608
51.93237607876415 25.28827378167225 1.042303616339413
23.34271320157811 22.97869539725534 1.014516383062004
52.11616209387601 18.16369434733116 0.856608699666936
35.68235991833841 23.04214700639348 0.977385009158663
1.188822366385172 46.50888810935844 1.055475690387705
29.8656677989595 17.38512742257916 0.977591647974847
45.22229926205348 26.51442369516679 0.9175545616567538
14.17442703953685 35.61619354906315 0.9365882144346026
12.09740801066971 48.86256518813901 1.007069564462803
19.78809977732045 54.49144781822872 0.9480260444310186
0.3167923010498249 56.98452542395542 0.98332134927267
22.96322079466806 46.45071719561271 1.078679888946326
41.82319987650178 49.14623050910711 0.9852486212184044
15.18837748895789 4.448565232776368 0.9534265586167946
10.01444785111325 34.13076043274755 1.010314569696776
9.39453934523954 10.5728893981189 1.014535486254569
0.1544895172838538 23.56896638477639 0.9496377994987217
15.4315315463727 35.05716509002129 1.054828626607795
16.44232200851772 17.99060325929457 1.041549265450117
15.4820510509806 10.40247591044869 0.9010272219302232
36.21494718325089 9.816606179259999 0.9577097765352025
56.26732337487271 18.88518126303571 1.008936210696457
51.32439848702606 2.527066214721215 0.919785813492031
6.975631447497584 49.40518890898916 1.046009460536279
43.6435364087315 6.585704922017504 1.168472046098476
51.4180776585909 41.67984390430145 1.066020291529827
48.73231363563441 51.57256717587475 1.037483941272556
6.824464703828313 23.68034180890785 0.9194286749160927
15.97856164629504 23.26678673888873 0.971556554559276
2.497208498184201 0.1529961191830207 1.153803275278814
36.4667211661426 38.71215570797779 0.9521042340196134
40.89032368589673 9.23692564677304 0.9407180575675865
32.41388384225493 35.2147221463801 0.9401084371725307
44.72749812236405 18.73962333553453 0.92681137449199
7.209813782577316 31.37103450455285 1.165188909489493
12.53045871552567 19.74340588960024 0.9523042365868793
24.17496221939799 4.262772351160073 1.039015604567312
42.18416893397652 21.1404377693033 0.8589626721229051
56.10411429084098 1.162730553728869 1.065014548860616
27.22697583596547 46.90443303291892 1.084252222087953
40.92805545168373 6.693696975565374 1.088351881523904
20.22239955478459 12.50691237370805 1.000459906673838
3.134583396899786 52.63628342358222 0.9545725575868138
10.44090827062768 35.4491326424522 1.064198399325152
33.63819862047126 17.650722053205 0.8935615713455114
26.6133982136908 36.02290583309853 0.8269898904918109
56.74457506963265 11.79756712112462 1.063767948893498
39.62374866643164 40.18727351081896 0.9383385243837844
34.47500111697009 23.55180409157267 0.9178142588790646
18.59850217848946 20.5840452385992 0.9506324435313686
5.739653438208463 9.320136698577617 0.8690360717978438
44.76926934102982 12.12081911746451 1.074229960268029
33.83128378858384 54.58943646149218 1.050101843216119
19.94006229748021 35.79127878965404 0.8681332004526788
1.297926744584891 46.55346051117101 1.007321983007947
54.49859881796809 37.02309742617565 0.982748939031493
6.066743879610088 44.37956930435242 0.9545180074383709
54.48293937206405 4.713189409446525 1.133373301538199
44.10025095990871 3.222592783729822 0.9471849862029891
19.40315451910866 1.802595422511266 0.8708735874780368
34.70369057436645 53.23443833423519 0.8129867529398531
27.5793153595083 31.50948923570546 1.034913628624362
8.885554692654663 42.39349995571817 0.8859832559190368
0.3710281543298756 32.44318219807147 1.025296186842244
24.54790760555673 2.919124463535438 0.9379641636300267
39.94222188971109 21.02486583917628 0.8698252783080433
9.426075701334549 26.05690912066815 0.9652439474739575
30.77009855665737 31.6413224938518 1.025822088567991
10.13160785712842 44.80342466468151 1.002306765045419
46.60602011373547 31.92788452512021 1.057346181877002
25.76920068392959 45.99805199773891 1.025995795336936
8.330146152679877 51.29523645448277 0.995474436597754
30.49025241075561 17.21570084533454 0.9290843030895987
27.45228317028484 37.05976453798812 1.02585787880279
38.48542563220739 52.00019077584157 1.031556536882707
17.04669717282369 22.92111089123465 1.014522151768142
17.46841343094987 26.47277290070093 0.8417853497039406
36.65080748528745 43.51339580468526 1.134281344040969
10.55154320669898 33.8750014360412 1.04291609506085
46.15561529163067 32.51880702959318 0.936524709724138
40.79812203990208 54.48576144431055 0.8516450666158093
14.70146228964509 6.502779814648805 0.9824003264643624
20.33061785825091 42.15374545992992 0.9570790357432087
55.25959110877458 54.20063340859517 1.189646488418396
49.46254424539513 15.72800451318175 1.143542741220522
20.7374895046174 0.05519420376755027 0.9464611836736098
7.188682772772705 0.3882969899048549 0.9313070346223216
34.26329842594606 2.616748189375153 1.096201475197297
17.89778927336344 43.06618436056477 0.963286229634597
18.58499136361526 28.23222906758647 1.027277110178885
4.539165982761963 45.39903482114851 0.9278945861185353
51.90181463579732 5.85122134995238 1.109182506910742
4.394373705794277 38.46435898843424 1.036745115581734
8.005792342594727 5.926855922642562 0.9413333016836608
38.74894329707555 0.4683365614471662 0.9290832082978581
41.9089008187451 42.3923499669844 0.978965131750929
5.477543783596504 49.09758361806049 1.053325385063092
9.837809570989483 20.04394535629262 1.037063955907709
51.66288200796716 27.73559887089561 1.028835839865737
34.78900340934703 24.69512105392996 0.9390741358047451
10.32921810323802 39.328169392109 0.9622884408431447
47.51148128533339 54.46612181536207 1.035402619843992
15.29516368140241 29.26042455586624 1.008936963515448
34.6827741356952 39.84335919555433 1.027957765095661
22.34237408421113 40.16031791929171 0.8993723611471028
32.20645171134102 41.77875235806161 1.016992408361335
28.16696637085032 26.86933369276548 1.04398180018004
8.96632270187434 47.30335463830426 0.8782991309613217
1.972217088552293 19.29554080511236 0.8448096888889163
15.14536240005184 31.20032166838661 1.013071790765663
23.06234339487848 16.84640531840101 0.8938698362198223
26.21471310370356 27.67497427094494 1.057547668839989
9.988794629922507 41.50987678510597 1.124787027183918
47.76661220228608 43.80227498654382 0.8564092511176415
17.77849085525539 22.70755496281551 0.9765751015731841
19.8542762328192 20.00065852329165 0.908974205362079
0.3693583800314732 28.82059893469354 1.043217679678692
17.40794840567184 6.261502139857738 1.074134169182917
14.1358587807677 40.47029182709301 1.077542082973311
52.99296466819614 49.3226205619623 0.9816611414840963
21.97432606386688 5.981759298118651 0.8459185793114362
13.90501230485039 55.29239824940097 1.124674426093695
56.52789785318444 4.671624480593775 0.9206123010362639
27.37917944340928 37.01996921050361 1.096416589400431
10.29133122195086 34.86548673774372 1.0039231841981
54.86614526103537 3.481589935944225 0.9394746956838628
1.966206389463603 8.170158369545899 0.9727914451570959
56.34384829566993 5.241554289237389 1.101243911078896
6.701405637292846 22.45175572738599 0.9359531231287557
8.67612960360764 48.60687363641657 0.8741427985158303
43.42495706324696 22.58114190845803 1.049388674040648
27.25276638905181 31.99394506867693 1.062874473292462
3.259243571785858 54.63194583246109 0.9398652106890347
32.49743254366211 15.12614583509329 0.9336839189824607
43.69618227504947 30.36357780469748 1.094056594801134
38.53373617424338 24.4309012021082 0.945786527362992
38.74473479378258 29.63943168271307 1.043020006679388
34.88098599849314 54.36342070268626 1.085972036816626
3.540338790295803 34.42189208065248 1.04892879492998
31.31506249369824 56.82086054879281 0.9344240409226665
28.31493620635706 1.567828856207351 1.166083612551852
56.19977468866844 43.82871989665028 1.179083505711277
45.12475459842233 31.69720723233056 1.005621500087853
5.060785010485344 20.56260147623839 0.9550658502537894
20.48332551144218 43.59452118472873 1.075701456672991
40.31664336813458 51.11493886593494 0.8702319428434695
33.01893841988358 43.85698215843038 1.243417549938839
5.171697211531781 27.4739551732661 1.001958886244032
41.81065001329903 15.09328590104975 0.9334179975871835
14.91414644984256 41.15097266954881 0.9157173244445965
17.69354136320462 46.7289520673123 0.9142815054971591
33.55767193741988 3.849907019571358 0.9056543017061233
48.59052328420362 35.51253764262076 1.050739358567301
56.07513911885914 56.15416940448534 1.014466206499329
40.24582945287499 44.06864179720574 1.136198474104076
50.59472115970902 55.74309796082932 0.9403994071185272
28.55585520973236 22.13155207975374 1.187737606583273
49.60550725301984 16.63047734910179 1.119225287455103
48.82083834885658 5.441543689668897 0.9115253506581474
46.5925163592177 50.44973124584637 1.017301384865055
53.46393683946875 5.317668753824043 1.010053961475538
9.1675757733954 1.933570528837652 0.8800287503556611
8.534146366423995 44.83841966643856 1.06514852744039
51.67792728248887 45.37481875409131 1.097700887470475
38.31049057017569 17.40208679689191 1.232676717408309
16.14518473117854 1.629547015125652 1.107529714857934
54.03676378309576 47.96501209352399 1.10445941610127
7.595489416083083 27.17793778524638 1.039481749868487
52.08381469924181 40.35167929872483 1.138655038031257
33.8014105180285 30.37685939687158 1.056960392458206
46.99399981228355 44.14445778920523 0.9497886519698276
43.99999525211751 44.6629071150268 1.053274338204312
19.54189999892465 30.99258429649872 0.8528760403480125
19.36740302404733 7.804105881976013 0.9793288735490023
31.62191407830544 49.44109485598332 1.077126814555425
51.07064187110898 36.74608136841379 1.044871257955935
38.73211087646527 29.42774130749877 1.121522693535952
56.60567909274515 21.47216705068581 0.9856058525760697
29.67927956473049 33.51860165014798 1.021680894871702
22.22654370787858 39.30406867959726 1.046066723201296
27.36608322540581 41.76844373334593 1.004245661531395
4.663804445724844 30.61018506652218 1.028026975335564
25.10515082958394 44.37312205758557 0.8652486933877853
24.11920342599936 3.109394699386039 0.8970641391411521
48.60353398164899 50.50755580398606 0.9382739304750014
24.72781469799942 21.12822091073181 0.8692685679990422
28.59696461288117 31.62327574501898 0.9216630892289431
41.91720493925605 12.57479223309774 0.8598784710328128
4.925288568681706 7.143748620591941 1.012396595279349
48.91219235393786 8.175513862248284 1.076441533708162
29.15107038437904 47.90046334215462 1.061747765106174
21.51064838213411 8.944720665432849 1.143360076338673
21.18799688768945 42.88793223159757 1.130741585643386
45.99732693098361 19.72404729468936 0.9970480099726655
38.81475609113218 38.434321922918 1.01518239677491
17.92269982999316 32.14756106592136 0.9471040670280819
10.28435073247382 35.19341860906846 1.075889525445052
50.82258561710947 6.737404271372316 1.020296124814514
42.15795998841429 34.66215545295838 0.9424146153519435
43.60687611839123 4.740275962622965 1.031790695658821
49.55654060214597 14.72738943143161 1.032394356096775
34.45143672612097 31.86223234090127 1.069427672388198
19.98818940296219 45.38469704211909 0.7621537958741775
24.04577205611661 46.57941109015579 1.007512914639766
55.68634694846642 34.33012278859044 1.066004082110856
29.53167846032031 15.54104051484775 0.989981745744797
55.35098253905353 31.87698275264212 1.004962504648703
26.1344793723591 52.01069786027572 0.9694555544512112
39.67472069741912 11.2924393342307 0.7734031621633053
17.9610477047791 16.27972937853994 1.050401068817515
27.96727576151829 10.51758828038238 0.8066101770561389
49.07145578696926 8.458555509549825 1.064774241977024
52.87698437873134 12.05964518993145 0.9909689067805842
35.59843104593383 20.88902458124283 1.057705423968482
14.11310667596436 34.28477796785756 0.8892715750759156
54.42697689003636 28.69178092651618 1.272071191439164
2.627808556253001 55.6150891332026 1.000832467627918
50.62578696693564 44.30381804998211 0.9242368727820727
40.0547272893855 23.29864022708434 1.097004612958709
11.53336324800428 13.58548838905314 1.107485786559322
2.512845621683097 3.604819008430848 1.030383360370101
15.6644641983623 18.88729642372918 0.9927052852041357
22.9235256127657 51.26289527083882 1.090943008759856
28.54767321215369 37.99546840134797 1.120129639846599
18.92256863737598 1.88847159961633 0.957184709764257
30.5802525526752 11.37410276121185 0.9303926740430409
14.96463460752956 35.20934990523818 0.9284849857563783
22.5131679286776 23.19111795266677 1.041797803400517
31.88906177500685 33.04398577755503 0.8597645919076602
14.54207936140805 35.74025616829295 0.9570965488572301
28.05291974314159 17.05492498309115 1.065324030997854
15.44475495696289 55.00953940162879 1.032802945844799
11.98426006547374 38.3682805697286 0.9019427077945916
32.75604947179372 37.32748149583465 0.8711053630201737
22.70857945769493 41.50234367675257 1.187613375142369
20.23208317869906 54.01134984428592 1.074871718355914
2.203955053912455 52.1211449537059 0.7766679439728603
9.588576307794348 44.5974149567063 1.166266644083658
5.151104142494082 37.64149605093593 0.8104957501385072
42.50571872084668 42.72271975815423 1.050482258023255
1.465375439946249 34.7781533667716 0.8865556373185061
55.59826122485021 13.239350273851 1.118092570472348
0.197769767696862 21.30684065600244 1.061417663761398
8.516458395177711 49.09385455543821 0.969720858139105
29.6309774367283 28.74854157387677 1.022822361135656
23.86968650103998 19.16053994193698 1.120479899727921
1.245780464841882 33.45826280883433 0.9321215729087332
50.89306395309654 44.83821855245075 0.9428038280323217
31.5073896821157 36.39878264740053 1.216611624970807
14.17693598762943 11.04423908611957 1.099809218345335
52.84305342046686 12.77519718593694 1.065186007381517
34.08203786848208 22.02528328403145 0.9888002544577629
49.91561997910757 51.67771053485465 1.063584241437355
30.18061992161936 32.8767694369316 1.057887663284312
20.10933354688312 54.05030642265934 0.9799372324129636
30.50856923149366 1.795264250969172 1.066092526664155
27.75199861906096 44.60832809126392 0.9463594432622354
32.44654661717198 44.71294871844023 0.8803195020022242
1.043845166472646 6.007484874691574 0.8783388468854294
17.05172396081115 16.52876720788366 0.9284073045942088
27.99597836658171 41.33531332078172 0.988355633933842
6.360596578270474 5.485210348612261 0.992080110606184
56.75572674337575 22.00402019778454 1.029159474137131
10.27842122748421 37.09790861797422 0.9581201642887255
19.40406121751483 30.38775477436732 0.8672342451945092
51.74286878609232 7.656784219041832 1.05334015903718
16.23663482080988 22.49486737861059 1.00303285289379
44.1399299242254 27.71165890093505 1.076498150635685
17.15514257557464 45.18377511724074 1.155528559959874
3.40455627134282 50.77086773643776 1.08690058807131
54.36962362396048 31.40053463792453 0.8969585205598888
36.47855087298832 41.46677760894726 1.036674668120761
15.42442434207742 36.23427758982139 0.9772742011563166
22.76156937040462 16.749219034216 0.9187060912460628
2.439621629863801 42.16563058791944 1.04168981172547
56.60700118430285 41.87984259467564 1.096066718563515
44.24462088953918 15.84363597857004 1.035224775293837
45.28582986224714 51.51463989751164 0.932411296292488
10.2213920742373 5.440972437821782 1.092338286025906
43.2818288538986 43.1029712595525 1.066969336718302
37.71140358630168 40.65145245131639 0.9010519507625083
50.59066647132424 53.98205674392267 0.9142054877039247
0.2843621993830251 9.01509078685897 0.9124784294156647
31.35680385183394 55.97790370414867 1.018982939787379
23.50437904033083 33.79642548169775 0.9156076262475452
13.38426212565241 40.75053544982827 1.07181123952756
55.5211954170471 0.6288830151915937 1.086744533542293
0.4105452347595921 50.36000828927384 1.061635302509267
50.32097372846723 40.10896022296928 1.113597549685518
26.21193145597909 18.01194772543942 1.123379564443025
20.25425498059683 43.71543732691344 0.8686396541095623
40.69749407083611 34.1138945418009 1.047771099170129
22.86001223878004 16.91382837803747 0.9407297984002531
31.01324154576903 0.03526632116887082 0.964627731388901
21.01478641061801 44.39750369796413 0.9159200501049918
45.02638671315572 40.37997319939545 1.115237338256942
25.43188716491306 28.16500290164957 0.724108259739316
21.52501116438071 21.58094816542275 0.9750820776998008
8.951392596099243 1.825555303518453 1.004960403279064
19.83750302895787 21.43800567530003 0.9796648622269141
21.87876137899177 53.66703537137575 0.9276371608657303
30.78092988663396 1.142939339458449 1.021411504692176
22.49008380132265 14.64998443454969 1.029180165561829
38.41708220467767 43.03820440687156 0.7835184472341125
16.77050062072021 22.20288394913212 1.009010927216723
32.96189020898281 33.84283158548308 0.9175982999055243
56.84850579912239 54.48690139990622 0.9371318619545363
21.04553612090905 8.841983799749046 1.103972172617454
15.8169950506729 56.32846324813015 1.066240297297862
0.4714025610459049 36.90832302435689 0.9484592833943764
4.247909345313865 55.83115799111834 0.9615495668365452
28.20415491387442 56.70722105945796 0.8238531859928103
12.30953174843897 44.97465556113732 0.8611301488099898
49.77154286847056 27.49296213057496 0.9137986601091277
48.88979135588267 25.73343307745337 0.949742710468686
0.5381954705986173 22.53279112769886 0.9896916362469892
2.367103886030197 44.50141791789859 0.9457185330261075
53.34340171764763 0.4997458576689222 1.140658230392944
22.7411032285267 10.76164091413917 0.9693379000392871
47.66996393849606 51.34558016683235 1.107847615195003
22.04366375414825 8.960102793276358 1.07730248693305
8.667323826191632 32.92643925683873 0.9719795964999484
38.22247420261729 30.57742883478172 1.00976911956082
1.070390965356674 42.69994856915434 1.0873893751663
56.72745014854122 5.406184681414713 0.8623143082090331
8.165758121835886 34.97644114167264 1.147258598656561
45.48057570051429 10.53286200786608 1.059037543165207
33.94550201480533 18.82126075067616 0.7862521855377097
30.66307236517923 56.68660524333203 0.7972255850876294
22.89911100636195 20.25286560331139 1.028372847763513
15.10632327390198 44.9427747605102 1.20949378816545
38.19059342853287 37.88029224932207 1.020678067023607
11.64967003914047 19.41306760460747 0.9762991137600862
48.15977582156648 50.13453479769385 1.032508199562371
17.93429670433248 25.5980214660978 0.9692129850127742
3.574462581227749 4.562895017938174 0.8407033090336469
36.63291686057715 26.05232164079897 0.8749311739247492
44.87358241801783 8.38929386408501 1.052186575307867
13.26502409217182 17.45648408283316 1.20526423160557
37.70934968614455 44.25636029814201 1.017409576960514
24.10690985904397 9.922318082732296 0.9260968401081413
47.80261033205437 34.62926111958421 0.9824167343868101
24.71057089218431 2.260331363072773 0.9065605636528697
14.78844341253324 31.24886416702013 1.104299938185239
11.25219033903079 32.72274011686572 0.9995016303059613
1.822794943034088 3.421348187802987 1.012121275066669
31.89740472747824 38.45571183015393 0.8848035541119443
52.03413070553641 17.34725224661979 1.005941994374882
18.01292011701172 8.299154771165529 1.103640538672429
44.46328989624199 15.5130859890548 1.035006383173296
34.41931741285106 11.57019975528596 0.9838120631719164
16.86770301632011 16.23801437729877 0.9982346064660579
35.02816958633632 41.57827390850441 0.8929789143017796
2.695929449841347 33.28678917944747 0.8969070128323458
49.3661220988101 13.94811978887213 1.005952691105232
41.2826294718695 10.83232423934728 0.9943986526050264
52.63435591973101 16.18003417280504 0.9840599966024387
25.80366042573175 44.32216674849492 1.097689823386373
42.45527799495276 43.81658054274347 0.9805586282168722
33.97953765745253 40.08461141590244 1.056904792280185
35.77210028691781 11.3988550437609 0.9456288434579901
20.44551873600367 46.82593312339202 0.9465103418763876
53.10078809601291 38.94386450291791 0.9649226990312421
49.52232085937742 54.0274667800532 0.8702647138731728
35.07250719148317 45.15667675256574 0.9894705395589314
13.26470247435602 39.01116137859 0.8586854994159778
14.68270995639391 55.71998046930879 0.8821327400386296
18.9789947406291 2.807279525700621 0.9826900260958013
50.3886428654141 54.75109502754691 1.070127435758028
1.958599359709117 26.00389810651722 0.939408534088199
56.5659681975683 22.40411812225549 1.033250881478407
4.347982598630703 23.77302228509124 0.9825671978717181
51.46347378635009 19.57863628099609 0.9083327388695454
43.81881923313198 16.60465624537536 0.980980596954119
4.235777821501613 21.89132639807245 0.9778910797437884
49.25186963251414 18.02603544575443 0.9525323750492113
56.45444015294986 6.934579562365347 0.9561916805387389
17.23861101187701 35.72501062914962 0.8399778066098138
28.08946154689857 10.62725387729111 1.138015318110174
55.67070788735091 35.43470501640565 1.049782466668693
11.29949422287731 55.23667605837652 0.9984921753230985
50.90343229887235 5.186805737291838 0.9695710369843247
50.90234773787779 45.36690605867976 0.8357506301351707
52.57521712667086 11.58426122487721 0.9416661614676609
34.58933939579378 56.81099497471516 1.152635292679111
17.25427372253233 25.7274572289211 1.069991079402414
0.3767078129466194 16.70871387548219 0.8436468847613893
41.99089589668014 49.90064780316346 1.057197118404994
52.84773435715946 13.08035744357871 1.002153048578802
55.37595358648149 2.198609541262784 0.9347371556592097
7.75854500371895 9.675447782816109 1.067528736030715
13.78417385312923 30.70712097348046 1.024555268115593
39.70562393064873 38.54961587141716 1.030922282177574
50.13387709629437 26.28114351969266 1.092079531066358
35.09183600549206 26.60946469270134 0.9959369374787119
26.1312474278413 54.04571950018672 0.8666421746825405
20.89960648952965 21.97898178500076 0.9749078953612478
51.30282177231406 8.502030477161533 0.8867915721243355
26.6261176847043 2.061366749490317 0.9750805455815237
10.6587348918704 54.982251522123 0.8211926892472773
21.40012115631258 24.44290874499963 0.929015856548547
5.992524616416788 20.38117659295964 1.000551049598644
39.3865861177382 56.12640171271116 0.9493850303278658
25.73586640541249 55.29413599953713 1.083407774253558
12.82453182471196 21.07278830049224 0.983916259083978
49.07174701340112 33.4339071272099 0.9058365105313261
