10.73546639445027 41.10290809865245 1.011018522077782
34.04857830845219 7.906982680739361 0.9606723108574299
54.17794479391442 49.73167128382794 0.7626607816694475
33.31277346765286 1.915607070976685 1.259112635458318
43.60905360132877 11.1095705284316 0.9559215780727074
0.7594815868695647 48.86692477244275 0.9901158702458495
2.750317047699502 3.484525212778023 0.9188254450095743
48.20967098894048 54.65627919168038 0.8636645257349708
5.29710721750609 54.2401532760077 1.072033426081938
27.26340063952999 46.77194592206364 0.991572554472882
53.75014529551852 37.99886703398026 1.083847965762603
17.07754891322811 7.923432276082892 1.007457913319202
6.107035051149798 14.25549368059984 1.208456917785373
43.74527810921207 22.74883447808625 1.291258411926484
45.07744755599529 9.118421439136574 1.223797213128729
0.9853461850366304 26.67634429069066 0.9409559589527077
49.32145435564288 9.789753838810023 1.134065757314747
7.446033003947713 48.74663607298706 1.166586238155411
37.77127856750567 32.78161271325388 0.9601111212014795
22.55355860877482 44.04460221251687 1.036632204335227
46.03354621447322 53.42841262949091 0.9173162271002583
4.351844879031109 48.3516896340771 1.050759959151864
20.36658878175849 5.006948438941943 1.020380694356047
38.97482546650564 19.92663872843917 1.003406702888121
22.2552041631449 27.05227299595823 1.234691796764093
15.88920213882309 30.03040635261238 1.007234855261749
15.85757567028402 8.210656467923268 1.041348344005451
51.05374057220935 29.5130603534696 1.044599570565718
23.0478058820813 41.3481974892077 1.187042997257887
28.39279967518188 26.58128574843578 1.098957970522405
42.02977712034703 13.6374542315665 1.21942053248656
4.989143839100908 53.05896965789561 1.051443568388845
51.38857046486277 38.1705044848707 1.026007462174824
1.097143186767187 17.82054347955647 1.128691641588373
3.415668900783951 30.14220335434294 0.9405145702083821
3.172609680412621 22.85935052943386 0.860922976962165
27.5155275075303 42.99276987183502 0.6699469417807911
33.25896306720514 19.2201955743228 0.8809603450509429
48.77036967350653 56.30676894928644 1.004070114803728
44.90813344014256 31.96119271216969 0.8759646002582009
55.89939495590487 29.9379105339469 1.042556105168692
19.31953253332504 50.58779080937979 1.235350770352009
27.65074546339491 13.70810297164512 0.6427210689667427
47.07149887647084 32.85543848101769 1.220313953143769
41.03662825936294 50.48716777725479 0.9031448892521854
13.89775362140394 40.30756632439213 0.9212924925625655
52.16302138760827 39.0642086500601 0.999685928241607
1.284404197840208 51.33524526485021 0.8955914832562691
27.72875337755715 4.852797261370717 0.728315724208114
36.81398997354042 22.55274940168147 0.8976330717112931
45.57479735164661 25.4126369172766 0.8747561219450417
21.60243283007407 50.75872296782151 0.6788528498620474
48.01135542383946 11.67393168000222 1.420220131213846
5.161099457257008 32.61180325765712 0.7766429016426835
23.0863867486298 17.95313824757614 1.140871417411414
1.260704545425579 36.94507613449594 1.220536412702201
19.04834899355115 3.825580163311949 0.9334192050889402
55.16082542816216 36.0958139403238 0.8358728287027292
25.18555047930477 21.81417987393876 1.122684577617007
30.41217734357909 41.51145445625831 1.16486367449985
48.20182791501369 49.41260504369279 0.9196657891865319
43.1713280115143 0.3180804975880685 0.9017646404323352
24.47819242508998 12.78548940726811 1.134415450832636
45.39729266492524 55.45245092942028 1.456124341672953
47.59243012992313 30.17934741181291 1.170816570445835
10.12442354630885 54.48494029300517 1.058216326561581
52.67871486520335 18.4914841090755 1.115009665315414
54.5872980493993 43.0032439637013 0.9450047546868807
15.65372011421887 49.31999875433743 0.6720909863742269
44.53210384609741 23.82932469939316 1.191028383633197
13.82756677727567 53.83882894638871 1.017008681585605
33.75106972537519 1.18167683444064 0.7387010710283015
27.97542452764484 24.34349982875562 0.8325753509045071
16.19663450410433 41.4854477925624 1.021686269609644
3.896956067018656 11.87534934276498 0.9758899832395962
5.714889609587793 0.5642298979518143 0.9093102696259595
7.717893515116486 21.36860972380666 0.7374905762421671
20.13563966524584 11.92136293320049 0.6388858493388969
49.34105016260457 33.96320644252152 1.004950974195284
33.9621012047688 5.917101270480594 0.7940919628409261
33.086413423571 46.74648537428421 0.8091587641922191
47.92816220872484 6.415499396350001 1.070968587907754
34.18098297770181 22.28918645497839 1.066180085298848
6.774634220998098 16.72447126392483 0.9525905239921023
5.252966824571121 9.751566122635998 0.8258861794224408
10.31579602058781 46.15701438354189 1.098706601190168
32.33646615796558 3.200024672877055 0.8046727141517305
11.64708817826914 21.05280029869303 1.002018902205743
41.97653836988682 20.40728003131565 0.939754995428595
26.32438132833893 26.11384930280682 1.135641834598885
8.685124922397138 4.764456197044093 0.8971605191928056
21.90247355955768 24.00747079030027 0.884095462787282
6.509932858175567 28.67710780709847 0.8451290916510747
38.42867392973447 22.17106289610782 1.113184000866414
22.7307561169056 48.74446995032228 0.98442675179519
7.219101469134493 9.440035698208975 1.084534948160844
44.70904505798083 49.19563983902132 1.355452092758203
11.13427938713426 56.17169708440625 1.0518494227786
6.850330213480783 19.8194043095314 1.008843808182125
19.43269141411069 15.11610884830174 0.9848103011295333
55.93397804160322 41.33516500021106 0.8949591568157519
13.01227278076684 22.85552166628443 1.048399785268803
17.20681055598278 51.44094671050131 1.114347739654106
43.18541663428089 56.35466181549926 1.165225492708299
38.00478892121687 38.12991125748023 1.0114503235211
4.786156016768029 5.779532799860245 1.042458465876322
45.23777216590837 49.49520107474886 0.9947868358233087
30.23168198542282 9.10945199947313 1.013252096627125
17.25678495329655 37.08201219890361 0.604271958443967
22.8836748375947 48.3615477496579 1.0232255415524
36.30904705650595 21.81765285265523 0.6924374626172356
27.26156372589132 45.70898550409311 1.128211358748609
41.28814833484969 44.4683742818741 1.022404421798371
27.40594092821979 26.33534879578992 1.320362655720797
28.66939468619851 8.410729822893966 0.9887396316544147
44.20846629059336 12.25141607003818 0.8135224599072481
33.00935881678451 32.44623842995905 1.014869652539083
50.53132632539204 34.97829913020986 0.857838567801578
40.0939834551392 10.78811125214589 0.8574018486191495
31.98104946035009 37.94398614016547 0.8836890134006805
3.384387487258942 11.29009649031334 1.023594161547051
29.72272315887861 30.02320269216932 0.9198961850764041
24.79008568813563 14.01087146718561 0.8657776257637957
43.32560436442756 44.89751787572052 0.9281333676314754
34.27536664543457 14.99499905062607 1.018535016499231
42.22482506755033 40.51671398920785 1.034728060186742
53.99204276874291 18.23418388433484 0.9732142919230754
36.71695901719712 32.31269876859742 1.029199915742066
20.28238994361944 51.77727031976789 1.202109003741514
6.553535867740184 35.48289542621136 1.044389033379565
26.80102620404261 36.2762590266188 0.9801411488010082
2.531129715280202 36.61273485823196 1.172906154844307
13.89519294160194 36.80649638725748 1.256515260143056
50.72015462942429 18.53916582816242 0.7859578254547588
55.0667428342005 9.683106995505796 1.178705856459183
19.17738568697934 56.99478473234679 0.9217825465856964
22.59815691625614 39.45977563059878 0.9333113602062597
0.6536214424546908 41.27675087576581 1.412260323934512
5.976206885174014 27.45464764649731 0.7766487878125603
22.04575953867555 13.84014034310362 0.8733764803755233
40.47998006943612 24.57688925395575 0.9772367733970702
24.89316803351658 1.2987682275934 0.8146565979711988
44.46967452879515 22.95991084117438 0.9429387543109856
13.2453689888331 30.15926091007854 0.9518320186783584
7.742284923206216 35.84352590508923 1.0826243752211
30.00765140774085 46.43084276999852 1.075761626261388
31.61900237138337 35.98385829291486 1.085117624336367
50.46616329646956 38.93124995517137 0.9582376245308117
9.012152590328899 33.94614333936299 0.7701251263636516
47.5256368753154 38.89992997511287 1.036831680940387
36.82203352443037 15.41880488228928 0.8951778359745374
38.37871572346367 51.18057345234816 1.291396811924176
32.03920824408495 51.62408471229676 1.296343825370457
30.4676105908433 36.95887087656133 0.8907201927145943
42.29583308952667 19.24483191838713 0.7036782494171698
8.675674661842955 1.92012474356225 0.9730797490627529
51.28734276363968 25.56116507833878 0.7662995195087242
8.569317346238213 53.0209657233306 0.8903926927455671
24.89207903989222 56.09495422155361 0.8747292707928148
14.51375907730021 18.11959387460704 1.033816282207668
29.00582056446272 52.89247482730656 1.075741308870152
43.82652194929613 20.98417010390394 1.17694579960655
16.59887253940053 29.1223550122801 1.168222878084414
44.42583950954761 48.90467668413402 1.128122540635608
45.82011970822705 38.7131822466446 1.181332145965172
26.46668828021115 24.95825676944026 0.8611704166865903
49.016546280131 48.16633765314069 0.9303931330417609
56.68081784792282 22.10819899528669 1.050438287631951
11.56500253666425 14.19457689868034 1.176984310861993
10.08705169944421 52.52796022339163 1.171954747933816
44.61585188313194 0.6036112125048466 1.285579809541852
21.58778131640879 48.76683442563137 1.356003664381921
3.564728818165478 4.816783312157161 1.179544681287717
53.72145999629119 24.48694904543783 1.066019937044573
29.703750547815 14.18730173222129 0.9661816986445143
47.33677645462415 21.10436948719638 1.013801996745733
3.001615571324534 34.52407977801006 0.8932473008575708
56.63227879983945 39.52026204928768 0.9977475600917718
16.8770103179277 39.86007166973319 0.8816759873192281
35.38803186658212 10.7069370070039 0.5833135735360482
27.56767322987675 10.55599372627027 1.106424614440205
2.322828125358945 45.71403965759745 1.070326346012186
53.9722378584427 37.98965748911242 1.137554114220024
5.476606508007555 9.408358480040151 1.050851263618971
7.880999560412485 15.87581222591727 1.04994026113643
18.29156419741528 55.91557376269045 0.9463003295146227
11.13092757581311 21.29317979528251 1.290972755878173
23.97561318798718 33.07193231399727 1.135771698706421
21.60644911118152 40.85262350591488 1.154171422202932
10.81668552328678 51.32003582376989 0.8803752600323106
55.40447129514276 38.38435875316353 1.041450065796004
30.53981329944907 7.198857648856406 0.9187628312974572
29.2678217390868 27.51205113134908 0.9166815607345453
21.20574895954027 50.66512167251907 1.071205020069611
18.3807881513521 29.08674854649545 0.9824918670376913
19.11330660856948 27.83249809585162 0.7845139464718053
25.87515922210885 30.24423418438259 0.8801576669663163
35.38674505026394 33.93687038400065 0.8437095302112483
56.95391458503619 51.3187490074517 0.7982713677798637
45.63878480467888 20.0388758876542 0.9218818926774952
49.1549588614865 50.51481432817635 0.9746030113271191
0.7136719504900612 32.86047970823034 0.8910341681543839
50.20682326574196 45.90218711500158 0.846815771715551
39.56730878752065 3.213697530894399 1.144979727083825
43.49932077177768 49.10824268595699 0.8421647233582995
19.94074075526592 56.04844221242166 1.011539248639785
35.85686156472976 12.06641864640006 1.378130422084365
25.12415316846415 28.12162428401486 0.9847698106468676
31.06874895331857 46.75855781406097 0.8112277807275154
9.797433675172474 31.04718322728164 1.223118656563677
13.22234803308842 13.39009167085872 1.080237933715875
2.838207098580062 31.08348075863136 1.077201271723582
4.36135079961333 42.40551588610072 1.190959450758186
34.51375854551502 7.470461253295867 1.057179110653938
53.47329895173819 54.45449932732363 1.028875338372995
9.520917947180997 7.882158387863151 0.8342858995317801
23.51744327438876 37.68862767270237 1.083629228354225
8.810251930174536 18.70090731359129 1.066981778709917
38.40015425691389 47.70247632251236 1.153866624623281
21.74965952325131 51.63078910467717 1.077399242395592
4.587679576402381 18.49161485838313 0.9383230557913691
24.9217317141228 12.80174425887025 0.927627001645434
53.81053209947913 2.21890997710587 1.013910023009629
9.689371230401738 0.1357147554567618 0.8776714542757736
28.77878994577508 16.20827469611926 1.313861347724309
24.0904331105251 55.98331851977078 1.127017556341325
18.98833553911575 11.72259147079782 0.9921361808692092
30.42349878438911 29.02506919299488 1.214417144794452
18.50106379180265 11.83193982943517 1.229974625140805
6.462728934112344 24.81033670148362 0.8380032638175847
1.74233817343709 15.029538022368 0.831931884544833
26.43455423574641 43.57031937109787 0.9096094311737442
22.98447589156426 23.24508633522554 0.9745296407357116
54.56937698021968 55.47860060514817 1.237634728681499
26.78260647728229 26.34816689945206 1.067842402822068
1.231800215892401 26.63621030498119 0.8623512862705665
50.49989985604766 48.8567151785161 0.9833943785856192
20.88178437151098 15.93586153953143 1.094101146126299
35.75533846987194 41.10444149659222 0.9989813093649967
11.11165466071649 26.6821596620987 0.9692724742912755
14.13368519960609 34.09613055228075 1.00553185341795
16.84478982391059 16.08839040114004 0.9259958933410517
32.77411047405289 24.49266458977604 1.016520179230586
51.12887489475723 48.36559864243753 1.079108814954936
25.86262584191869 48.56367266902871 1.133572436502386
7.499534182017452 51.04433575274625 0.9032785491847495
30.8488516834792 6.686119036602843 1.23985318452059
7.615042064625324 36.51000855654013 1.165296368034699
10.32699571006326 18.72669672534182 0.9710208055721067
52.82282730416527 56.11941421596306 0.839957433418838
27.38359545747917 56.56584957827155 1.003600941580787
30.09147830311743 6.460826964332176 1.228805225756703
44.8735010115772 5.865588750627632 1.276152681904091
39.87149944057293 25.08236644886544 1.047582609250457
34.10479841386191 8.734125282491616 1.12226036178371
55.47853549592129 24.14557329991161 0.9306363683125458
43.43813142293977 29.32738717940049 0.6114328736175837
12.09101703441284 38.44673442768246 1.156224568446961
2.210543083125047 22.41801274447609 0.9318290938613729
52.56210798237571 54.13816265814852 0.8727427028214712
46.04739969551908 25.65358628549314 1.024187154386669
31.51917503612077 34.5524812031316 0.8888958463036062
19.66010045197797 14.3906744766937 0.7088884240739585
46.1586945625761 21.60333522856391 0.8302675138639146
43.42646004326011 32.59682595897318 0.9456191900097145
55.2973604855581 6.021739415834537 1.108505371317946
55.70488678091433 0.5079035421404539 1.06812745513732
8.910614843904327 18.31844581445607 0.9998500809288042
51.87457633804277 16.43274036163126 1.186613782237288
13.57090299323709 24.62813459505706 1.069777934891739
16.09027057936893 17.16989261571779 0.9595454060484081
5.000120065640714 54.35722147084643 1.128853270110721
17.9740345934285 28.12491982482603 0.8834492254159904
49.72825507993263 3.064568204369661 0.9352976481115748
39.72955508843509 43.65897746135433 1.2335931494737
49.68071690373156 19.02760733851586 0.7994989622569141
38.53481911613365 21.1204690374995 1.15485390693425
39.43891485195557 12.78050155741186 0.9134074275001525
6.878174321669235 18.01964975149355 0.972416921177281
42.64778437309329 19.30745643065658 0.9133791389134456
37.6189699571668 44.19681964870394 1.043894644260674
8.405955349749865 14.91702211178701 0.7876528300656602
29.69856519377723 26.37998996972106 1.121855706561692
33.51271909918297 35.77019701654567 1.099346922758836
49.40124158579914 16.24227418761806 0.7706598715705353
54.26918976161126 15.10989132854617 0.9117469212704645
31.75156948191653 35.80400885120221 1.154895670912354
26.24944281124018 18.66927521800123 1.056594572032639
5.437996258697471 33.12761713290942 0.8327028537323122
53.57669447435843 22.33670934258807 1.069034837823273
27.9626385671844 34.19566440498254 1.082253911126241
9.537008127913348 17.93948431449918 0.8336734721640107
52.79656275166039 39.23557334823328 1.119221131940046
28.57224670312007 20.83219338340321 1.182426345755826
17.60870167827639 20.9734882889192 1.225761528684175
33.69745043231987 34.34365730608984 1.167776537443907
55.14776748472255 8.449019887693701 1.090180506680753
1.106514588979312 39.39710896853223 0.7644690142491259
53.04740306876945 6.544510847676784 1.090543879760724
15.1996929842046 12.1014205227147 0.7226768957632043
55.07303738085229 43.16233157793169 0.9497504866700447
24.04187216471968 55.83409308215328 1.042802675231139
25.54605066010079 19.83843488983737 0.8073529831993296
1.676939551568096 9.641913080421237 1.117916826422557
33.69771830118155 19.28564122984449 0.7286769876579136
2.323517359478175 7.312851775117615 1.038970961055541
48.11584315174997 0.4712848176580318 0.9397400991396331
34.84941266842625 16.86838625179063 0.9683288162592222
43.66061825103155 30.896815710653 0.9172607138782314
6.633143748917218 38.6125901102147 0.9840049869923957
14.2867648486452 4.706181103226813 0.8819075302414769
12.31274744882842 48.81679385286606 0.9823446360449821
2.417942805410336 37.85879810892921 1.111689582396874
50.72432302670754 13.33216829427153 0.8430558222726796
50.12952231621813 27.4220413278891 0.6840721959035609
41.19422717354923 34.94132688359419 1.27358772548584
31.05777546067619 32.3100703252992 1.194896941444501
36.57357960779852 13.26202434313578 1.073541093280134
6.688033375278131 23.23419783228738 1.026644410365038
25.41954213167519 50.79198382924869 1.260611288625667
11.71352058496024 39.7063069803204 1.010642758882369
43.29015675666284 10.81091235476123 1.035968834701364
28.30523609943 45.70809956207317 1.076203764178262
29.19570877132738 42.39403349039798 1.134113919849738
53.29263310986228 22.32523106100281 1.006872076901613
46.07015472001869 54.01030196529361 0.7374026691486949
6.851769491029796 20.12793015415218 1.289195314798106
9.947577277639684 8.893951845305949 1.017236358931206
55.52640556196049 16.63561065291782 1.268820230713148
46.73654115420605 0.5476918092685248 1.068755949654451
36.47722941845527 1.450061712623603 1.142381667612172
37.93850398573024 26.54415551970907 1.258448189882453
45.78630670569199 9.243740058617545 1.144755429542345
49.20420490075099 44.44796385310961 0.7858776987766461
22.85005063323772 45.49683798407057 1.072054645374894
17.40728059150618 55.84334960758842 0.8117039234790848
32.67642736373303 24.25905010907866 0.8923709372472467
9.523431301360684 28.91885703938028 0.9563647838492083
13.8907514730891 8.049836836778482 1.095388561430721
50.73508247907044 35.29100881996146 1.092859770294834
46.56659298649365 30.21231187098302 1.059617602959425
8.187706195371089 17.6795745183153 1.372039936750669
56.36474729579163 53.97401292760578 0.7147737680714912
34.43003007044551 19.12751945114113 0.9676069928462852
2.064966177598092 0.2800806771405417 0.9459773518078226
35.94620610212265 25.03163802671788 0.9323149444383607
10.68151064621355 11.62263343931298 1.010545437622399
16.61943306709613 1.814119410614539 1.19018800238968
1.571647420791745 30.51018456672793 1.067341249196627
19.52908571741035 3.599038726463466 0.9326228546867419
25.41712390650861 9.09567867736131 0.8615440023474145
38.91627042690119 41.99905681936026 1.031505203996891
22.83776895740897 38.28101769615012 1.130975241261268
52.8980200471813 16.40309976432617 1.064517541223281
11.88860298548294 54.96298622477939 0.8337862102285518
9.801147263404516 52.62938654358936 0.7814499041050174
44.54459844741253 20.48265793616076 1.058512454592536
50.13544834411491 23.87145304999848 0.8508423849527715
38.64940599382361 51.70709579144935 0.8457474033122201
52.1124009942228 10.25033478450511 1.177464258961423
26.00640198495537 28.92375159166928 0.8867771054139643
13.92280838448685 38.24629818100775 0.9279666318460736
46.20369010800668 52.8958781049102 1.284309519533266
12.29897784269367 42.89598467428981 1.052410504009336
40.06469635342467 28.98215828416038 1.173144148975033
13.34850152644725 31.8635647575667 0.9686176195139031
29.78883009906338 6.483949870562157 1.031761258628879
26.98775089345302 11.68312049502652 1.074699884757148
46.95645307561217 40.91055927793987 1.054287476576657
36.80643735630738 23.93680036484115 1.151870407715805
21.26185325917874 49.10541519900104 0.7645802932038471
54.19239322943259 45.69911825782578 0.8683816744077937
8.195273623427038 10.54089472933714 1.238235282826253
17.0248445998993 19.29770079641496 0.8006191188920223
49.42233978883472 18.21589023536811 1.063785760598457
4.240146748833427 28.44173487296409 0.9650381206997527
50.43793745126479 0.514738020261162 0.9158247805995928
12.19785854183038 0.431968585789189 0.8120935883994831
4.33624759611499 5.12727719132196 1.22929592083074
29.06407755616311 0.8539649755013944 1.146763778463849
33.24810015142341 38.89686259529407 0.9415060352381596
12.91380252033183 6.597474854717718 1.036700021428851
43.31797002224157 29.93864714677382 1.366085134064004
48.15453738214194 41.30953184529651 0.8682946587443975
31.11424790747196 52.39468413097536 0.9379867521118664
52.90942217777922 23.22678225498031 0.7526150077689993
44.97787365036918 8.107280693066903 1.177697138873006
13.23455788438886 3.250862557092152 0.958668631071229
33.45680619890653 42.29863546709466 0.7982570977867696
7.040579905286702 21.33409071217016 0.9548051948524972
11.65824991169304 50.07537177115464 0.5771317056744143
56.67284662587235 12.98592700762019 0.802769032598265
54.51069960534139 25.56802227700503 1.058906901167384
9.87755409575885 22.84048467308305 1.069411505032799
41.059921091916 22.62882081401945 1.078623611764238
45.85560306899976 35.37054365564629 1.175386675098536
45.07662393621943 12.51435388322657 0.926598616720868
15.76521644031872 4.141471047951594 0.9977988478383051
43.60981726116027 19.87004399945496 0.8784332747401115
29.15538612015331 20.88695730356823 0.8993261002758435
32.13940598263378 40.81363605838904 0.9269765173278302
14.79328997563258 5.896388069212618 0.9011883998239404
39.20319795105755 6.519526767786372 1.396462586131352
14.70957286083585 19.75268144614654 1.047877575371424
15.5908893121364 3.56517590329292 0.9352762534133501
4.978695042421434 31.8447462533809 0.7013868860537079
29.94936102533218 48.5885123035817 1.029481667846453
2.393827574045317 23.87017637298916 1.044745190953987
7.682695674096558 34.53323355667909 0.9454930715958673
36.34059655123418 16.06950089524943 0.834481321183294
35.28020042287195 51.13388652686676 0.7384754942392244
0.6534132681104416 16.5275139680726 0.8448859082828186
9.564150367660519 30.01342473552256 0.9752759641713007
49.7661061816691 10.73994937573557 1.138348773777943
27.83889915833198 47.88933125691923 1.13989060875393
16.69722118121442 19.38615766651284 0.8721391371286311
18.76317519823237 46.6465822065466 0.8983997929008821
33.44232060361762 13.36849751759716 0.8814689742980157
37.34814182405739 41.12501627771417 1.073673911219509
5.770040999990907 27.24232762551043 1.086462942906553
4.101455097599633 41.05024142286286 0.8732236305093102
1.533639743706975 22.02962742048764 0.6287482762888524
42.59485803013428 11.09779013791019 1.042935097083145
35.37151336640655 44.80915831113661 1.109350085072377
48.48386749601172 6.210412498195848 0.8612983975302538
50.12884146959001 52.39571072272756 1.044161909519728
25.27748776007327 11.89201666782238 1.131096714320627
25.36998211889061 18.48461350634909 1.229013672743667
49.62065524776497 5.718123916405311 1.031585621177537
23.91887727841683 50.96355197716669 1.181570267179523
54.17055546733111 9.513735282008414 1.090953831496469
37.02276588139253 38.74152087175358 1.142973360673213
46.64326797967929 15.72125539636298 1.118495290249641
11.11696611909055 12.91033869884458 1.169592645528691
51.66412609054899 53.15925904836471 0.9363264885683868
14.64387252817111 41.78315162369197 1.155406391826363
25.75223209930222 17.25350228569168 0.664937532708872
25.63317306974585 36.07025184019946 0.8810423150382347
17.35384343441289 18.06308527666288 1.107300069767154
12.02663722728688 8.381735327831347 0.8547614368136385
50.78645602138082 17.08797931582107 1.200011685939955
53.33936422892817 10.41848118110489 0.9387626211544755
29.93621214662502 7.456330321476018 0.7508129374731669
3.615589343298035 15.49131625587648 0.6695633484356198
44.63444642007092 18.25946187146914 0.8497230687225397
32.88898873743089 4.146137226906669 1.360920830681453
4.650257638958402 50.24283217184377 0.7448871596225297
34.51555288467349 34.23585973085643 0.873018935610856
24.24317285383268 28.30200887951162 0.9753560012290321
12.34611825009162 51.84467379089663 1.153618212556143
5.456624584485136 35.13174849242519 0.8902963861761786
9.252319108346626 11.87904952693686 1.137991165136547
39.54532684550869 12.86790845164466 0.5679139332322851
31.12737032311381 27.64483366238179 0.6302913861294928
40.56645175841006 9.640334453731931 0.9718951359799449
13.7864716806386 0.8750971000991282 1.057693122770305
9.698272614599333 35.99569418420815 1.166206845601348
13.23155388852188 40.97970747993314 0.8755765441568002
15.51583435224175 7.555392908656687 0.9933018354943123
2.400066699553312 14.27484784288092 0.7933824683532942
5.993701068215865 44.40884321434835 1.08715476087174
2.353831822683025 25.32315573809815 0.9529914937902765
6.422980242140116 41.89915866819171 1.158702024945569
12.07893190722863 12.31843448631393 1.290551854314336
4.438179687335239 52.64538366563869 1.093545949239426
1.538116248575093 21.79909672299358 0.7882642481845406
14.7409348048926 18.27465087467555 0.9943301115340561
2.254358354608695 24.52875657450815 0.7905456021377341
35.52788162861386 11.07258161300448 1.040258251005842
25.3474294558854 1.384410245057387 1.102015638433648
25.33679151597283 41.41826608563692 0.9955872505117475
9.741421797192386 2.351321228943449 1.133184158197104
12.58978200684757 47.9324859869352 0.8328549731793922
3.250920446706433 40.58284699431753 1.333508928586209
20.31409755317219 25.20968938675229 1.087007013789041
3.954930007436746 42.78398241791128 1.283269972455995
54.21401838456002 18.69586483887204 0.6065368912464162
17.38557323365732 26.1464063581761 1.268643099191189
6.124183489067565 42.73300268954272 1.48074802152772
27.15126874863695 23.45915759003682 0.842642035241814
2.151598343696258 36.89269054582933 0.7189338243544482
27.82517650622184 4.955146099419867 0.945057466194543
39.41009426462003 31.07609695292827 1.002446983460931
35.13911345281597 3.24071634711731 1.052958578131058
15.56784162789948 32.3531318108333 0.7337618284557743
38.58007241765972 11.60493471827588 0.8030734569141519
25.93946654113916 12.3357695724516 1.213352554206818
38.4821759306277 42.92535339478653 1.119465163614661
29.0580424643392 9.012992507318497 0.6788844194987368
36.10200175880548 1.282628942878278 1.142324131101495
34.27930706752432 6.927178238484625 0.9441130529204553
38.0032752179556 51.77576816257824 0.8946566706500578
19.41359309685118 37.28906155763616 1.094173623887924
40.52977790475347 40.12746900046592 0.9857565981067352
29.90583836050045 5.466359090742822 1.005499020174207
23.82168032406907 53.87246371473766 0.6750604777050453
15.01845018380249 5.303856228154086 1.172492927557857
14.31684873547258 0.1841454562657259 1.125111190797444
43.28580383457513 46.78899885937059 0.8076657552799411
48.07162780224887 54.00137926731323 0.7237823277338947
29.31498383186524 54.30940287108971 0.8835751502693778
49.08517100712525 33.10437366976606 0.9051707341049532
47.6073205809143 16.644798353149 1.383553714794731
56.77226735361491 3.562918526848275 1.313737288886737
36.6034575498679 2.526211194939078 1.325188450776444
50.54721507362426 46.23807181429028 1.085279275427339
44.17436583068891 33.34503215660575 0.9346637945131475
33.52917761287148 19.60036824392172 1.011646779603752
48.28021342553208 53.2512497861177 1.15048284734797
50.25262902688823 14.30315764262488 1.187040960327126
36.66124407232797 6.94340957326042 1.030429075295559
40.04778324302649 15.22873722027463 0.5210450704235581
45.39121340605953 13.70486340937431 1.091024393813013
17.26778196276528 25.9692932292676 1.097592267109408
47.68969192807083 32.31661124123102 0.7246917354013435
14.18712084376585 16.19125963523577 0.7553831562411577
11.14738531976351 1.361486647912062 1.056765490475726
2.852701214073552 26.06546937817031 1.074811375780173
7.062317999574504 51.13291466614833 1.173412319081276
33.48475586738659 15.56934816463354 0.9478232892057837
6.353649452959024 13.14599991317187 1.158093999329521
41.89241496608239 5.560540954377754 0.6175669542895847
46.20380333913667 30.28362834559923 1.195670526613566
18.44710905218828 36.53318635306004 0.744408704877195
4.538932194718594 9.136800953716413 0.9804017787437831
31.04611451227503 26.03691841151422 0.7522334101749159
43.37423644465126 42.19349983203853 1.388729914323322
29.65544958769132 30.25110630004253 0.9422142545823772
4.9759975881204 36.71776758726583 0.8683091130915823
28.76825939759997 0.8687767804920565 0.5510275372117375
42.86206491704195 35.12190885055899 0.8970358775154198
9.096974942878342 55.90719165974632 0.9258909235353456
13.93536360931367 55.30077828201502 1.450242914381392
33.87041724746601 47.63792903099112 1.066167230672731
12.73395432612577 38.40934946872729 1.023360099192578
50.62067033193105 51.96656266970866 0.7996224069812675
16.01434430247841 21.01907539135733 1.237491293548483
51.27018171794256 35.85308846777914 1.032879741684941
25.38756145089285 18.65420263104802 1.153044460509712
32.27772967250912 33.53775613174669 0.93300702308587
0.3826927390800289 41.37470461538746 0.7337513862984832
39.67548287085978 4.635767743753161 1.074061560839491
47.51882437454482 16.54590011832579 0.826522614914323
25.86927125643439 21.45720092647579 0.9947569830186452
1.514138455276442 41.8836155589128 1.074934707378817
30.55340944908252 36.74645803577567 1.269145837462887
11.24431777617164 55.94097089997538 0.966433354099581
9.39799305396061 28.37452139443463 1.078063890130873
51.46139623665316 9.780685819583333 0.9737566218266662
24.09874219451972 52.42470888068188 0.7406256314017274
31.54211174535664 14.61756654252185 0.9746833214705003
17.87034524319244 9.925858532975361 0.7515310557457652
21.86423527955275 45.70687586427987 1.137725613715652
10.16407679075565 17.98757280036228 0.9138812190790347
32.61712209489994 52.64035313513146 0.8641339894282138
5.111502390872455 30.78747178464545 1.022117023726955
22.01324285474291 1.208294112797963 1.027989303568263
29.58281553377529 43.17250809966237 1.194314361277829
41.19192172828686 42.33204154359738 0.9086071431324766
37.75675039773655 44.62096382007979 0.9302608082802295
22.90823046532843 49.72735939674422 1.145441364441963
2.65321790317689 36.30100761973346 0.8334191955274857
29.48545157280073 19.12665224826273 1.325077948274883
37.11422504862502 2.651636224077845 0.957271992504957
35.28988147214515 30.49302715737979 0.9392306287289774
35.11614704230621 13.93367013239007 0.9329075425332408
41.46416437461234 0.1293898705064272 1.093972801244668
31.54062580575264 44.72477980550601 0.7315041993859991
19.34778431074125 15.73254750749681 1.436709498121957
24.02321143030338 10.81357169375456 1.173145305981937
20.0476002055442 46.93144189563181 1.025653288755314
30.71001757760999 6.194148993675666 0.8930076298579491
13.78538013891568 3.195469123868024 1.295644436544585
42.84499748742441 5.435026290563413 0.9237077524358648
43.47153051871412 21.13487893302687 1.11879858637385
31.81157152299377 14.04420049024941 1.037087225343189
9.227368392621804 16.27573589760611 0.9241831875291834
49.45101213522769 45.71421616650849 0.7370442534490813
12.09411244331585 11.79879644596893 1.029080159669304
44.22543283143334 28.46997510430868 0.948760138689419
52.9645054596311 7.27303301043484 1.111099339046997
5.699585517262847 55.54278572161812 1.07145980019597
52.3069037014185 31.02038675920124 1.185349348659311
36.45541304976466 25.83421050842582 1.208600422541808
2.286780095327078 15.38346649770786 1.218053656807392
29.42766698795728 30.35527713473666 0.7128598618495113
50.37408751592696 43.60125734871312 0.7888019970524496
54.62389609712358 36.76223718922689 1.043135185720449
51.96965598173889 41.84932890201422 1.028682551261451
49.12236193899175 26.63362924039067 0.9700871137475118
47.43959796495717 33.8797674686088 1.085272361728539
32.42255316368423 14.05196743973157 0.9662396908614156
27.15957021487857 14.78523315339593 0.8746585472985415
31.5890003156797 51.42611675030837 0.9656916666913861
35.10262953867327 24.96308783160666 1.140739608450107
10.78818745621861 13.3428475611577 1.309869364756809
42.64596155362482 8.412083526799494 1.058373635302377
50.26141242881371 1.33729699083478 1.138352375653704
28.54977892364831 42.38377434126277 0.644611578223405
19.26354180987158 46.71599002262391 0.9802298241701791
15.1285603177401 51.68609497355581 1.013330312973994
9.471328100409046 55.97182606438726 0.9760891538956519
48.90311382380459 50.09077176223079 0.9983754993515558
8.32768028337866 32.94075367829797 1.095393360844214
53.01456290903248 46.35505435585745 1.050431306114854
32.02957202542088 8.476246267778913 0.9724318541879469
54.14028368477723 3.579350922526489 0.9754989710194568
22.56872781113196 13.12356241891326 1.161663453836832
14.8271998855412 37.69728812887207 0.9316010273637574
22.98541866149074 17.28098549287812 0.8571205793600403
17.56698338574124 14.88853245875264 0.9037416430668385
28.79009601836563 8.209881368190926 0.8794105375562919
42.08093322491317 37.11777630174429 1.157150306663121
26.47283065760174 49.91862803600664 1.207185866659377
44.89824644611135 29.1707325746169 0.6721809540816015
11.58932655285547 22.1140028737085 0.8734951246900604
22.94150547401118 5.449347161897154 1.078925083429272
18.57290958081042 5.052412648709683 1.086882346460799
26.20752138747253 26.38256697327949 1.179285596818237
43.66355246615762 41.21455340889029 0.9579580858977635
7.081472507715911 54.03530969472384 1.014840004922164
5.245191062914762 40.32494475474812 1.05383945903803
15.98934482782583 46.39582610940366 1.234725586235977
39.31445411886762 9.318687255177036 0.8809817512400919
14.63290803350178 26.64703664493143 1.118826397890958
46.00919116987343 24.02109409310906 0.8280909103815131
4.720630122684236 11.95069661734192 1.149763195752122
0.4609298759423801 48.04335086235933 1.006198812649116
56.99825558764779 26.6684512899576 0.8736077442685345
18.86139133892087 4.089470248711049 0.7116547324566074
7.860378940059048 25.94286384663678 0.9174464417764651
52.76579711575331 10.84977603370779 1.192319071712176
6.265952685971723 35.08025123462092 0.7793616631743402
4.727287853009667 32.60023082913842 0.7581604096808333
3.505487994991936 50.7364790228831 1.004156424166825
3.171961030071583 6.148105516167407 0.8397681823088272
20.13511703961301 3.170216591176678 1.313577908520371
26.81604214888813 51.67794814504587 1.149384355529967
41.65050512396289 34.67642111548987 1.222438036416115
40.78081158538387 25.43524436440097 0.8772261919219946
49.14525607374742 30.21014681002598 1.093777036560196
41.05992284373377 52.50497430400223 1.101365394232671
22.99130439757896 4.228386132618592 0.979733872006553
36.82861696175701 19.90932301846767 0.6862810385118983
21.45507124692903 36.44994188400448 0.4303698265024617
8.541708061258174 31.30740216621543 0.8470533951248523
33.29035242986416 28.67682512741388 0.8106532016808101
9.237859976123023 4.293660906280233 1.058363207057034
3.784857354492349 50.88836510008591 0.8805715045173559
36.66365016748367 22.75089358061128 1.305404289287607
49.84091371057598 28.8089062146884 1.034956835543596
16.71995937764643 37.02096323437102 1.080820963621012
34.58490957952333 39.71126377522538 1.092376301686167
10.42985599927132 21.07796630220393 1.052370097318385
13.89806759492404 31.88492727274305 1.140618300597264
37.74644137488047 50.81852965467541 0.7492066322617245
44.42443579920774 46.98430135100349 1.154785809725203
15.6149624733324 20.53631659203037 1.223147561738993
2.833166136794335 8.455876157365681 0.947605854692023
35.81516973525992 25.12072101241011 1.051318467768617
48.77644595959058 20.06451907570684 0.954097699535762
41.14248540445347 33.00753318379053 0.9836064470130745
34.09122923160495 41.67039359066188 1.177883622972574
50.74000983812846 34.38195281214172 0.7557916970817675
14.43592992817793 31.48645121300893 0.9117097554069045
21.47075253746973 26.31267300123008 0.9990073257646434
50.06965885454307 5.343418962016431 0.7917481828416325
17.14049745869846 18.22495836076558 0.9716854506992105
8.022318195096366 7.676308918127934 1.266133367615377
32.79702993053805 19.06658647817866 0.9790067335323946
6.902007006063129 51.90649554594722 1.178448057760295
27.91402870319506 55.36411766864551 0.9340139413938868
32.71488597463578 45.95507061805347 0.8650431746504652
23.33702340365249 48.91845096178281 1.394787728098437
0.9413469726877971 51.53750587046962 0.9589043782582006
20.850178845157 43.84847549062617 1.150390406009679
27.75551849871665 27.24512437602744 0.7906993841361868
14.86021241352903 44.49555426533127 1.105444233110116
20.34990314224265 42.15035295865981 1.125790895429845
4.216939410295775 38.23504917520799 1.014459036741453
48.05342861872791 25.48982787387903 0.6459088554783584
23.85394551598185 4.994427507274983 1.028956467486805
7.922527913433745 1.336466523044028 1.324708479441274
50.25491748482683 32.39067029272703 1.347038406099227
25.79705716101316 44.03373412090993 0.6245766142190352
16.89236038219759 26.41530635040966 1.304019322013908
22.19354238090736 53.3655964524325 1.183658982438958
40.86115069122107 2.438803716767022 1.227355910506596
22.20410772655351 15.19419283382324 0.9943016883041605
53.42924203557393 46.63916540827563 1.074240726485566
51.91087501072831 25.70878356821313 0.9249515192229482
30.7032111020308 16.52915061708966 0.8466419907602591
20.10128704975419 5.152534395527343 0.9186061365586615
37.54320468825437 16.58575909518905 1.103671630720057
0.389938628948265 35.34597451768163 1.020539542919611
3.904262819282833 23.12535545701411 0.8350181650920363
0.6874545643513345 26.09780520019019 1.219106457659906
6.151559968083892 3.352102547582287 0.8249487009882303
42.21515890872812 28.3556676946374 1.202742194483097
54.77671483148668 14.97553741697945 0.8359439863788196
30.44006110655147 49.68758984221499 1.16802162418702
11.45241034238246 14.38753206068069 1.194111195366138
55.57583442729704 31.55369739213665 1.181052458536161
44.90990192671767 0.08327114446240996 0.9091933892931632
5.950295403576593 45.29984058220863 0.7843574770926779
19.57198879615031 39.33350848142687 1.091577288722421
35.3086459619499 20.25944336050164 0.8721344099248811
29.0518531063813 40.71525612273964 1.209746844418063
34.67353321736378 2.491914186390077 0.7050848507286112
41.53859799659746 44.85525628079439 1.142565840667152
32.74538626323705 40.1144323973518 1.106596788359175
29.47896873228204 7.318855573106024 0.9592576037278293
52.36872389045019 35.42926413585863 1.012995644808992
47.61255464079443 15.19068492492227 1.136397808994901
13.1314779809357 25.92120060274434 0.7520659366126392
23.72079844759814 38.48592683788665 1.248395819043604
36.14566525916833 24.87249884003424 0.6045766556918453
44.57049466696125 55.78873735237342 0.8913342311701182
5.799462646618236 22.24402785778233 1.168052218580656
27.05756486582456 16.34726832357574 1.14202896068115
25.93368193271276 46.46651853875561 1.173789235475511
37.79941443297984 24.45446941510517 1.044410838307434
7.594755192098559 50.93089241391555 1.053737492457176
15.49368402338293 17.09646843890495 1.080821799105596
24.53081031540912 51.63934928255125 1.079883010072614
16.72355580642985 29.53946191935775 1.04725738242445
50.05643188723197 22.52301845304808 1.035516594433663
37.15633296135642 31.78289193044551 0.8773638610502795
51.7326401610545 6.090014867526486 0.8548542303487429
4.502665505978588 18.03478455452005 0.9524549548711182
13.36680608446095 38.34458028028932 0.9484508357207185
45.09711290481366 56.17471968670129 0.8881930618428575
4.078493491317375 3.590796901653892 1.002795217275272
55.23014618420515 1.240155378002746 0.6872735972766579
22.87699834158504 14.9537019640923 0.7002782690488913
37.47672044368308 25.56310707450058 1.05437051265928
10.27051362826979 42.20204748176133 1.03016558154892
5.04648025056649 1.019526936588589 1.077524250272
56.26913440938533 18.41328633502744 0.8464022546633601
12.57950685246825 45.16315691227241 1.088798500158962
27.74159921833389 0.6766197307392116 1.052480782462936
4.267416658935796 3.609064671494563 1.250349682301457
3.429396489835063 2.497562816598249 0.9865959507498763
17.45126480723324 35.6288373468578 0.8554816409984993
42.23982506023712 54.92798525091632 0.8695794790639707
42.93718525159041 0.1149720917991233 1.074500317411847
6.821542379828888 39.45404668220041 0.8177082367863396
40.473573618789 37.61845632950703 1.107951701966459
30.28130899196552 22.83768080912422 1.088774689424563
11.00083769485394 18.0680447523799 1.116380007634281
43.53743557517297 55.33871429382764 0.7903981658187977
42.42583633513462 7.863753843523448 0.9305977076160079
8.681665082313895 46.617780756493 1.55910667394153
16.44776910005499 12.23889800498211 1.083527778613236
10.89444812987673 46.72907809202051 0.9588025730165173
32.58989390991157 46.07741653550296 1.00993207483256
19.28893841630264 19.12732948508455 0.8849885593310901
9.932181692650627 46.3639097415674 1.112145172020599
8.494609856742718 3.234596743357646 1.013388288684121
13.98827660129791 38.58674503843614 1.126088405530471
38.98229251009519 22.66994168361181 1.288620345454706
14.48163947206067 25.96272985821717 0.9938454461936066
31.66766274611822 6.408309325765963 0.8801684185136642
36.68430115267834 46.99024545447447 1.009763954317563
15.67188513729343 47.57874928255507 1.136681093691488
48.79964294647781 12.30921742986386 1.050494547873745
39.82588046036003 11.08858133623776 0.8019399212856266
23.26565724111425 41.36872860759903 1.462335380129799
16.60592095162995 31.76026709785697 0.8846216036575154
5.878805737886021 1.591601952254587 1.11809290925395
51.35357471991031 44.86109824798121 0.6769406705351566
30.21748323702136 38.74318313446975 0.7695563750798546
48.52083034651393 4.885145956596893 0.9161570576688952
8.318133088908221 24.83579358637137 1.216898654549184
12.05355210232248 23.99001822620166 1.116555719297962
17.73848215105873 7.214185762318869 0.9247672160690992
4.082093025595924 0.5643626114187588 1.176032209591438
27.806373848024 41.56842436621358 0.7442465420803446
19.88736854814336 44.41229482619664 0.8822333545595402
0.1791244545854276 22.20749717541388 0.9317743207158238
9.082295851354624 51.53269917449574 1.054823528434988
17.0907996362498 40.28607863387376 0.791389737111196
15.08702262169077 8.611629982763729 1.12103279091018
28.07430866829786 42.72848875947692 1.010534030407892
20.47937587903784 43.4888515372243 1.276623842032607
50.70303729954317 38.5834574073476 1.170831932328502
38.78222064151532 12.0058043980998 0.8528922815582832
53.57422876431338 36.98946586949261 0.9113381891605263
54.00088931573596 12.90292017529855 1.101279313159494
48.71271294481713 45.17901274756483 1.026713205538242
29.90629513371098 8.803512554524239 1.251449270826334
17.41514253728797 16.63631591882385 0.9994677994159203
48.23183286387093 48.0900791944424 0.881091228775795
33.81856792737663 33.60504945069787 0.8011561451470631
5.794993016307704 11.31993228258562 0.9110251866395327
6.193722585306373 8.078063478264056 0.9182335521393769
46.99495288077507 3.194611874499643 1.220612278960998
0.3746256448210337 56.09140103081772 0.7223839220375594
31.03756824277228 49.08733858963816 0.9285829978613893
32.3718210255596 40.16901399575594 1.143178468296875
9.396072849350084 45.49749462376232 0.8239013558961495
54.53457308585503 36.92545152871192 0.9443108457884151
7.768178833540612 47.43796274924556 0.7018400131129316
0.4434497074426383 39.72430223632804 1.162540069873554
27.35007702575534 47.43840258821771 1.10666816022477
24.91351521104272 43.29353978219141 1.07755707404081
47.42246171013566 55.951083453815 1.241191991812618
2.894946803755568 36.27172946290659 1.267987426975279
50.42838054216857 51.83212796218326 0.9898830847487134
35.00114193139651 6.973795993707048 1.097720671233951
14.29769616494779 37.47629743277854 1.053432008774811
45.74644595046828 47.72300985628879 1.146686267002465
16.32569174157721 53.51462478400889 1.136958286182266
15.78663830495749 38.60442228643429 1.061956051360684
32.58057360238422 43.13671535725553 0.6528127788480134
34.46777603657347 53.95634008569473 1.018845220564509
4.793027468860628 24.89023772016644 1.033457341202262
2.583113129056577 55.8023703432653 1.069951523452571
19.4456352770541 53.01149369776784 0.9427714519468453
21.81169523895332 28.63564021030238 1.110374205448782
23.99715438857542 36.10939140390111 0.916273771018113
15.5096315902237 54.85838356700651 0.8565290176936301
7.908600988755283 31.8353233318009 0.7843360251455193
27.67399585418124 0.2721683002413103 0.9552170120426179
53.29636196014302 56.71682072883324 1.078916813440034
53.67316078798527 23.56468350885654 0.6609173479795255
55.65437569034024 49.58058427440961 0.9766200835129329
54.24898251716466 42.01745287003808 1.200737002621407
43.20758299492653 19.06067772957528 0.884835552041471
55.17006913347639 22.765030670336 0.9065421537962218
27.39032854251113 13.67970069715739 1.223007353725855
45.51502405550099 14.99642250872982 0.7416451302861161
24.36850309901335 13.20661872681539 1.143255939483395
13.4787870270567 21.45243107176033 0.9796522042143787
51.75931965548514 32.25044306705261 0.9121690116079315
52.10843355167118 32.39601925592684 1.047895983068045
31.73794044588596 49.35741604229315 0.8151699896112959
11.41809374532574 31.06656515322 0.8058527061579833
28.15026077122905 9.588162852259428 0.7172635520809281
33.8395188450066 11.78288757837512 0.8660645526965401
32.45143251654293 1.20802191747726 0.9605324253993702
53.25052087067185 38.46829335878989 0.9950326905550564
22.05993267337788 48.00984049961429 0.8653416023721759
39.44232088999931 12.53386294866626 0.8226558938312252
11.14744642104369 23.45538552825124 0.8812305220935654
55.85140478417809 49.82551926692273 0.9444042819327189
55.61329598846533 16.26487685705762 0.9196637675635699
47.33144201027762 38.9213034258789 0.9228811688819603
19.6195525595078 44.16303780729093 1.208029908015329
4.618047788561344 14.30141155808298 1.129581413935038
54.67030371384244 37.06948030510427 0.8838894239293861
37.67698193326452 11.7599543196894 0.7417306341827991
4.128103351280141 2.736914580099711 0.9802197315877579
20.01341629541173 42.21211568276031 0.952225409676248
30.3807027257889 31.16086271645542 1.027062813918278
37.4167426626276 7.518905968646941 0.9731212110706385
41.29380078720572 36.03003862455024 1.137666194492043
46.06142833179861 14.11522483598218 0.9724477833945607
33.98614686773445 8.680980864763717 1.191666001465428
42.96579073693873 44.25888461445406 1.002305414551912
14.89851068002102 23.64277264366055 0.915828104887364
36.87345380842381 46.39310354571468 0.9933185468548682
44.00074938312208 10.25415653421272 1.108835245201144
1.722438054495695 0.9707088982550003 0.9642171646716966
3.187156509695182 43.0162388682441 0.9342337443359613
38.08108228355697 26.06217585460384 1.365624699734648
41.08616419792462 15.06722912474872 1.245730246077499
29.51526870555955 29.31155371959859 1.110652424653525
48.2607372464895 1.264719817910679 1.232074969349732
45.52360443236474 36.4487650606077 0.7183525503968231
0.8693006005460865 44.54244333996552 0.9963430238688878
46.33107704032728 35.34883290033267 1.078854803715347
16.64209139656373 33.33182639690667 1.096932894073092
29.0000769644976 47.32542748904108 1.190642970441548
38.16676655698883 32.18723347419279 0.7054418727097787
2.158172809592529 14.42274861429946 1.138026045073885
44.2296899609406 43.24433700751715 0.5934655831208836
28.60876382217219 2.005246444607734 1.061659348747496
51.28440039990674 19.86950104211899 0.9851337930997042
54.09602902554722 48.79357072142584 0.9703857341149194
52.28341981455843 54.965329652636 1.139332285780389
25.21431747694235 25.66709107517595 1.049050703623877
29.10763175371459 41.85640887350608 1.14622634556379
8.036048650758364 3.219233062686042 0.6227285435352878
6.18622788423031 41.37771498150086 0.8280182893721038
55.80046359580032 8.616437076878006 0.9393047373098889
51.58873772788269 28.2904413348485 0.5986758006235272
30.29568777945623 24.87368413055022 1.158129254509165
43.06700256563118 33.56565404197465 1.169937181477061
25.3592247368578 35.99175867251668 1.177882627199441
38.1283612172717 4.695238771706465 0.8302205959931938
30.36232984688241 1.858189279613173 1.009582336815232
48.19908756772013 32.36124729242234 0.7971739761123358
6.360241702459865 27.60485911863151 0.8812024735532388
16.4707871095607 12.54646958669018 1.106827904599622
20.89087028051301 10.78303766938999 0.8114330176554816
46.4739713554615 15.479607981853 0.8169377844468771
38.67710950536519 12.36916675715203 1.229425509300633
44.93693924319788 24.74411207099637 1.001985930974448
7.907143635632072 14.29404553598447 1.238331476371403
7.63703677367281 46.03550485290378 1.205499671107344
52.37818352057514 49.35161415457335 0.7800924665269335
39.24578363226996 43.57727106175258 0.920469804215488
56.82882513516994 31.07310312291286 0.988713236233874
29.41945319223192 16.29961221818794 1.132490239291673
54.15714649677144 7.51044299011605 1.155262096801622
52.18506493521159 43.63111785223294 1.277305164993965
6.694372938337909 4.667160477334242 0.7346660288720398
46.62771067005941 51.63131218153579 1.397106898431145
23.27659028269192 37.31841618396268 1.051238372086817
49.85657700517056 30.91362708290742 0.7547353142042011
11.30122138247882 21.73210450435621 0.9683947997464732
4.197475414349453 50.54700501474878 1.0040547262401
52.36159908834919 8.138200674736034 0.8004871906381172
2.98343995771531 24.78105225403842 1.217356764650221
9.183079519860017 21.59495938969541 0.9512266900971749
54.11345565743439 4.368144428528913 0.9334833380568477
38.62668836797899 14.92045015372357 0.8393908494171831
24.77066710673769 28.25439901149571 1.033532954685261
34.50035581248829 56.67350745930965 0.8320152139400152
6.741979674316002 3.854276796269359 0.8934667387216243
25.58638130062557 15.71684413343521 0.8270023131603879
11.5902060715436 33.89575686673436 0.9348836927918789
42.03395754147039 47.61062095249567 1.048734591391801
31.73285741393122 9.471770434394372 1.22101524704337
31.06672982408978 34.32708925070571 1.155110797641125
45.28408136232015 39.29280703947544 0.9936706585487096
54.21325719319901 22.20126296030416 1.103272380188429
55.16516874179484 6.765019475372983 0.8892076442250182
39.59337209332426 53.88355840131806 0.9570509515461436
4.655606628700908 46.33535176764026 0.98109827806988
31.89181950776457 18.96875889597868 0.8165112861293116
3.219973338404658 19.51900047600223 1.242219240778646
10.1296214019552 0.653421416717312 0.9627079145226979
54.72570131426943 47.34325499522652 1.006714522145028
24.67034421938953 29.8534397128287 1.30008604597743
11.08523812474927 22.100940072956 0.9055231033339527
2.911477301228548 54.65688688664552 0.9418078832505296
3.568963970322611 7.567083929929455 1.148440220300566
30.63101563958033 55.63387878548069 0.9691191374093909
13.33955034815685 33.85098897798498 1.197077857144984
22.10491983131735 28.28250063689542 0.8104863650645641
39.91353582074564 19.83062114558677 0.8729440869080588
48.62305225740329 43.29609985151146 0.6876902975802703
54.3363338575402 2.708290382152558 0.9849253538425801
2.384648553274874 54.94139868064849 1.145987285288358
23.72718735352493 5.953612523597485 1.009329914014377
5.090217433446188 40.89142733108785 0.7732654323096244
27.88442064723206 18.42976778160304 1.165446710768709
0.68988213254599 39.84733611384748 0.8985130635195473
17.3198005190677 40.60341795329164 1.022830838327934
8.086312098003138 51.30100951683755 0.9208200338911345
22.2416560027011 5.422645929000641 1.009307372499086
2.523189176583285 8.016085546005558 1.111013703881289
26.3379388583535 54.55311058254592 1.017275677891565
52.49450923665171 0.8135733664099003 1.433576207607884
34.67619996176855 1.002991820686959 1.102488659199788
30.25353370898102 16.62321678112411 0.8942041593376804
28.82803895782122 1.137954329670386 1.200593662799576
47.17525423838536 35.74286669527314 1.072742338708284
29.41779132765615 7.495054757453061 1.128227143048683
43.4406109086427 27.43259674656791 0.6735715138679408
26.39675807738526 8.682266884801102 0.6890860388603199
39.32096281196967 35.37843187869453 1.265826689555904
31.42214349583822 8.658901670323173 0.8091364391592776
37.38148908195155 28.42605164480677 1.042309042222394
9.322102875133092 15.05768901717741 0.6139102803459577
2.994300643910794 2.682577147932061 1.046919414960547
37.47831900393512 31.82233960173202 0.9765336277919925
21.39279481554068 50.9957857425305 0.9553434228789973
51.27417026193541 50.81058616973953 1.246426813923943
41.05305163052541 52.30309280767249 0.9611021173415663
53.61371829342736 16.90829427955127 1.188542422135116
52.28672615824581 50.13129422680069 0.7517054988943489
44.5935827757202 28.21826856640087 0.9900365629129502
56.64432023775034 10.96192661065698 0.9240779773268695
40.03276087484917 29.07336367670138 1.26692603212671
31.75594085117613 12.29534783740311 1.060948413477085
17.84940112049198 35.57647235532127 1.334853018773649
29.57225807130908 22.1008216394581 0.9790105476218881
33.05278207922949 31.06309857129263 0.9381778244561098
18.9945499533762 19.77432812739831 1.016820654430791
54.26220959064653 15.60826822026086 0.7715120979001275
51.54294932565789 31.96934856519538 1.149228509357091
9.102654521867006 39.1365320748354 1.192195119250819
31.90530101950527 53.52143372805856 0.9299477224287163
33.1714262730309 6.661241844138709 1.13194526680872
33.26302332955553 14.80997224422636 1.222587497456242
1.744254582442462 9.315805382242335 1.095727211774767
11.27492219175907 7.867620742352503 1.185496610239695
0.2398592067136705 8.537131755862912 1.301590132124451
24.50849207747192 18.01883828827126 0.8200978793340097
11.89183015231594 33.61114659933892 0.9264872604741536
17.9113846001734 9.058029698234996 1.054888239170531
54.41133904988475 49.81668561967867 1.014225618918418
56.47792746381737 14.39624499175523 0.8434490822028649
24.60359268989581 41.71564163673466 1.084442420591851
33.24946362304011 21.45734356691006 0.9084673922115371
53.26630546537522 33.48932282975377 0.6381554691940432
13.41180441687433 54.50296742678758 1.06174694415487
37.76103271625984 25.30363459573297 1.338934576937059
40.38308187964516 18.46773882977093 1.094092576012983
45.18337734843762 1.294466453275861 1.284135936980826
51.11115209949722 33.10523195429948 0.9803604297646259
16.17748166815261 50.58907953677191 1.088675440171077
35.30472117350656 41.5411548807943 1.137200075739932
41.64769035095707 34.83033505446759 1.1161025164614
23.22901972440491 13.57455099447377 1.043918128936786
16.28745529301812 19.49532516323744 1.075542189886748
39.23751959122602 3.475678241101875 1.078864084540113
43.78489804257867 19.99855230748586 0.6620591422582041
0.9149553603096657 12.16239468993731 1.008904002136154
36.36675084539072 46.09833273528997 0.9214426727910046
31.69304908052694 7.568013216167695 0.9453083494372633
39.99775132769614 47.87053074867955 1.004882568480346
31.65160508018527 36.46181392644616 0.9332224235667179
15.04038312800246 16.29929540459965 1.046912396778048
11.12940713070771 37.52116867877597 0.972071602573668
8.940021520452584 27.41686242372583 1.174321930061059
2.479573559239308 3.48369105555289 0.8087031239850586
2.252565714182595 31.25888639607415 0.9075170402745865
43.42128108601145 0.7494538900207047 0.9740164123752832
49.26585383632493 56.87814225576732 0.9611163815855206
7.446155445392316 47.63972456457081 0.8214009667827642
14.82943363898873 8.603248198331915 1.194759332368687
45.06506212477808 36.17933593978143 0.9202697542504272
5.780334123773656 2.357211052606446 0.6939169241272969
39.87837975792511 40.48482795967014 1.080409224747727
44.32660367820719 39.89487359993852 0.9237418174533625
22.14888700663526 41.96829686358957 1.034238759955537
7.509087746734306 24.40145274736055 1.009954646578778
27.5689738483955 2.648464319132485 0.6881714741840592
29.64124470792769 19.83482765817774 1.02142471032297
43.79373054848692 9.972762020292116 0.936643672705939
27.92294250937316 1.623164160932956 1.14419575217146
48.10420290664965 6.641072343402111 0.9304053858500428
28.24123123439086 53.88453703042331 1.097817770882328
43.27086563327855 1.120881910026484 0.9294054718814387
31.7715367273295 25.75958891108613 0.904056111421794
21.32187648132531 26.95506900779673 0.8923846529352337
41.54715716584919 48.89085032972081 0.7192546823045728
11.72567796135586 32.13013990182902 1.021647604872702
51.47161979203653 55.51940850984278 0.8879401098616738
0.1425726707757323 3.678912140745163 1.249669190577505
14.45645756947643 48.24677557742539 1.096241099124879
45.13131258130601 19.31826788015583 0.8767641198843265
45.48372647747571 1.925590813125293 1.043607729082695
3.046472723151777 42.966467761419 0.7681323066925654
0.5141809687550091 8.192751324359678 0.8392296695588585
20.84811767230188 4.208767950166375 1.10607726188174
38.19713575122744 5.395274811608379 0.8484272046076597
42.93080897998568 14.0552964243364 0.9346316122602858
6.344704724543125 28.03371090210682 0.8580699610639805
31.71262304285198 50.90631629522252 1.051257801169995
54.73405297274424 42.03260752699925 1.219001455774019
4.350875380612386 25.08773155002283 1.123546380417699
44.79095634063285 15.54580641470189 0.9014515848177447
45.60793364821372 49.79570704456219 0.8068120401392342
25.27357284551187 41.7075519015582 1.037304828979207
1.912545902148143 55.87755286734437 1.043524643389561
17.56089597826865 38.36240462789424 0.8914239478328685
34.30612652157718 11.87272599566389 1.016109246002401
45.96424870982964 38.65700190218957 1.183947783045579
54.20280834343415 36.80278115337844 1.296141140449645
24.59263406116172 55.71508251955504 0.8287408184163965
40.11424816451699 48.75785702315991 1.304065154729804
43.50111245666682 28.72218178618801 0.854389382754318
13.42973368774621 45.14994016389825 1.113644350045518
56.63193477999043 5.962581804004769 0.9424786515116679
4.840134644806448 52.23802121832875 1.013181588863111
39.90688531003282 10.20496488092698 0.8782310027827371
13.30384806324907 21.81766670794118 1.146326296405041
27.04833220227078 2.268096746536017 0.9949664980370588
27.23875022783817 39.50680758455154 1.030998632555149
15.72871357469294 13.7398626579623 0.6430629904220623
45.43221780631329 25.14648268704605 0.7225874757159195
30.62130486249053 23.10934301983069 1.386127959543631
18.34736423815944 9.597848626132052 0.8996587368872323
45.66640438822396 5.858904424523424 0.916252978522508
27.6765711590073 51.82178703500973 0.9882363351827468
4.238349171466357 31.15123976913804 1.233601820973923
43.87758674699701 31.2212761161948 1.045361543936144
12.61300415620813 14.11633694829249 0.9970469465603913
27.85619960625479 24.95707304494319 0.7244020705607155
28.62399537331611 53.37074753985309 0.932984121651218
21.51723020035644 23.23710093937679 1.123656062615914
40.16555619946008 48.20819354299837 0.9749366671493496
49.33519723328538 35.04839599460755 0.8186810672643891
20.40128403687909 53.57354640475174 0.9387947007945299
36.83519732013121 41.02835243336314 0.8115414279225207
10.87400837143604 23.71278404058553 0.8994144654772502
37.82912098887801 28.97771222376158 0.7341314525545446
51.82873028508794 8.685320568590109 0.9796586746446959
5.056068081900509 46.55058137213373 1.102506265258691
40.50893881149075 26.57329828225695 0.9259465269263603
17.78149182525533 14.4862227316416 0.7588746269924049
25.18741539548497 18.58753399438575 1.023859629135955
44.16703099625513 54.18636477328202 0.8609955713838329
10.60763622569276 7.568315006591527 0.9480920872262406
29.80017579989516 30.59510847162228 1.132923234800323
3.83562439625879 40.6741841713312 0.9776613379649711
7.161196672432681 35.13701350108581 1.061235186176393
48.06296516957831 1.989926957520622 1.120948183788417
25.44265261592467 48.87840217811912 1.112330980338257
34.54833175733142 8.951591400872726 1.161244321018907
32.62608641182356 36.23319225908871 0.913982266363813
4.822236773940845 0.8135017807658305 1.265002807726835
6.859769034134117 43.98037829062919 1.095737956844442
49.55607225632112 0.6196801856251807 0.9552663447422051
31.21478865724746 10.62327464978363 0.8419088574723356
6.030432174462095 28.52268114291256 0.7334591867887985
6.659694617455683 20.77149273863597 1.021042207917246
15.18155583095809 50.4820287136743 1.081095818185145
42.36043086525073 43.31757490770779 0.8680258693058202
49.57579984775549 3.81213127254142 0.7726719570840561
40.04532355817283 38.47582572394788 1.355219793123421
26.01538804034488 37.8660497851046 1.074534077356368
46.36850834282512 15.40987926461263 0.9841248708006793
55.62867925764466 53.15615859634995 1.051471265865633
6.779433246133585 43.796559495291 1.355006104459235
1.366149031261983 36.48796084173394 1.005571737394065
16.57163867427578 30.72575803181425 1.213796299620477
10.47568628586628 42.58702671462066 1.080529142475712
56.63391539577111 34.34366510964169 1.223144331677711
49.85549408982298 55.26259462687307 1.373572290918502
28.1060625152225 37.27925692558254 1.352126316366703
17.41818082631481 29.47221154648448 0.8239248946059723
37.49805519520215 17.0266713476864 0.8137804565914417
32.57611334164446 39.00592755759411 1.368126882159963
25.87423073215141 21.40163969034406 0.6864410965962588
22.73981837636783 16.55466520579283 1.059119924382703
47.28042323760708 3.877186564671428 1.119763232123613
24.89848373872157 1.872231027983237 0.9699636209778776
36.31784585319359 5.136018231108793 0.955794338775847
47.21730558863715 29.17333991647388 0.971327830413045
2.794961247497686 31.50467537320437 0.9075262517142221
0.9963861671259562 20.21314210035519 0.9658808773163545
37.61951126885577 41.4749420883483 0.9220681595976304
34.79027528212884 13.19562461050024 0.8823749132822722
44.56569054562863 49.35510037809382 0.9760539017803572
25.24728305090558 10.30550889545377 0.9217915245606084
49.61696594609737 56.19018882149373 0.8444737927901739
22.52596986783946 17.51544965827626 0.9988625448751994
30.38909016381441 37.38026567612787 0.9338690092621723
33.16409098737132 20.60639572590888 1.075906394681096
41.32352499399499 12.34856681355674 0.8216290066867216
11.06737919201487 42.31991118766364 0.7263336972929166
3.08351509556338 13.18122018276771 1.082608118455498
56.51920820005201 37.87379040423492 0.6018437664323206
41.71943373825375 13.94253531235388 0.8462982841280645
15.35517814446016 9.966716762616633 0.7005167046919579
28.61550009232736 16.86501015390503 0.6993216518221819
23.45513252329786 51.14146996016682 0.7752631179883168
22.16954268988666 7.769549975995696 1.331845217776913
4.897817995817316 55.33363370380068 0.7140584071094758
34.89633752261118 12.69947069589955 0.9974750264727135
26.79999037543311 45.96371674116874 0.9656933368915648
38.97668735681879 41.91976426538069 0.9822000722440246
26.52726879274811 23.69612109507253 0.7157939998410303
9.147390639012396 5.278337923473836 1.272245471439733
39.97535396598995 32.60252316231026 0.8558575749473897
19.92298425078531 53.5013094560715 0.9792851526465354
19.46931703969339 54.81932179993918 1.066291489946475
43.78303851456523 7.220161982448847 0.9280009058040252
48.63100673101424 47.79102131435229 0.9395734196965047
13.99586738692404 47.95598999315686 1.162571456456891
5.727927991062369 47.6587052711559 0.8596224605132292
52.93704319462974 54.04168774468903 0.8512873439859465
47.47784181892771 52.3568510782704 1.116915117931194
16.94620165179773 39.52286525048449 0.9136662261433645
52.61581080528713 36.86918590258303 0.7671114444400096
34.68850767597952 45.22495483198434 1.130623248045915
4.354435260107012 21.47154616400206 0.8045944752787487
43.20904854974199 33.15418883746219 0.9897331962665596
55.72249472594005 0.2753823018983855 1.020881937817919
47.01638897229749 11.71457151636229 1.053871453318109
29.10526661393478 6.962590597552523 0.9743178905650632
43.83177652667825 30.26161144686007 1.154526937965031
39.80620523765972 21.52028417611508 1.187263088604788
42.99183036665983 13.9316830401922 0.8802637394427892
40.14608246234529 55.25439784501418 1.182530825724414
4.835177584474524 11.76778088406091 0.8668491259731055
38.55850916009327 32.26143843087435 0.8586436223736418
8.415627241793846 18.5540650647851 0.6717061587693935
25.04294001173365 56.44513476241619 0.9061757512589896
37.95248404888086 3.229991904566992 0.7664109009999341
34.07458157468335 10.05775063627295 0.9976776740833965
34.77882802895216 54.02435905534045 0.7738301150982747
1.573629761847495 17.58503326661188 0.8056961900673779
4.745673737835919 4.53647354502998 0.77080465876139
33.99187905434141 44.8917562267239 0.8143509842848049
6.459518728060424 12.75571596378261 1.023988452738884
39.88748737885034 26.29108909344817 1.160689566535726
44.84515415823327 5.56621365880883 1.07321807509471
47.74824938306038 1.058757090502771 1.220233608364325
4.288748995069763 5.000805291813242 0.3704843450472951
38.75848404167149 14.48133152373197 0.7190908931210639
11.50569055252974 34.88645339519086 1.11301523481931
34.12234531069284 30.05033378398527 1.007119229659095
34.58680732901525 31.93852843713878 1.018159666711199
26.75977527525265 37.37767871905942 0.9394551227331758
45.00372766703541 33.08978503574141 0.9958899639415527
13.71269801618191 27.89121504588575 1.169427454814829
56.80218537515131 9.942579023047619 0.915805101969253
48.28478535138294 27.72840906573851 1.092459540942448
32.72921435755175 20.40179644357497 1.038957553811541
10.05486587018467 9.042037964352424 0.7885510723010843
43.92849135954329 14.06145379834876 1.257144600629921
51.61089023324237 41.87514074234065 1.003805402004189
16.81366917947944 22.68924812213017 1.133243934907312
9.575376228231645 43.44393548716043 1.089531222907179
19.53372049635915 37.35892821725408 0.9833366993939957
25.4703189411528 21.91459462554874 1.247444507253034
12.14062285988621 31.39708522911979 1.047375974233463
54.60722763073036 3.42540821126914 1.018211377844211
55.99894258426453 34.85470865241005 0.9380280487774738
56.6523364762088 9.053808427906507 1.111147719095406
30.6143648771636 30.82523797630576 1.211496621944462
50.65289873567079 25.22525508386328 1.139277369019476
54.4229526461209 32.51404789812586 0.9014124022186814
12.27161967813578 6.998328847809848 1.193274322122568
4.577432743076902 38.49170385510274 0.7513798704405676
16.27677806991934 30.04775168422971 0.8106722816790932
22.2687631795503 15.31962786955742 0.8423238445769197
18.97232955180683 24.3942574744086 0.9517635861592686
2.248966100275966 51.22250435185735 1.105693886087832
27.02508053743517 46.14571274358114 0.9529826561403445
19.9709507198869 24.46684799830748 1.003905010184548
25.86470049846205 35.67132943853332 0.9093105139721271
11.18537731011649 26.32083925899157 0.7485712523374692
30.28598199239279 30.14336066886008 1.036665616090471
11.63506449742013 21.51546718157617 0.8659697143360667
7.9111664196994 15.04136297807161 0.9555021682470549
30.5882843186093 34.65590831155698 0.7507374493078329
40.94319458116926 49.56061387041612 1.017576105847677
10.53188595340209 4.29913185969886 0.9337143789261935
29.73586680867517 37.55696649083726 0.8053223742540532
28.01666406961934 7.061112403898087 1.125142457852232
49.08712476170022 42.06588365047513 0.882882857041049
11.3867229094667 3.634747487788437 1.00858278281576
33.41586271413409 16.62541202112353 1.181256535794499
38.14087922924239 46.40932866950023 1.1094943038868
3.092290163083137 50.52802436124907 1.100711151028437
28.18393264626336 55.97608990919594 0.7381974494666882
26.24118832556586 30.23409840568625 1.278984844519026
34.53323026538511 7.22531914814623 1.201976481866534
17.33004076980522 27.97807486866511 1.156825365125944
5.587565052596649 33.48099492698954 1.196475450397347
23.85768293955255 35.93633060107768 1.213360277967677
39.57107808886612 13.16935965985496 1.261100599167472
51.86981787014278 21.06924031212425 1.009650739620617
10.47856895508178 4.312577034492314 0.9416344294290517
26.53872140754886 25.51146430965116 1.047097442325401
24.4875541923044 7.234339841750609 1.017050263346814
27.95675243295578 1.977006531775466 0.9538887382070191
9.202325679921696 4.337454890523784 1.03107631011755
33.46805756700601 19.97746089937979 0.9788010646239016
1.769260188457212 8.45147261836169 0.948913876964578
51.34292268582756 25.62694312800977 1.041442982950771
3.871348950486327 26.95888128176279 1.253594582022425
44.26577931794607 55.74116682062911 1.069266295487893
31.75186389347159 1.506690548968823 1.079632366164442
49.79864325039026 1.290585274477762 1.43730636027305
56.01323935483268 51.50570907746707 0.717243308730632
38.02613460832561 26.96999176124576 0.983666003553599
32.45997445958665 5.685041289164238 1.117719118512315
29.37100361956796 8.928032026592657 1.363663872697299
26.78995978543067 27.43176237700123 0.7237162032295587
40.68638380369469 21.13288244471554 0.9977271845020367
52.22930210280666 56.93005445549733 1.131084316436766
55.03306827835416 39.49508142075273 1.535464073089888
47.56788044775272 20.77979080741284 0.8555306668350293
31.7136704175331 17.58603527983 1.014849934696825
12.09174433075438 32.59772018231345 1.15385066223207
0.6969015070688452 8.574459939996926 1.005205387923675
14.25950122916116 30.00227253092559 0.9688487394910528
42.08490799324816 39.92200341770518 1.083180695504533
33.00775022339437 6.412471273174729 0.9133692693786553
16.99775446345925 28.23705229965833 0.9457092121194259
10.73213369386836 5.013746978255802 0.9106889225522492
4.092012587511918 38.71328130397633 1.132111203804637
2.493072084846474 10.15050251230155 1.03956983915002
12.24592828855195 54.06465768537701 0.9042592815794436
29.66237784114777 41.57431379173617 1.284701861120962
32.91213258584595 30.29364672596271 1.155658544088631
3.295919230345599 2.816097725097135 0.9102243893322384
30.09363720616961 8.533102920061491 1.148430040453899
54.45667041347207 47.69871570062764 0.8284417498352353
46.85987430059345 14.45442485038863 1.085761772832466
29.48524759220204 29.66790169415432 0.9667949069278808
1.216146980978617 33.57726017971395 1.093325659881058
28.2371531884359 13.87425508297712 0.8040440340254327
46.80348161459131 40.48308147698784 1.028926780100293
7.820754096294174 40.60129058295921 0.7670745395753436
15.25520763790943 40.73288668214012 1.07883049137971
30.90452047060454 17.19085653926751 0.7433744341036832
35.80249512139824 3.99815767677415 1.169084854410808
44.44556067765018 23.18062987280108 0.9786579102205015
41.19217629925915 34.30543495170094 0.9247663907655981
30.50783495442375 10.12030228884905 1.027087404535693
32.79584596715674 31.72398193540237 1.126005759945354
11.37696101114944 14.93471563045621 1.122151997831253
1.051284021721819 1.180442625740749 0.8367573361949334
52.59148734649247 47.11654416290882 1.024648598973729
46.97143791242104 9.486424602328997 0.7069080407881081
26.67728114159651 1.90543662752278 0.7925202256054361
24.87411603325704 52.40124062746821 1.192289642590206
46.62511166260816 56.21692519691629 0.7642891784339052
39.71901777187317 20.13294661703191 0.9130148625017132
51.85692855243428 53.03478995432835 0.8716319668504915
2.691892677774603 6.233889563583717 0.9913100066913705
15.73337346302968 39.27566868778116 0.9904129537954723
15.62585389596683 11.32486078297946 0.8414125001102841
20.81128538530846 52.49515435681452 1.006178037977138
26.47325016487076 47.48856655344766 1.090517584750871
6.66704288249232 4.471677601557075 1.061153140196255
29.39056168281965 53.29215457164317 0.8363029995059706
27.62444319372272 11.28202968802398 0.8722629547209901
9.060620212024366 30.31633587149733 0.8238121570331305
34.05951257099375 24.93025144093216 0.7715123687074318
29.41742848903752 49.79288603402343 1.04907891193336
4.117746790460193 36.59813295286062 0.9368269097762523
50.64057419339222 24.92903217576865 0.6664602243859502
15.41759870267361 29.49387826746976 1.142914278259057
14.46119050330538 1.307405830504096 0.7291651767578839
5.779083432061171 51.68392816078101 0.7719715511784415
17.42038795744087 9.467686230534541 1.040064925285488
22.49351648823056 34.41795078265385 0.8373078726369358
45.12751880759723 31.55413670025493 1.044098465261357
30.57368950013709 24.00169095955868 1.076575592319602
34.58668520608297 37.77960962885041 1.111411187804185
17.37774258171103 5.685547511412551 0.8203453101894556
6.633464145769116 49.47102989138617 0.6282418773634013
21.96490813231324 40.26056234643821 0.8443184614651972
23.35846870548952 44.2582746102746 1.003671330455672
38.94220274451291 21.80918368967678 0.8611561476274601
38.60523839462792 45.73571033344405 1.241333870070518
35.65289158311342 30.88794771716369 0.915571490509002
49.4256296760522 30.23715405363457 0.886663371026602
54.23884503973594 50.2684320953062 0.7358913130163016
3.778928778497003 9.283818357756276 0.6556477920745095
14.96936586916883 38.60632821107578 1.162853723069559
13.62770122505152 40.76873771230166 1.029244796147661
24.02930003219717 27.01585979155072 0.8975670310270152
22.85088394109667 28.41809579097577 1.057777541796595
50.52879699251093 48.88195228990259 1.135586587075474
41.85740518004513 16.68245805552344 0.7498226660765175
47.57040577268712 28.08977352971666 1.224327031519229
50.74745081679311 6.252152635367659 1.002248182419753
19.0246927915256 15.23948003036877 0.9787983901036174
13.0997769805136 32.65239401657711 0.9308542927851641
43.77302783158283 34.09588731503854 0.7815811768848264
51.45561353930068 42.92643976068424 1.17945643989661
23.68509005787088 32.41777096661635 1.115206118339658
36.56484528331312 8.542495237916008 0.9284409585667921
29.05279197453186 39.67063479482692 1.111079152842507
43.31876266669424 22.80024276478227 1.094909288054652
13.78653856822594 45.44337216086843 1.185632152087595
35.27587677737506 14.05665272942588 1.070148633795893
29.29613275979466 33.03659791081985 0.9767177499285647
29.95296358547777 28.30435047592239 1.065009202609902
51.34186825078999 36.56679378243479 1.109016722869945
18.29385424791549 45.79748176354798 1.216926741132804
32.60059921517996 13.04522001372893 1.06111306083268
54.72081883890593 24.70082823731975 0.436339958269151
7.371463005603973 14.59297179085807 0.926280077187047
49.57385357822005 53.29425046234124 1.039374689606121
20.41704487587188 4.674443526973223 1.293367558604561
27.57727343010589 49.71317763566653 1.10043155925696
41.72820394846062 15.35939633583622 0.62516282957907
10.07160111799445 3.022058196376105 1.021242743603776
3.20488641839702 37.63725285634271 0.8727833378904466
21.74315823556071 35.80548563357698 0.9465208113840378
3.506313844354038 21.95668202077815 1.131285705766658
46.23758783481903 10.8777768765007 1.236501160715932
7.17202731229925 31.55048092200909 1.184625252518673
45.17183353294238 48.90964993550892 1.017787311102374
1.302055991395403 34.29513487373252 1.114274131448735
32.93469522890388 22.31958410298433 0.9297137854609179
37.67898043882055 17.87154335382932 0.8657455785642794
20.6849573737406 41.83585853820474 0.9657323815328515
22.47311136800475 15.17953622396082 1.163054655520177
2.695329425714598 16.1555842115337 0.8502159659799883
38.11226623231185 23.8811011067038 1.041267623980703
17.07942014656934 17.66192004394807 0.9717565885775976
49.21240096595716 50.86437599959987 0.8483812064459038
16.1610973943775 54.03958577571417 0.8726194426851794
47.04032573059217 5.378739191395574 1.004859743697209
26.07489447625116 54.84026796642704 0.838473226322599
15.71181132025635 43.72659574250066 0.9594561541233033
48.58973345327644 9.148189308656468 0.9009450727493021
24.32772555915999 13.31176896035288 0.8772989030252809
30.2184290062722 1.971238804502058 0.8129165050393731
25.85233991120585 36.59283240353355 0.9020786064977208
28.99261528253211 31.54488240440604 0.9690511120116508
25.40925837746321 20.00537725677964 0.8953983800339284
18.24460197111806 27.86251275933465 1.202364622128274
31.61782313260148 22.79089384423145 1.044826748689477
53.06738517809072 0.6927175823099527 0.7605500058702712
7.446592497381658 36.34297310437214 0.7993613051128549
5.835619262808756 56.0363259506581 0.8898776793798048
13.09917071885391 12.8188879721886 1.155305060542942
29.76382775779992 43.31759975166879 1.104394628551827
54.64829499025284 40.6424667144392 0.9311151469852887
28.87007236521229 26.64091024624226 1.086673053537137
47.84592646818884 40.59660746976575 0.7262098556253758
52.71972951093676 9.090528439306899 0.9995750079905216
56.77917439945935 43.07694333515919 0.7561733304758792
51.2611914422648 52.84655955100737 0.8697074968313692
14.95558307131547 51.21625344139349 1.146206201559302
51.23532633075273 20.79120233412422 1.060813087459677
37.24326113157126 6.351750084362807 1.11783216847522
52.54537671596994 10.00708886282849 0.9675486600005652
2.284328824507226 47.31764479974175 1.037819587722592
50.97797020709979 31.15440121626221 0.8582908839833429
6.868753417333939 7.804481487630159 0.9154096212484109
49.76192674262539 2.588482901728006 0.9264998722391753
31.05878052630405 16.67418429985372 0.9648679969392666
47.29799028034228 25.31997194202615 1.080773064065509
40.21232516840674 27.47632692217656 0.7681798958309515
28.28390463920492 34.44765149915947 0.9373692448101649
17.17414021639812 28.51079036132935 1.177791691208486
27.88823408907663 12.71951693236805 0.8108730297985671
23.05502042502864 40.80220804866507 1.238548462790609
10.87522869830729 17.03299060558574 0.9856028347492218
26.19830987844538 21.82536268226121 0.707322610068378
35.63826523192146 18.96023659452807 1.132481084956987
23.18128353971116 55.47262611029326 0.977475472370841
12.20745943216954 13.47927382005345 0.7350775127488687
47.54692501786487 7.004923194183466 0.6693627133032767
52.20453020520719 18.8308296305271 1.155210362286641
40.36731363524092 1.626714909741056 1.134275035403852
14.98284976975194 11.25554772431755 1.334019448190161
37.30293704257483 42.68836034773307 1.124325249089745
54.43424287272349 52.25954628095941 0.9190707310666016
17.08490893667792 49.16040929740314 0.750968657204975
42.59278931915424 41.49875454720983 0.9126908527813595
39.9713806309604 56.9011438884312 1.071675048162285
22.25334667891886 6.763978656737124 0.7514784885986651
13.76890187746328 19.83387735012634 0.938728844381898
31.63110132731083 55.22147657080622 0.9462146583089149
56.84819148054728 21.28878655484355 0.9115870270566478
26.2539626603266 14.1944232961137 1.089765099095339
50.35199884574488 0.277598696424439 1.066703012245995
15.66247110751573 10.43690775588011 1.042699952286761
10.02933328553538 34.90704293405034 1.115933424529906
37.03283628543505 32.28267996445423 0.9365765701722679
45.08295163469526 55.43992346825075 1.035043115680593
24.49606078048053 19.7140529354634 1.010749735995053
34.71246789801515 53.50959149306156 1.117497261877966
52.09078409387301 3.966430531799062 0.9034445140936542
5.033524841551448 5.299690325884004 0.8899914878660116
10.97275215432642 48.78897949903691 0.9348953227655107
14.7616587559514 41.50458618928892 1.086341715824124
14.24734026950195 9.697321032498648 0.7997487196421523
44.60436396654899 1.669114871727822 0.6745529824154082
56.55935351949155 29.27538555733645 1.039279515891645
27.7153089990445 30.82735908256255 0.9460562873565398
7.356358063107523 24.37670901155877 1.032432680470832
20.88630050462033 56.72014071546501 0.9429435566832912
46.03525651946443 31.59031529379558 1.049593071879192
36.89000561967958 23.57319248587507 0.9650620033847562
42.85776083351008 34.21961435499583 1.412579317627626
47.2116942243705 42.65960221535508 0.9613351542316533
19.42892519171765 4.459034467329753 1.03729795653926
28.73570804890977 39.96128721440271 1.070815762425315
42.73431867628094 28.29506154185862 1.077024543429198
15.93736666950275 39.95198177078365 0.9390888512539127
22.89297606092551 23.29372475915296 0.9914641568377154
8.362550693732942 28.21499126042006 0.815156984367583
27.24247339798253 54.39780721319737 1.016589741032349
48.46658854767055 39.69531217389522 0.9624198577390944
6.416106162320871 34.32434935463795 1.135365665570951
12.24868835706668 7.126620700176163 0.7302704174249055
19.97365183707962 31.67761354878434 0.8885290157353314
15.74281732679476 40.32136324295838 0.8568305999790239
55.29186232587875 1.477135976533003 0.9057081269013618
50.54275298143865 27.55379145431975 0.9114160176652835
50.48051681531617 16.43572904236416 0.7179668120009588
56.60787412040303 31.82950538575161 1.010338951044625
54.04344882585269 48.07446264153089 1.322212568506933
37.77360460989811 37.64750035323552 0.6600922597046703
38.56636476217134 0.7472564469777311 1.062757018997681
16.07783153191108 28.06793120227192 0.9531181091715927
33.47338317263564 14.36969383124713 1.249153969869873
24.89822890232235 23.08782016024358 1.015695337611161
15.64359935868699 18.37874569109583 0.8500140999107297
19.18795326221173 26.48161090094671 1.086979167730711
11.70118245282266 48.2121521202904 0.8475345430323347
23.04165747949931 37.72559482312091 1.108042729906646
2.383519161671176 37.56647501260344 0.9827382286826353
12.00621902151323 21.95875439464988 1.305110298577084
8.429831484532837 50.57258378368457 0.7169883805601736
43.72460371336183 38.78384237353869 0.7882821579771471
48.82287656228192 20.19798685945477 0.9694128822628916
8.287794790364707 21.05176510710817 1.105731164753688
44.45576390133042 23.9313941490517 0.9543654389732663
33.4225097212114 1.61846406041573 1.328015618901807
53.46092397834217 45.12369217403405 1.059031882522241
56.43274872071704 15.87227363366274 1.145687404135303
17.8686647721886 1.816267855845517 0.7991756860280096
24.01256895159025 38.02843052476106 1.011000999381969
2.017551424921281 46.71857979321786 1.171369307097308
8.940141997737877 24.65595834499968 1.000018776610424
14.97419616159713 17.22793678810258 0.9912530646331588
29.40927311378032 17.58184063182298 1.30608300976583
29.75669831072758 25.87019709212249 0.9627080507596899
6.013267041190186 5.138281473488678 0.8562328218698251
38.45958809855375 23.88193183992148 1.047168547830534
25.93574639686185 36.55314839610511 0.8411669057155599
43.34330435951394 49.94831534845211 1.168793611593024
39.66689511512728 19.36495477909453 0.8906959554792037
34.10301092271833 11.16931722879844 1.125663157544269
35.82527560034081 27.94540338774463 0.8658202149502168
3.271089682016098 24.53299902590597 1.256003295183039
52.67123327621782 2.784636537909804 1.030137259681654
5.012261250993358 25.4279315604027 0.7665033740119186
48.01524602529371 34.66810069776518 1.002033107155751
15.85607553033907 29.47483409730477 0.9870274075165573
7.373170789039308 27.48577890800581 0.9385502030217809
2.363773255778371 50.71647517509594 0.7672262707385609
39.07733093298847 3.100989318499802 0.780525043354491
39.31030695573907 16.18034182916411 1.048803450799179
2.223494723077628 50.09558214763905 0.9707984050554999
23.22691754308851 5.494584405093726 1.063169925014857
49.9250050508068 13.29981442322015 0.9726420594111366
56.38691755821319 54.93726630180016 0.9846017332222294
8.655060305565158 29.74299200891656 1.343676946754558
5.709851832925273 24.51113583590423 0.9380936482319822
34.74566325207505 49.68553397789855 1.061620728163347
3.307472043813892 55.17975748199027 1.122892098404178
1.280746773947378 51.94119308373946 0.8595450937924682
1.565144805966478 15.55105334778831 0.9246706566888043
9.283223960680525 26.27521664242969 0.9006309883731261
10.05190574938986 2.208228984944629 0.8510200370761301
0.1454952602020908 21.30277707581538 1.086561168065564
37.48057444276315 8.800555592309943 1.04447946708768
33.31169142821417 53.26359519095327 1.068263763987467
50.45031064630035 23.63345215033435 0.9978117382944004
16.31898610169021 9.162064130027808 0.8370071560283119
26.37573135382297 28.94987222969061 0.9942781282670711
23.89106528688738 53.11201196588204 1.156334086967979
43.20753150210135 14.11377249942803 0.7885210635231343
21.12938361341571 37.61530303098974 0.9897457822694516
11.39210446709399 3.70441467906554 0.9187364330269624
25.00719175488092 27.53470072827055 1.088889217442405
20.33815531960603 19.05296081307016 0.896451565782312
20.28329889815454 21.17114809023736 0.9359834466475438
35.37141154863472 36.60228499984475 0.8564851374191338
8.552157229535355 24.88007935363803 1.011076275940133
32.40362103022804 32.44322251642273 0.7531575302075068
46.55699504239345 20.89274278790352 0.8125898160222903
13.46531947677271 17.12039229745064 1.404497279681244
54.73569532844038 41.46872271060418 1.104638040796829
38.29911776925396 44.78982161394778 0.8430167564867725
25.35927031066235 29.0496493461773 0.8298444788747251
12.99432450532649 40.67582631468579 1.191237402928983
4.846974378380447 14.59649851852865 1.309217669505429
12.87990840332578 35.18018662518831 0.8027143498841143
3.06026595228364 51.74726245121438 0.7444206374368727
53.87528814928387 24.05235724526102 1.129182447174681
44.94510003316454 26.82373440723109 0.8690068362784518
3.552675436042564 18.02171825013204 0.8510903761488214
33.45236401374096 27.83556568801196 0.8170418863083053
1.058961336528399 12.67745098363489 0.6790293490632173
41.08612236663984 46.61759089660718 0.965800855157415
38.42516310113722 44.14638831892348 1.130272707348163
11.19874553764181 54.72326827827993 1.246445303419567
21.73273438901302 56.14384557080634 0.7185352957484687
17.16556379439568 28.96544015638784 0.6538814666455186
26.57378058953853 19.6560047551319 0.8513054145735609
18.15276815376839 6.706860107698878 0.8400911076906824
20.05468760899021 32.99400933645386 1.113761251513492
3.829574997923139 25.14895649261258 0.9799381519343771
9.18450257982337 7.942764062873444 1.358538243606276
24.93586155769222 15.14101457416127 1.115101098149223
26.07604295205141 6.361024632286758 0.8474792553845427
8.164164525067511 6.394210271720873 1.133703073395795
12.62999394844751 32.71116718403584 1.186638133282618
4.67660731388098 1.253400686314982 1.458056273820526
49.4515625245178 19.35960271039959 0.8463120905796083
26.06646281809847 36.96006123673174 0.9004254126722827
43.59834001474005 50.15645797418266 1.201647296385253
18.30541444025254 42.65161541274358 1.052916809533895
55.37067907553664 49.36030670085936 0.7610532951920138
7.50132124847794 48.1861104467819 0.7060045709825749
29.66756526551562 9.788724141562694 0.7972459687847162
20.72325139340165 35.90486652073677 0.9433734913422862
42.50233840267283 52.4028715167208 1.050015360677198
53.65627222957847 1.151986761555069 0.9469840035228677
9.538548426953399 13.56164583077731 1.089004245809288
50.52170709405174 55.35465745458131 0.7902524307227645
28.76146919269183 26.98881990042926 1.084947317535109
12.64043531317284 44.15325151623843 1.079071329253062
39.42719030726104 34.75050278136064 1.07681842943228
25.93661320159985 40.12735736189752 0.9248001971510187
56.71723572384438 27.56361989516934 0.9811331237786565
37.35479111380633 18.17964987697995 1.088911725112286
1.896974737242318 22.85712951647916 0.882801361186663
13.03607523303296 10.23879359673652 0.902343341771084
11.74938578892005 22.57462365998636 0.7044671491812364
1.179634878495538 17.32214649502288 0.7219078886980466
21.86036068334261 29.94110407118737 0.892576285657546
20.00798767758905 56.95140173516767 1.095114878029431
54.79618461374016 2.435177984850098 0.8227784469658099
49.36368956713178 3.638517691585476 1.054293118010516
48.38333407201959 49.08092526443346 1.233936259983326
15.073033480939 11.55692870056114 1.036455461984719
7.019382432577844 16.97000824472402 0.7197021970543758
27.5674072455463 47.45013345007325 1.209885710210064
30.84069742301511 39.31679303446635 0.9551353967305231
14.96328334555183 27.68285694657026 0.928830085045085
44.14549603319983 2.274249741003965 0.8643403150053668
2.225651449628943 36.12197465781215 1.062444080452531
9.588661669096286 36.92755593961456 1.147197052469883
51.03327647411883 14.76821121795485 1.244597254105576
24.60101796900901 9.106309955057833 1.39584756969402
26.07631819978185 3.739198109013586 0.7241017283416018
52.22230422786544 53.64372544532815 0.982881482331267
35.96051847979451 7.214088616061066 1.159379557682486
23.70413844832412 41.78301474302216 1.254634297860536
12.46587166304973 8.563976584730659 0.8226494619438232
40.94167153487991 50.79166170712172 1.158373007086136
29.91363633839117 25.30612196461583 0.8619782725492404
23.09487892412342 17.29158767978269 0.8253912452476488
53.0528731197365 21.29174964842002 0.990073676367406
21.42916374673562 20.65389106220281 1.21058226255081
52.27429146378967 56.47437780325971 1.020758875143223
51.4935017742652 47.49659566511242 1.088765019730916
52.89692192287041 40.2637357112317 0.7038272886263841
16.86163639177644 17.31540247440124 1.051342169059267
25.8793790591319 5.87282901344487 0.5924406778526102
23.1191697619479 41.59683935465144 0.9072064509017193
13.32439378012176 37.16143446702577 0.870879968797175
21.79598345085791 9.377266873315566 1.44232337595675
33.97945086284515 25.30544937276535 1.20209421018866
31.32562146909797 28.47295263711035 0.9747112778050318
17.155785917377 32.36164227424266 0.6959930299799604
2.522346339897414 13.05270784024741 0.8488971923380464
30.36811031464865 37.55653546403932 0.7865963296915284
48.71149081304273 56.24748940032324 0.8656987328380394
40.84432872843199 35.46951650198061 1.14668101395243
10.86346664878701 50.74729002115656 0.9684117702717578
30.90872446163964 15.40053084837298 1.161925074677781
33.56512730222434 32.36190857708543 1.052626166070199
31.90173458396538 38.53877373856435 0.8423328844040094
7.078081545922012 47.70377959530045 0.9567261110855135
23.06542184300042 11.5048447430622 0.802022513664592
37.28657530354642 38.69079980193209 0.7716177605171155
19.24733526597141 22.60031831432149 1.030571934055508
9.90217499197562 5.676699743455602 1.131239071287378
41.14621624543621 48.29444551155644 1.052686632756672
44.49379371502148 34.75076364295127 0.845726972246171
50.15129449132424 49.04743321614686 0.8011108996392166
50.76442672720385 51.77697256383345 1.381715461913956
39.5163527086919 37.46018301856713 1.351231359678795
21.24923255352733 48.49885111185669 1.386397832046546
52.63531140360763 45.25278946443125 0.8212549068427989
56.49284167051913 5.537486369040556 1.049800181113284
56.28399008944817 35.07570542678037 1.132599290777471
28.21826601830231 43.77778377792695 1.122182889227389
5.180301901502675 5.977763507970499 0.8740154446005897
35.74800514837168 55.94472865524922 1.004885913341498
56.92230762537676 31.13683751790637 0.9769912905470906
7.937176533945452 39.43866030752596 1.009963355886278
30.93751139283995 16.29107099179694 0.7546501011254475
16.50106348400054 33.94120722121615 0.775614529820157
2.444494496772296 24.6887963016931 1.027895435903206
47.25039272813611 1.728484559677767 0.9781502261845094
45.50626833760472 15.59097074511972 0.943944204355102
5.169230625577844 50.68657023910739 1.247534637491826
49.63129886781392 22.32347032489417 0.8618268682938035
18.30895932312541 49.55360646664798 0.9890367074348798
31.99226674763126 8.057328352731339 1.121412445490372
55.43254494454364 5.929778113928521 0.7284641097565219
39.87098536168737 25.62009609519508 0.9169043166876271
0.4401260579191735 50.70471591255847 1.169756941023028
4.031288107406017 24.97159871969912 0.6243876216947807
55.8882294799612 51.28168083554212 0.9186551329842868
12.75033952889514 15.20635159043891 0.9945464103955729
17.243701900469 17.91957015447299 1.079434838795532
1.836805928422513 1.524220670817523 0.8489702075601689
4.135906478453384 20.14576525154792 0.9690881859188161
8.653542647442567 44.82444602661973 1.227610078116363
31.99987199902528 33.00194199197085 0.9580377561786837
34.3976136913512 12.60686135413445 0.8078370500925205
49.12074100324919 33.28584314476971 0.9401804420311793
34.93857432666168 19.63888169202902 0.866436162637541
34.02717584652229 52.18227622713069 1.206606566475764
33.9947123806899 39.39525777492452 1.129786612797901
44.44431834688611 38.13061885914328 1.018937925809363
38.72683318039721 48.93292410854852 0.9509477104893497
7.592239316362999 47.38037582783977 1.231928949414853
23.38231781981062 39.51542456378947 1.172656324963085
54.46296867610094 25.00435588043386 0.9241422725535049
49.15349819052662 20.11121871513837 1.048002750888278
18.64540325042112 41.27423916723311 0.9856041389662217
3.09506342331649 31.33563618656976 1.120838856002413
45.17282710558401 37.12223926983878 0.5970279402931737
23.04233691936468 3.51262476784765 0.7115180929952465
8.126536700467829 10.4866552397081 0.8626219298093799
49.00880072405972 23.37007678084545 1.10125330116759
2.60048380894609 56.60104004042272 1.134033490675719
39.193151355811 37.13277042849584 0.8179259609753273
21.87327848136112 36.65612003191193 0.8621105322185082
38.56486364014673 24.09516410673743 0.9954232801033046
29.87401059217472 41.65992706346322 0.8173054564787627
43.77811664984474 44.82450325266668 0.6544037557065709
28.46133744831259 51.90465335031256 0.8366463934296944
46.92099923031451 50.2251104648342 1.06408568390372
47.53055083031326 29.11415055958282 0.746185755197598
8.77027056495206 35.49500714917435 1.029296199591029
19.99071284336537 51.46493251969336 1.202178633623574
55.80499769831309 14.35049523569201 1.045154593522061
14.78397919693216 28.67900826394512 0.9200160862777275
38.1634921441616 33.50396258500589 1.189139311677946
8.61709180549583 9.624829565931497 0.8205696775298185
22.72941064123502 33.9808289860286 0.9992398821411864
54.2482094877624 2.204068470841305 1.144042154909708
52.4291789356755 32.68407670254078 1.125512610589817
16.28335925111703 25.78705977592015 0.9501211931747431
4.2820668985518 8.078618831037831 1.240074314586498
19.51856230921976 37.06769852063977 0.9625118820258441
47.00256827147797 50.42861602894432 1.057474325604008
26.76619258186137 36.72841420663912 0.8995226650519643
13.23237679164502 22.83829641381199 0.9302540925472136
17.55451429195447 41.64099272696347 1.3166574694709
18.62182168644938 27.014756199445 1.034034625896038
42.4879934040308 3.775347558676893 1.133274137627148
36.45942426121767 30.46732411555356 0.7973959514083464
6.704232062541056 24.54733024889013 0.6949851726301222
48.05399750827532 31.39338297461783 1.120307595262925
36.36307624837527 42.47219123806441 0.9677962791821153
35.90080726700872 14.71098864810122 1.248123436146977
6.094058673406979 50.12201187532489 0.718884100908649
15.96030826259419 40.19518763953596 0.8204460355961423
3.967428165472778 45.72685500081948 0.7043746908533075
15.74161117372178 8.967105923670859 0.7488810429800462
26.36459743714174 29.9255760381583 0.9121824186710799
7.574809260468376 5.997300974092121 1.006181324665079
19.95337032617692 55.62880676874369 0.9266013680041173
25.68209104132005 20.00180522073144 1.292270555377671
40.04646866305101 31.77614974126972 0.9470143367006172
51.10258520632171 29.08412535865052 0.9642869274878146
45.88232965016846 55.07001339833718 0.8236979782493545
20.65926325025934 33.55259150664909 0.8832302241151152
21.32854812002207 47.02386068740108 0.9719727179516723
52.8478823592178 9.871067671976549 0.9642965285750211
7.801336629689362 26.21923425338195 0.8862547184331311
32.21653522747408 31.73829211003067 0.8551293495634759
14.00495263235874 12.60721914964133 1.08574063990466
37.94269919113382 56.73682972590291 1.008232929929858
18.1077558333556 20.98916782764213 1.318651580575282
26.67630983827464 25.61556462040896 1.351479051011189
3.315698261519754 15.5586394884431 0.6914760139257361
27.92008168479432 44.34484124246279 0.7985487697077187
54.67927010109614 49.24862980481639 0.8810876654750069
3.461456135130234 30.21658423599628 1.02866834773932
14.02850529133738 11.26279279136229 0.9959620979163648
26.63893868152003 31.65235369030961 1.041987357771009
0.5517191321364228 40.64389134042146 1.049790922184922
38.74984195304562 25.20227203108476 1.252597560488327
31.34328751607951 56.85759778640121 0.7033803436500975
31.47183155057571 34.4048689507902 1.060796683224393
31.42638918544463 55.15740956932186 1.017339350811421
51.59510064851265 19.87095268856313 1.009825249097398
0.3682552126088437 55.05655681018558 0.9411751925133373
9.31934957500517 49.52335541393764 1.090041915834568
40.21018755259467 35.95828825652519 1.284055125401154
19.60217957040397 11.43528191765551 0.8998249595983021
15.36836450145038 1.352021496906887 1.185428668849717
1.209619283308098 25.82899380746716 1.082855514423141
52.56791894769665 32.29878997257854 0.967318615796521
9.703658923368742 16.12313266337064 1.29535215478903
25.19716001450883 8.235206442063305 0.8291200659810243
4.446024061854009 13.06470412903684 0.9037114181101051
30.57036348831391 4.814279274462852 0.9382910873220435
19.21103977840908 20.44061048768489 0.7785210593840409
16.18125577372557 2.421227304461052 0.8709360347770563
51.79224679562834 1.551498490642523 1.199503013156343
20.35309983806363 31.4298007443686 0.9375047976758516
0.258794525293072 43.83106942932637 1.178038356984481
53.86150909395027 41.95553802976177 0.9210818937104351
1.078670666589714 39.06797991556487 0.9473664904526202
14.80037445938232 19.5482741736566 0.9384254839545473
32.61297830269345 23.33775417708687 1.141515635166523
24.06067779569918 43.73423924191587 1.09142778910199
7.174849703058065 6.17691033714307 1.114476654368084
45.69294487856931 6.573748447268152 1.041520288525609
25.5748267884249 41.32612201074424 1.221787382821445
33.42757738494667 45.92792662648854 0.9149994971709903
10.49064572131757 16.01471725386321 0.7156273047004053
11.52179729590276 7.352154788725151 0.9935839210350433
13.91732280604417 2.048925923672005 0.9431569821449772
7.46059711252367 28.71769726542649 0.735538315571072
40.94441761539523 13.56139656834369 0.9031613912990935
1.296491103384873 48.11926734499599 1.176878474131671
54.69301579226414 9.272182120602663 0.9161816019223047
21.86551484971564 23.26784255414635 0.9084245976048243
22.9838201277814 22.68641487540976 0.9220158680736638
25.36894408723756 34.50561742368416 0.57322730195938
2.898234620642957 43.95589249672177 1.303877887248845
28.38812526799185 10.35883173316663 1.105307429218914
10.58681953446326 6.637685495725687 0.9371330772011177
47.19550373879984 34.15256153938945 1.142707647423538
47.71395810773315 22.95895015492987 0.630379374231911
22.25918867264836 10.45226501321991 0.8872780031030394
19.72444713382258 34.81390098659969 0.7949168344079456
43.22004701905886 13.32275123862678 1.069292668865138
22.67697807200112 56.0908133490434 1.011860344627531
21.10223104856081 48.04592215923869 1.150343505725258
17.38512147701584 36.49466536682782 1.033842233492189
38.09669320941749 45.77324674500769 1.002193950905643
34.59287817384716 25.07042746575103 0.8787632243298511
3.093997123694977 25.30683628158031 0.9673154863720562
35.75910129480022 3.977763704479562 1.202842674425035
45.30539026125585 55.4835484286228 1.094789092232404
11.80629964070688 14.89865788579856 1.322445144883247
29.94125340038038 34.483277712708 1.070690401139689
25.52919984540399 47.58590198102682 0.9544988218943007
45.1842851616369 42.91432132241983 0.5580153418941547
31.68756804088483 16.9340644213064 0.7172774471837458
23.05126126299205 13.4461400981276 0.9410309644661946
42.40021589417021 51.96725922961126 0.6785199140109657
51.52965714294913 45.49421304440788 1.219493416370566
13.84739881420853 56.0331967794491 0.8715749751972987
46.53679846810959 2.152789048921684 0.9993232422967478
33.6782263026937 9.323044795693384 1.102642848658457
43.22712104498741 6.619479703074079 1.06954897845652
55.24984364968252 17.88306152908274 1.077387989850173
15.12822763162117 29.93741166402465 1.270489386320554
43.38355176215225 52.19150700615324 1.176529518815375
7.638718571811317 28.78376765632246 0.8437508143843974
44.72741045184779 31.12537948839617 0.9029491361105108
9.46605844677708 34.26420889341468 0.8317403608825491
5.592672026060835 9.956394840011557 1.037364204160685
16.30584842399966 48.81979307104824 0.9611170749638186
49.03638529779221 17.2388386951009 0.9817375138682123
15.44769325966374 39.83887950556301 0.9543957956443799
0.7219410081030526 21.21431561383154 0.9309460447353818
43.63494857337091 35.53906695849219 1.005791267244396
30.73057393810273 10.03252310679877 0.9004360082844706
1.802267965302927 20.88934012078184 0.8904420128694147
31.32220181465252 56.92830927340701 0.8104305890032377
50.20562812788674 40.78826028797229 0.8586015052723934
47.77106391627856 39.78519019288252 1.399222383034011
36.44019153175884 7.076912313735537 1.127383114244474
10.18908324613659 23.64136850863759 1.016133193361769
13.25490474340269 25.63677653234302 0.944882378674358
39.33431344168928 7.202188995760953 0.8674882204215683
40.55530836598729 25.96926198851748 1.141174653668626
55.98776232404065 16.47182986581318 1.139143793437006
52.98163598123082 0.790030262800879 0.8437530900036054
19.87027890229145 11.68337180124753 1.068144840818374
8.110844049654363 13.07590703017819 1.029314605480296
39.55970369538279 43.24269597895569 1.050909258656959
25.08855238281589 18.99989520059894 0.981987884947372
23.33490410229885 28.2708660188461 0.9902815790034303
29.14546807117084 29.81515211649945 0.925818777351216
37.0173411122604 31.16716711044645 1.083297464693775
37.4490435013776 22.75859706651354 1.164958788624111
39.23042693232671 13.09791593956664 0.7634004515550852
37.22683608821912 19.59159691892173 1.157002355306062
13.17302199414606 26.74660080938907 1.48881318057057
14.69465695540172 52.73272571607154 1.125864471208401
14.73262089012778 6.308905081035991 0.8269777330822949
39.47674493187887 29.7485821655712 1.172179286438736
50.44284620389475 15.64414223639487 1.060954191371268
22.79847403932292 30.89188967872965 1.204564425410941
10.32869547760519 20.63316623523513 1.177467528070189
53.01266993722537 47.5555315658243 0.823616209967737
47.65264652979218 14.49973187432612 1.184534703938049
46.68441541850773 3.825668523938241 0.937166218820547
56.55839424000978 54.23562949860265 1.033203543942089
44.16228171212705 14.29101510359487 0.9908823039920306
44.03959729570877 13.36213117295975 0.8777326139843026
32.45067567818364 45.05904548012607 1.19418862540043
26.72161903871299 2.488826421782759 1.092105014983845
19.65993174661879 8.124358341621402 1.030543651298027
28.75752457685653 38.41625035666686 1.28527364353885
20.54415876350559 11.9822877044707 1.242479150657039
15.02247381723601 10.72835228905471 0.9710356127095685
49.7728587755807 14.5808680307031 1.06456130671241
28.87188313429797 11.50851631421061 0.842820380513588
6.574167105170976 15.91148040346405 1.311631837518449
3.970525857047423 20.19584337770745 0.8925378919327851
50.10231958567273 40.66087826604996 0.9259891131406291
43.14970468783272 28.62381719221539 0.8333477488301093
27.94829693946442 28.55328510727421 0.9325603806862121
11.68810922079166 8.678906420561907 0.8029939618693683
33.35340847324273 38.17012882613118 1.044378061241689
5.956750294639147 56.86246287630054 1.04934411698338
26.78069205897893 34.82863345547981 1.063594897362404
50.74011385894386 36.24162665113882 0.7756230850052569
15.37970192096182 54.71063974253397 0.8501209948781643
28.30596007793488 24.52122266987396 1.073613585749795
37.02517266665826 56.254257043942 1.034210618030959
55.96007853372026 6.044043188003843 1.082929656148146
3.794220236499896 10.64818772796923 1.135363192259236
48.8183165541004 11.79564240425622 0.7843448675038771
28.52351100022137 40.71679764274359 1.01384736343093
40.57926049250143 28.42188603450632 0.9378081277133108
12.30889475034033 51.9502396564699 0.6486692084170658
3.759648298732773 30.6293363099123 1.113349256754002
28.63846857316721 42.1311663073167 0.9163634058150887
56.19868569504408 5.726896701253437 0.833086894604288
0.6934814810256853 55.15876420222165 0.9791975826768212
41.6353304538109 0.6252684577485865 0.7957924033252227
38.28953190207925 13.15884145403227 1.160711643178124
47.63910277543548 24.92132659299361 1.180554548012451
11.35261191211297 2.94799749923311 0.7775405466196519
8.997006081974602 51.06343255707223 0.8448361436943682
36.28580420384453 12.75665440725007 0.8141684347045758
54.88782071456677 6.723460598254325 0.9656146430133586
7.868701428113832 7.540209638672047 0.8224806511473267
13.26710633992548 26.47280650375076 0.9774655356963344
5.226151272294182 25.03804622918276 0.7269138124704333
51.53193572700579 15.59583867508724 1.046446091804386
14.65837168677634 32.82146760254236 1.064201708915893
15.752193480149 19.3937828780123 1.0005945686984
23.92176438026213 27.10480541880466 1.233336335802579
43.23416252957385 31.3387864857627 0.9060416310461421
37.85676316025516 22.5199667068757 0.9540086424377642
30.44423948388744 41.98326158103685 1.031252325594103
12.27299259895132 38.31294091200127 1.064517498144375
45.38032800861649 5.790577533091687 1.141995044067528
7.525124125427158 50.60647930745337 1.334784252252908
7.639582483395739 25.36055946273755 1.078070825751617
54.08147107487613 22.29795417017208 0.9935991624096649
21.2983919574406 16.93422054542891 0.934358922044602
45.22993408200794 45.22015636424541 0.8899808981679845
32.01348696742835 30.27318846726473 1.095357120094547
41.91050091847335 12.87025012768351 1.002827298662753
18.41978212838051 26.23739465802787 1.135754759108439
13.98920333943758 30.69277472733183 0.8903241629079856
46.53714285955631 43.13187582796993 0.8075369928177134
0.7558488476815861 54.17672534295205 0.8024311494143028
23.67347110001066 40.77307147056473 0.8873262803527205
29.6086828748736 11.90340515547591 0.681958677112851
22.47511958818655 4.006714775695798 1.013235147714933
46.92089727982921 7.385620506659905 1.174524182966969
36.39156229160333 35.29674703175982 0.8572890655785108
11.95144705891211 50.38076565758361 0.9243133941668389
56.89344019018739 20.73461410809989 0.8358917308449871
15.43244618104419 12.19669225588287 0.9112445876674319
55.32856808385279 40.76067945675956 1.043395586466174
2.146314330467169 9.821003348017578 0.8238349928378939
22.49546567746227 5.271470452785246 1.258600456596929
5.394065314156034 52.10414855233586 1.140553687184514
11.75185733835765 39.6499951964477 0.7296231123571231
38.39400789811928 1.672754591644162 0.9666158299363427
33.56771980671571 56.3382541045259 1.255867539972017
19.80794362575186 42.55724156580737 0.7978162529046178
6.291855647364564 34.27248288796864 0.7780233245036708
31.89807604527943 46.29668625644254 1.052949732278293
30.05736568665941 41.38838623249362 1.329419260014128
40.0476474771498 11.65536503943399 0.8401280021031263
0.6472616538625497 34.10171110048039 0.8917779064799434
45.79073851266445 12.3991189922202 0.9645151926006112
14.07187358386436 6.787321973493007 0.6830375961388782
25.45571918573962 1.458680576392766 0.9193593916929109
0.7969346543759734 53.02244359395581 1.014359121080392
44.58068055826271 19.63697136130043 1.093805106035468
53.90945424926907 47.62190342863179 0.9464311861642836
40.16922243552712 36.15152612475283 0.7825196835569044
20.53991235724646 3.896194981828423 0.8910498640002835
24.88195316162051 26.54929243333139 1.087853863722998
37.95273782357236 10.08656976376035 0.8741767210123996
18.91049975432013 26.74347630969411 1.274847502308362
53.92822272047783 36.55756233984491 0.7692026155494703
42.44952802474123 22.38394190621746 0.7907181922293041
24.4073808986728 38.81317759715634 1.202478872939223
14.68647156035829 11.98806143039281 1.005341540693378
5.860597609477396 55.35960320772585 0.9243637334544379
21.03220237234244 46.02982004500451 1.252755277504561
2.256408114105653 55.05104168972515 1.113547048819872
45.77694491193488 27.13836127572617 1.078246119034576
11.94714992956591 5.553071893543504 0.9885787231379379
8.302822785593021 30.85764968388605 1.239438135334341
9.519855708591573 29.22477092371544 1.397218194436156
10.34607388141848 51.9693837333328 0.8733027537436369
30.1754943948125 28.31988328663627 0.8013945161731164
31.00415513245582 31.62564335326927 1.012846430185887
29.98524656099512 22.76238457614667 0.9588874165181513
25.89457276039504 7.496375866931107 0.9968220145052283
5.54741753011356 53.4200793916453 0.8100882981840644
55.28934217676955 30.1477516266274 0.9130091430078744
41.09414176367882 10.99737169686582 1.024506459494837
33.72766671410187 50.61399747227039 1.167430372898838
45.5833811790605 34.83085542397148 1.12602256330774
35.4360573931765 2.216792878795784 0.8338852679565086
40.23719514125828 32.26685836923628 1.521380986187598
7.715856947338142 13.2224416757107 1.014867116232295
20.7188175426418 5.672377425093379 1.077178116396275
4.761410582233877 26.26623507275536 1.099737341021983
56.66794434965958 54.38138657593233 0.7706238413843948
46.11218188987681 33.39561103721876 1.008947389339586
20.46935160619642 36.57876517417783 1.209070678111518
7.165179907886861 55.90540899937293 0.9168735517222939
7.516960734276548 12.33223419186297 1.034949268360902
31.86323326586896 47.75415587553482 1.118394103807166
3.976597524702827 42.6283355330249 1.172039183522843
16.18951992094029 24.69541506734463 0.9340660308607167
50.9616501401 50.39316974831427 1.172940466062118
24.0016832356349 50.37563681294007 1.082731166386531
28.49044697940836 46.78990322201974 1.17529058967304
34.67031459727805 17.60262886928517 0.8005297194410456
46.93695337974324 43.65486583889223 0.6259812156228455
5.244463766573213 54.1021332876301 1.139794927961199
1.114262295008759 50.07723557254171 1.126483419858977
56.3722560379525 32.97749558742041 1.160632113054934
15.55658580062752 44.80798897277936 1.128031337944895
29.59968410553396 31.74610572156781 0.8993646514147788
52.69703625128466 6.465054153681292 0.7881701161059194
14.29356675888112 19.69871946037687 0.9999588977760454
51.20542887980371 34.65796210554333 1.006934095857453
45.93376681531489 17.39094308595683 1.027502333729354
4.045808924849056 8.568124464511929 0.9060596427841049
32.97285342960286 46.60608373657152 1.028843883725054
39.68331928257054 51.98040229546856 1.124460025389723
10.06461131203203 23.51471070410437 0.9112353998298298
11.32269965034104 11.55143494696889 1.322267804771917
0.3673028076846631 23.82610366392234 1.123717704359447
30.29115781760363 46.74539874295955 1.019903306981341
15.7630585193462 30.13184878422499 0.9494987047919707
1.462986703712021 45.36635325400454 1.089762306471814
50.40866813315482 47.39675351902692 0.7826546990400856
5.300453269062775 2.240327064059827 0.974047609764371
56.40918900138195 0.9085995531215331 1.240240576693951
52.8890018485901 46.39205412724617 1.177528242628513
5.607218934971476 34.84075271656772 0.847840594887916
46.3921876635366 15.38055404759038 0.8226342928178754
40.75602227577755 21.84401964761504 0.8916796482816993
11.5894183640319 27.20795159936322 0.8721761435685678
44.17902885106347 5.750342738232735 1.127244686464415
51.11669599223728 36.36732576012952 1.107326198051908
36.03876904725971 56.87399233219865 0.8558835448332236
9.677097543923695 38.40010786028584 1.02858035900595
7.546569772319202 9.086286518762952 1.179481618012114
48.17879480271544 35.19770923545477 1.126184643347501
33.26606671477951 53.78601373768691 1.095393720888127
13.71593232299943 2.430649589016405 0.9254305101449755
6.659871949190214 54.47195459877697 0.6959061411368455
11.51913463907276 35.86408760066335 0.8763955654973764
45.31271665511314 55.69816351667892 1.061055277570097
44.34017904491172 35.73112633113336 1.28891990205392
10.63870001567467 23.37894809217143 1.22385503175013
28.68519077388811 45.28221620725571 1.104375872712489
25.13846241409819 36.23176054620732 1.221331798081283
42.64487906296034 56.37183984852016 0.9299646215821556
42.33331123987833 55.68334098844013 0.9853151433103616
15.41579475506013 8.040332747642106 1.118094674232774
4.252747388208633 3.728511383630574 1.032411444414439
34.99988566571842 51.07867530923275 0.9593876575936047
24.59830405823807 45.63858568139308 0.9442332921476053
32.37694026174812 46.1428141487496 0.9756569047335443
48.48563890228311 0.51540264930362 1.231856505919844
7.962572476809179 48.48034782869757 0.958243386082127
34.40143910395049 50.60745153976951 0.9239644526758181
49.29079250166695 38.50334537425234 1.167873618345549
18.78399385362118 50.40478307912349 0.7628317593530489
18.79344284012608 51.23016982862268 1.131471216758735
23.34552470983263 23.04619022833472 1.005472128568131
11.91336795543943 32.95856687797167 1.091403654272481
24.16269625684372 36.5116720402202 1.243254594450646
39.71509473524759 53.97409282111288 0.872019173170999
30.76313375391212 31.20073361098801 0.8766307026791766
47.61805625102392 54.45631429015487 0.9547955490983255
56.0595194604525 38.47024387515627 1.138923389266447
19.97358924940861 35.97505843451948 0.9208538565834595
41.75509501470025 55.78796432297116 0.9372782209365833
26.59472808316104 47.9768153638471 1.124115113429857
47.7097960806963 38.50809603860048 0.7332396659787725
18.01976805227798 45.53253477464082 0.91064698015802
56.49281194270254 0.7348627609828779 1.035450056069753
31.93559637197088 39.99612303962751 1.28277397253204
29.393654118941 51.99047158471797 0.902766035808199
49.44678584833014 44.50771042076298 1.19414273777446
1.481954218578504 9.637850429228438 0.761507206625645
45.61290886374792 20.61311734449729 1.249108685318694
20.24350776441559 39.89315926045792 0.7494358938012146
0.518934340457867 50.75638325594197 0.928664657561573
4.238457226771143 48.22873042115417 0.9582826434859143
6.101222705608803 50.28424734682042 1.481493343604057
16.70637421668804 5.594034621768647 0.8732143116999609
42.20912482552655 8.243634384238922 1.36611585378572
20.94517803794945 30.65731575929435 0.7291969188600886
18.16502615351464 29.73729897278235 0.9956146918183183
23.02981431550803 54.02304850985438 0.9817071449363386
17.63616582780898 14.43635017864236 1.024625381757215
51.53588241317118 41.7978210271326 1.148114564606483
35.55420425653188 31.93644932142293 0.9949569103867766
43.28354714824052 10.81868352453163 0.9647124327156424
54.97880447561797 55.12204100569805 0.900854565579725
22.02966479259993 33.82878476745858 0.8264478662065822
42.0724191516975 45.02192552342169 0.963893640010916
37.89610535087814 13.32776387935866 0.9273733637172706
53.08418001424716 37.25790526636779 1.26078260649988
36.08642685137988 13.72034584205614 1.013918427397112
55.51816686918874 22.39224753966194 1.152111460004004
25.67712599163741 34.07237109917792 0.9369673782112076
47.11602650075966 42.28531342385584 0.9801471579247081
36.15303221026111 14.19277393314651 0.9446688238158824
2.214699430025509 30.42020833977508 1.15991209925143
34.55321524131728 3.628588813184103 0.6186294741389211
28.07229251185073 25.56551985841502 1.047483798032477
0.8761833332833756 7.158719363230616 1.086337489243331
37.78102862778167 37.8040325431172 1.038687477675203
17.96268631795546 6.458154592876395 0.849058295856787
18.41882773275433 2.767458239461974 0.8443161098138382
15.73036877705267 22.76427072648158 1.040852360927192
25.08851816928411 41.87747023528324 1.126941315306047
21.27133080562173 4.241550353002525 0.9324505753746907
44.21564216083644 3.020216903193023 0.9924719137886762
4.913532438182054 16.6969819784616 1.278651154361901
42.26250183687662 24.51467832993468 0.698012295127707
40.1445443132634 24.54836751080508 0.7814466292440824
5.35240002737958 38.04780342618367 0.7571960229131698
27.38372753392147 20.2288036696747 0.7725822347693894
11.56682596661468 17.75770567020295 0.9238214275913992
48.05557276404257 36.65534413589879 0.7891101497411072
2.990363672371192 13.33797949847671 0.9737969169753705
12.38411308051279 7.903896110553246 1.381523320433627
40.88972106058603 15.29746331381493 1.077848480678344
3.53728638055608 24.03426537384943 0.8772013074897704
44.95983828835182 45.19823087854228 1.285643388246918
4.67020688842526 15.3435657957306 1.015696763354813
13.07894882284056 15.71294702902108 0.8692308221105853
49.1810021275566 4.134521560340431 1.152848779767083
53.52159808041602 42.58376252073038 0.7630344513259688
45.62908183114095 56.51196175278722 1.004040598458392
37.03580298881782 48.3055788973838 0.8134620097280294
44.25416683650304 40.5730893959166 0.9684990024408949
7.195492858158189 3.299682533042358 0.7038876130321354
15.29822851312264 11.86569977312614 0.8550459574420541
12.87509324023272 22.78936939117935 0.7007634096727822
55.14855951869328 25.95404206307327 1.161752547713473
30.08856362341371 33.87060761166299 1.085923411334429
42.14573959966457 46.54998877996113 1.123932122045712
32.13375127414882 1.764875070082431 0.8127219915053688
38.17929937978243 31.05549326681322 1.020356687927323
36.90073611396399 47.26636359946167 0.9541406149954278
23.38696233992789 52.24058035865453 1.060046836717785
55.54026289169689 32.66458974716468 0.6789655877602561
42.44815499775491 17.18351122046984 1.012515044603748
24.27729027451821 21.47519703184962 1.005514299832508
44.86797389381937 54.36585389793192 1.004617915206781
43.91584265135035 11.4815978824541 1.081899018562768
11.68105112047915 19.04959389895647 1.079392526814763
50.10508719231239 16.02454293427269 0.9433054221832265
38.45550771684177 53.11728395527102 0.9004708411464328
13.5968241629176 3.750008735689339 1.236087046667848
52.80783346938334 12.13708702807179 1.238977780515963
29.32059824854163 35.80445129135831 1.193872019285828
36.5792366520405 12.29347886019083 0.8813675708665254
33.76867589204045 21.21083745928986 1.023313299485134
1.222380771405241 32.11448053555306 1.021859081015488
43.59607841800716 5.905602046710253 1.029855218727586
7.187817321712066 56.84255137054368 1.15194209927754
53.41018844275278 14.70551015655767 0.7799141254525011
55.57770409461935 39.79383594440009 0.7998474185642562
43.54384468008943 32.73872184415288 1.103363878312111
24.31161528560874 22.95844316294344 1.061667982238556
54.43047381026227 42.69436828638165 0.8172642629911924
56.31659545251941 55.6528546082102 1.119009327340299
43.79107803096579 4.404927186856478 0.9422740227985387
56.44674845200346 50.97889535267786 0.9528872052553191
35.43416126278888 47.68198828291241 1.127941380762944
34.82008296568882 34.01186535740824 0.7146889334951758
46.18639358840249 17.01966888085924 1.041001043242256
47.48969321115394 13.49800884746854 0.9198108791231493
10.13022238161891 41.74100647156174 1.038325915117045
55.05835037960594 19.05591474941741 1.10663038212035
4.750283009256368 19.16335989076801 0.9615363469091409
51.14167877153572 22.55913180464838 1.115327466328345
26.96405899150486 12.15125469497929 0.8068799700227057
31.91165210209398 31.21153752236233 0.9712980568703226
51.32611033149348 45.79811695674346 0.7752950942284149
16.86544022516601 29.1461932971823 1.198040012982776
43.89716466418336 11.99637584946881 0.9401923801623672
7.360933306795048 34.3868578487946 1.212721940207949
38.87126131815429 35.62460710509895 0.966061958005803
32.08005182215946 36.92961169776023 0.906110611314068
14.09017617771876 26.56011460607877 1.014112424479539
24.98993666842111 26.79468244723728 1.195676859222685
26.1655331822883 49.30989280962846 1.187447730253999
8.587975399842474 20.49164351378178 0.8952275514548447
49.63783681096408 3.917992000895548 1.330420753927228
15.7946800509443 36.53500144860475 0.8861103212216058
13.92185927085665 41.40875260038709 0.7317982968545511
13.49465870833707 52.79312061555363 1.193224937231639
32.72273228677117 17.71388150691701 0.9041877729561516
40.50152681744729 8.14116812131422 1.064334539709462
34.70128272739299 45.13462306565355 0.9793982302891666
24.38638541586063 42.19415408288788 0.8911657406078173
24.59867751393406 9.254151881325129 1.056895393672657
55.64221536770566 33.18665291377653 1.372607469598715
1.640068512242319 22.3836321795283 1.056264243126891
40.66821710843044 17.43474856318661 0.8283425271041541
40.99133755918189 54.08502065580572 1.163940109337506
11.63361348800064 4.024697211582538 1.13730776866184
21.73857871849955 26.16125800374954 1.122615962193257
52.49751389608603 41.88326511573199 1.150771872548789
30.01788815484284 48.13934641477621 0.5786900182468693
15.39295065328151 13.10650685387967 1.00813824695767
22.36065873520479 53.1138842874737 1.018392855452017
16.17828108099209 52.1064541568544 0.7007127457098167
17.49008630984001 16.53232645035364 1.12227720067331
35.25309818296372 19.40871993797306 0.8386120891880019
35.24921283696276 0.1062489417876345 0.79301037489586
15.9284807331527 46.8828263249634 0.8260795725087706
27.7494699232045 29.73668594273584 1.379459683819497
10.75278996105901 51.50243089557738 1.01043815625693
42.64177728381091 18.32843316641097 0.9782533266995934
53.87718496978152 40.11344623012163 0.7588307924857169
14.34429783529802 12.09143983297583 1.169392125847316
35.31669200785304 31.83438414513803 0.7266352127728606
51.24310408311109 44.73867769247791 1.002266099678472
32.41325026816374 29.49231689353116 1.084279158071565
19.37514319195186 48.97587278763572 1.069426233799158
49.9299429207714 53.61431526514437 0.8236427187959352
26.35100118133752 28.59818762056445 0.7597345752670999
15.18184371301059 29.28648369446699 0.9464667366837597
40.93706720040043 48.9349781945045 1.053146700479928
28.48389438469144 20.16439769145306 1.086202414619993
32.25583752442889 44.75001256389078 0.8852895200162146
17.6625763651275 3.879603807758355 1.048078899076507
41.39799734176975 36.46320813450181 1.184837575967092
25.07478397110234 3.773140507178912 0.6601821853919402
0.3874557723232805 46.28447855510026 0.9980275504352084
38.68413970930695 26.7384569536608 1.059323323837523
56.02494067467048 30.25153191213102 0.9751692839080714
54.68960439259634 46.63985750900575 1.184994958694122
38.57483567696755 10.98147697652759 1.200904840117349
1.791069257907136 48.008156259548 1.022465329508701
35.75816879689608 14.47224553510186 1.10250578936474
37.92651059009438 37.07797152506093 1.236934446189269
13.81102446830413 10.7759232985675 0.5187631715791869
9.008000198289752 38.88580843940647 1.135141412670737
56.89053533128022 14.93651957806969 0.7892777314090291
26.73155964898484 38.57467501404447 1.147555913343056
35.44065840981931 40.69991720640097 1.120641582194758
17.86575771023788 33.13026277587296 0.9649090638255586
14.75693434232703 11.91461036583158 1.002294494684674
11.34481725205892 16.54800360023417 1.056609707575546
22.62673198367782 31.52142097266457 1.122855746407348
18.75890689425119 49.00465796701827 1.020921323369596
2.780581239043074 13.07421323474227 0.8743990722847349
14.45573980196181 17.32964507133218 0.9464039992878246
32.26616464940187 20.25285397761169 1.083388176387499
52.9209501207438 16.94114118113236 1.026151883978299
0.6410583609906297 25.73283748595642 0.8114383099292546
7.491871279893383 30.98083307639735 0.6181053413216092
42.89544344222892 37.44099504008935 0.8531469639524731
38.79680924899728 45.8182100410658 1.052602808965458
27.49914541025606 11.22221344580046 1.23107274728282
6.913140577689345 46.25805233104995 0.8562240911676332
24.05356687542683 36.28372349556709 0.9573514198570454
23.33709772319398 17.57486120405368 1.175704402147654
15.5444035537282 45.69479495738391 1.090794154066202
20.91255722703066 16.18546194126153 0.9980603191321102
47.16629501765887 40.52381020482807 0.7143928457269644
50.65323412914445 33.0617384333451 1.173566219409402
21.87994844786821 9.560286680497363 0.6689010336479696
7.841762956623809 49.37909385812426 0.7718546959585905
38.63714616263152 24.00937153911654 0.8719025826467788
25.73425720154041 3.465129829694112 1.182392078710442
39.74885335180389 53.35392194071502 1.012996007533308
10.36268528102091 33.37885195407031 0.791042258481808
36.88519542007018 43.84235787756851 0.9353311688124883
26.68704980830059 51.3128278368678 0.8445797888955568
34.83663801515318 8.900020487094308 0.8231408737886763
49.91508323276187 55.80144323352791 0.8398846340073507
8.361729887482584 49.19182682185985 1.150127502861028
7.174125485668949 29.1442300403231 1.037167361970335
53.15360157943964 32.6809875577134 0.9537250532749431
49.27640150453728 26.17042577041799 1.347143614445171
22.524347711133 35.83149688915885 0.7015087574604095
8.404106757326101 17.48153199790117 1.445907969702007
27.98311986494023 6.907092745372603 0.767424389785017
18.17626528543246 54.67016967324082 1.01005383319775
14.52351444611489 36.0565585973936 0.9442887487795655
42.32307215701932 7.438597652334066 0.8865268726546487
22.23362930642144 43.21973171840409 1.394918470250058
18.86496276448712 29.40775481863308 0.9408058987898172
18.21902646693356 11.51756328508144 0.7107562441246142
1.492680651830826 10.49542794492814 0.9406242162086589
42.52068280126931 3.212336766632431 1.354592991916514
5.792989149127616 50.92478955859541 1.177280899059129
25.25869696645937 48.67698865601653 0.6792782467661533
39.72197924634534 43.43496227843453 1.101037412425298
19.85801392181684 3.870672748829552 1.144932101921281
19.99845839943665 5.181086052293463 1.352312250144941
41.07619189567686 50.71918481249324 1.234336110208603
5.950654526218146 56.44015362786136 0.8484263036323347
10.95771691294281 21.02355858498419 0.6860547717805725
34.66510893807985 48.64570599498493 0.9273260112090924
51.85804276161736 53.77804002062327 1.170317644171424
14.11058127140188 15.55191149960827 1.331275070658433
7.228900129082101 12.31490574139865 1.033310336044671
25.80424048975307 53.57605845833945 0.9707908018049933
14.11172414669382 25.69756248532681 1.038977013951323
45.29890131591768 55.18791604237068 1.122862989152293
54.62806967023204 38.94762517788803 0.9509442914305352
18.41923680874483 8.585786556632158 1.079901452362609
47.73427462844842 30.38071873103302 0.9585755392255726
10.64144675975733 20.32720112350173 0.8788980488296082
32.64210686490038 38.55423745864734 0.8205627142463741
14.44640534717888 28.89891243488477 0.7098185671674531
45.15417637776312 21.05983230753794 0.9726277676766825
26.64913810959511 2.265900497914246 0.9036851453057286
0.4538165402849282 9.174142037599413 1.129756747513063
9.197595241105926 55.08188621051697 0.9906725372909047
6.667672740606439 51.09295097835965 1.207232732693904
23.70117782321813 6.899165265680834 1.114161586520981
1.988700525829895 35.78346018809055 1.164696134276221
13.3520340138823 12.63014728558722 0.9950822681555741
30.50049420096935 31.75276814994997 1.056623679206203
7.656268414881206 44.94689954814822 1.027404016786726
2.840036049410718 48.80585696259786 0.8931477518941421
55.93259261917909 29.48917418554852 1.013811717772504
44.43721361106132 51.52557400079704 1.018135833184901
54.86412944964326 53.63480885216725 1.042842540589254
24.25164090201801 56.27513292537775 1.051715804858062
40.07884761694765 47.95281872523614 0.9972020725334164
30.92413400808542 8.162998690345789 0.8320664896843052
6.911493338137629 44.27616802196771 0.8628665572171814
13.37819897820158 51.29364020344505 0.952981818141909
37.77492279967988 21.03446739308279 1.190047943373471
55.90722770472394 42.080575801004 1.157908263600621
33.2324602940271 54.83982029736033 0.9754602632115685
43.52980765631879 2.006963544528449 0.7141246488011992
21.82979172879354 41.39393707941935 0.5957345473367743
13.71238481239992 13.458681334955 1.135546254687809
13.84623202394984 19.88668300345851 1.14777062566128
28.0496816938043 48.4982078762251 1.118856083963565
32.04653402746028 48.84282769628001 1.10797931877739
9.45920037220195 25.37700762477564 1.232578290642755
19.72188863052143 8.366428050383194 0.9747070690469408
23.25856665254504 49.73605600406232 0.8376249768437091
27.0342969303179 45.08835840788128 0.8127061683026963
2.525610294903447 7.509826774946333 1.373402570449149
48.56948265227 16.23799510730337 0.8706364811788486
36.12467811076188 5.55522259490342 0.9577937857685292
50.1860806817124 7.174359804566186 0.9862936875090202
56.01718750084619 51.57379297054084 1.107193755628348
13.65734766174916 42.15365537402856 0.5786324021737128
10.53066297226151 49.59096684706908 1.107158975872943
31.48297611087699 20.98824639804114 1.100300752371163
46.0155797838306 11.80388239761995 1.186050303693662
30.42528040959746 16.04987668760581 1.095085211014372
18.65584620770805 36.03360835138411 0.7336087413173455
38.71114331656654 54.78052431846993 1.073753563473528
4.954884096493425 38.64226141741604 1.284157868901979
0.1298386278235533 3.972071597339619 0.7466520619122858
46.12572697136818 6.085132551419145 1.081208303991987
36.90373432352381 56.65638997017238 1.211473636665742
49.07593486647863 9.660216098958728 0.8943350644846818
56.02529756772579 22.5012152495334 1.061975760860655
30.05648871606984 10.43603880118394 0.9936935759903182
1.335389420546307 45.1215889575526 0.8838416552931735
24.15519728239402 25.4426107580972 1.207934074943046
17.77175994672429 8.744028228681548 0.5842211443169812
14.25685962068702 15.82444261192551 0.8470827786151911
29.68747653238824 51.16059397075353 0.9968467239683368
5.54730435206895 36.12546889722602 0.6990778172904306
15.5849910744396 54.62323921854759 0.8933139617204858
20.12445446808098 14.49577775620659 1.132770307724961
13.52782698884971 50.18094318415082 0.7240110432789744
38.30253214170343 11.66328402546387 0.9277850812952647
34.85445206419306 5.457729397554756 1.104615251866711
14.2017576262363 37.44572951339452 1.037316585491748
18.35285602759237 4.588047245791204 1.187666929353517
28.19039122676029 52.17226249173854 1.106754801177168
3.876014280075214 0.8778677591485287 0.9079450119942001
29.24144369002499 51.88016081456102 1.179544557091936
55.48231573285643 44.82643479100728 1.058354568204146
2.436723406629974 12.62785444810421 1.077729850557903
1.763778432162375 15.96455039547968 0.9872220651079722
30.8277668048757 44.11132977395846 0.8393117348581683
38.35887906810216 8.682218842526069 0.9346365902317738
4.308430826900728 6.77081679774952 1.137231142348184
55.91050336505776 22.66128688103579 1.094245940166911
10.7128585491855 39.54925529684371 0.8059691722338715
31.99816870130513 14.58887282926071 0.8516973432917823
33.94571966489112 12.66856671947454 1.246733188971334
16.21118589873015 32.42803537120486 0.9263204113383613
21.34244035340028 21.45981447932302 0.9746297925901996
18.89627528604878 27.15123798565531 1.020091161128641
1.406260933450545 6.831626904584294 0.7179830710699782
47.97906241518402 5.714691786893965 1.113887393942192
28.37597866792976 24.96130774587454 0.9077387750438308
26.71547196326566 39.08883721711526 1.155157091234715
3.606252791642329 39.25585167401277 0.6013836482424019
6.051465029386554 4.101254275581452 0.9710074452804737
7.032979192693243 12.31287790616643 1.205085539587828
47.20731555587022 25.92925447874202 1.184565517466566
18.6532965696665 53.72668365143551 1.205176329818898
10.87701358826692 20.05955752965973 0.6875078664827201
48.74564175715001 54.15022798448346 0.9248825130066521
42.12206200422815 18.46111369387298 1.155151015378664
20.17475433190109 32.9167751948893 1.05681848889252
40.5703110925715 43.21942008064102 1.046228393610023
25.47527172811109 12.59166988245755 0.9352430761520411
48.27781815979528 16.44570928087724 1.130231884107912
24.24005183123055 11.22270310540809 1.724432006798622
9.909211539621097 42.89334840089704 0.938946670776416
5.952905904014085 11.50769728632071 0.8373450899847212
22.64230113133895 31.72715522056779 0.7149868647548298
28.87738317850855 13.79051349581709 1.003402118830007
32.84905655581926 8.116448327021882 1.138888862602247
39.24323094181867 47.57342837498217 1.09412657976316
34.17001346646343 7.718502669929761 0.9864807486985252
24.164211950807 41.50426918990178 0.8877817804277071
23.75862895220454 52.92279916439336 1.098258861836982
7.145502243258758 22.95996721785514 0.922147288826442
33.89202915778944 15.09488900010236 1.129210353416203
26.60258628642307 9.388493450539416 1.173642765331331
14.57209028237131 55.2710378045547 1.250632533778029
12.06155130037179 56.62549286830495 0.9208079979231621
51.56592181444444 18.48468981659258 1.033795011298761
8.478139398842183 34.89253467130127 1.114961161340872
26.1725736847951 42.64815286530561 1.016871251068906
11.09598443847894 9.775249265495338 1.284205357519165
13.8419411055939 34.85461339068348 0.9887717724837484
25.85329414757588 12.84355067314745 0.840711138092842
49.85266400168308 2.745323305365314 1.380097257686029
42.59025839371153 54.54102595967289 0.9736447306796783
45.98734979796566 0.1623486495401471 0.9096614051686893
12.3892789522136 38.17774395140714 1.066186138759299
26.35830485464926 8.038582681696202 1.140956733773191
42.93111735299748 42.94946294601516 0.7392147183352364
20.48459709225436 28.54215466768581 1.066511153248408
38.31740393318115 29.12907599384388 0.7147282455289086
9.435194921416787 44.01545236306985 1.005981095391089
56.85900306276 48.8744367793549 1.024248451554118
38.03381237435798 27.79744270946711 0.5482315436403107
25.33846866914 17.46064287166141 0.9975255311880372
23.78641941760966 21.15053240682489 0.7731059760635051
29.02414744488157 42.61370796086905 1.021614620002257
48.57598547943681 55.38245229953083 1.309838308450298
51.30233768667203 53.70349361873394 1.180876051675229
8.125562610163149 9.589472521836624 1.231241620069749
38.7185485156805 37.71927004434134 0.9972172484261357
33.45841890641415 37.74032129335232 1.106330447213576
29.61475804616453 54.04157148769198 0.7242704550282042
4.114864625555866 1.088051119860286 1.046538993331899
18.5486939915217 44.45206164682845 0.6175491550723481
50.60386570152075 48.77312300017714 0.9827844800078043
34.3868309345035 46.42628865429493 1.077253948342668
21.01046539284776 28.03912155052606 0.9470325440570571
1.670973550375073 22.21693063444315 1.093179098813584
5.191058619968155 40.38952206605558 1.023652107246345
21.1298433328652 18.94395976557581 0.9404267143579025
14.96689944247105 50.74460137902973 0.8418145868219105
51.83265249889002 36.65117348248659 0.7898113373583352
48.53509738926547 13.38134649041172 1.268323453123835
5.154469464046167 21.95353825108779 0.9135011120753916
7.766976184103161 39.54130039854967 1.003932456717281
10.58042192253304 9.158990247249132 0.7573387013931829
26.00680349627827 18.20295141553644 0.9027251406905037
42.15658964224001 39.14210213867114 1.020722151042233
43.30098689221823 45.09279029448181 0.8438095186676768
7.036750060057617 35.75847910752449 0.9428557511390989
1.175431577570472 23.02228131332541 0.9807936228121423
31.51430365560311 14.54390000437568 0.7870117517663318
48.73022812312945 39.28127983970627 0.9430312130680469
12.26904524921861 37.06552493947815 0.952309183519142
25.86857371445213 13.5095364984635 1.170207145701142
41.96171937182626 2.721988190301688 0.8495120799662883
30.25456383091144 5.753299010337004 1.085300380537982
41.5117781178615 11.3282499664129 0.8219809242803975
3.313595177751777 39.3520213199556 0.6804226892863023
32.76373981906275 3.241665513832898 1.006171075838243
31.26966461412127 24.4939679421922 0.9970368109048592
27.60402294416168 53.58166679673906 1.28630334539985
36.02048731596232 39.87306819338028 0.8650690501961741
53.38260469184378 33.65237563040684 1.029414987109265
7.708678237026873 12.80360598992724 1.139050702526792
15.52559418022893 49.06871299774792 0.9363817162150097
55.42369661919013 25.67841259561405 1.323490577168306
37.00666256202695 32.67362206646875 1.024328731570334
22.28749600392184 44.34299660490034 1.11720964753933
4.068761188103241 14.42441183255259 1.052895238977856
54.25652340252722 35.33842580222451 1.196420219960375
6.693290766185751 9.522402692363785 1.181425250713647
36.36113552626275 42.71377808214807 0.9387970360189777
47.60283911256252 45.77807557758786 1.082551753401494
46.66070283980142 55.31151734958939 0.9170905403888965
0.5435649513004185 46.40561152454727 1.141777770042442
42.78568834335808 29.9035918400174 0.5748768653936283
5.577213906486152 51.62858223897805 1.062646669030862
10.13534748374268 44.23788594651869 0.892366163682729
1.66229775252859 42.89996350365689 1.129073045073167
49.54253447407044 40.58067755381608 1.050211164501661
50.10308024617986 5.040567732900645 0.9948938244706598
41.94960332240425 42.49855113192394 1.11873992838703
31.2766266829691 7.709597755553945 0.6937739414784723
30.86395973147077 32.85830822394151 0.8637225766592891
49.96558397168554 16.72801468694956 0.7477757984035532
11.25148613483249 35.75127228850092 1.097709552074308
1.543623167343262 52.2088204599958 1.146505731322407
35.22115455578135 11.67897065108594 0.8760279031222753
25.88307932293186 41.10900413250039 1.292765366431909
9.764558134025222 18.4256137704596 1.337288287004976
17.66143898417309 17.79276190595364 0.8149225909085341
40.48455810010645 2.611042280034647 1.245629185731152
9.243050771412928 9.027444393386805 1.269736747663221
10.4262478917028 25.42750050706207 0.8816425771464023
42.15551519401163 42.1248051650472 1.011187591324754
39.14310415188926 31.78712172097858 1.300915836343069
26.99594215443169 3.938532037631856 0.9312912193442245
52.36569797031846 9.442648507860792 0.6047138801973126
50.55165266690387 37.5676848285681 0.9620113248427076
39.67439103716723 18.24133430013495 1.02163513384447
1.029686258653964 38.11035701637638 0.9489307677150169
16.89334888518478 10.27273703006689 0.9860277309023131
35.70023753712896 21.01112043997791 1.220613073095045
30.71142866681862 20.85575273114059 0.959464202550155
52.64287445211917 31.85330308687561 0.942056981817077
53.54126013794041 22.63881660655086 1.167579206551457
32.08146511441165 6.59496181905035 1.059879573625029
13.15573534842382 25.63311775477283 0.9740240294790151
2.670555086187345 56.11282873484903 1.114589588966482
5.233957478419858 3.700241344841309 0.8024576021943988
13.9729784014509 27.36098710790322 1.270403556624154
49.44690316703492 49.67321593857986 0.9496296178985293
13.52896864317775 54.50803315290624 1.187388211742215
36.01286462601873 9.171843095296921 1.461802253886067
31.81065970184778 8.153171337746629 1.098114150498738
24.46108279258995 6.892124789716734 1.138893183681461
32.52524257103225 1.910779830958126 0.7904926330452171
33.44694452660482 19.39969462594003 1.007135413052503
42.30824288693641 7.755656733995144 0.8498743506494011
28.72572961529984 47.54220036535627 0.92133247483212
12.6695067289609 25.42887650683004 0.9314197991438957
36.30990244788579 5.116409869453129 0.9732655873731827
28.27474170330667 31.63106108858765 0.6601646214858136
25.19004309558777 7.28760630278271 0.8182808220117452
5.704550646573561 7.302813806246414 1.159936387304307
22.50568864890639 20.45268382991323 0.7286675662039022
17.43062581933598 27.44856533522185 0.7665859409757891
50.97947738085849 2.738868706272388 0.7596933260940563
50.28106907162865 46.66012017459614 1.278020164915692
31.6541223095982 5.95057577404686 0.8635136093879597
11.06698567004268 33.19108910029339 0.8956191821112666
38.64603472670822 39.34172737334935 1.056970424711962
4.387457104580224 29.47106468978853 1.051320896903215
7.238618178869886 10.09200777769648 1.055978122857271
30.54469160760971 24.69351044329512 1.372220240714173
27.77523804771492 52.90815529502377 1.094328427631584
23.35672060370293 40.03956429801861 1.099151735052542
47.94473257332329 1.560942646377228 1.049521441709905
48.22106284751607 37.39889357723244 0.9114498430271856
47.1763774189988 6.31005947585686 1.044856920509593
40.58509043584814 47.3232987384886 1.327033138730659
36.84503083063524 30.21442408543752 1.194624280541601
2.685488748683356 46.18697123703871 1.15970980714047
51.32449573945463 39.45936727126099 0.8779321951243162
7.152877688013426 46.70651611252991 0.6782998779596485
20.77734258900273 53.21296463171624 1.227428648982015
36.25252890319216 25.85711252636142 1.093280863170569
45.69500586562557 41.9973001708264 1.082617750812483
22.39619372151615 0.2592915372267792 0.819205585583886
43.22612816245581 13.75911202968988 0.9923170963866761
43.76806506457183 42.08774506211641 0.9251933991357933
16.05057545055196 23.61309589520707 0.9298675601166175
44.18589974575951 2.170079543334469 0.8622053405376929
0.4470251409555903 6.117177784031806 0.8118543012960578
52.82369389656172 47.81660947940154 0.9868502689427802
3.812867460685255 30.73607384959984 1.259959694239589
56.59318637596126 23.64567848464738 1.144994156345406
25.06269650816112 9.676100494189235 1.071392717952754
4.218002259367147 11.43804665768428 0.9275269654664546
15.5151520457655 47.98606732393898 1.014472573168864
14.59916319260335 11.82796086735463 1.118140833649681
29.56465600503826 22.44474702302588 0.6830563390834742
24.61482656636035 30.2626439310902 1.035489085139632
22.86773353482957 51.65409345675916 0.7880314999352427
42.47070290961801 41.67541424728716 1.202329644324956
49.42750128099113 20.42137552863982 1.186795075333226
44.0670540398299 49.803507092783 0.9657809678367293
1.696788098056236 47.62880118453354 0.8406760257761537
37.41667649169298 44.48039955528471 1.11110101352575
23.07022681369923 52.93182853745847 0.742511125833498
27.49755603377594 50.06563007182704 1.201459057433845
31.42397940085455 0.06221201227149554 0.9439030373825963
16.81276776306926 40.12520366121326 0.9699642901767974
34.50224206899397 39.68050132444152 0.7485958565541
1.371928729290109 20.24999997450504 1.120183930518373
0.0402030497976593 50.79943001028123 0.9107927464385143
42.82011761414824 27.73842954297477 1.291954547916024
17.58452070065984 44.51690571220448 0.9192161114855485
51.71573573011706 23.79378440454313 1.216437479653501
41.81533116233318 22.21329173735031 0.8218179384065478
22.27550377616449 32.36979157122308 0.8308297805800803
20.4789087010915 39.08827153923375 1.153580556779436
13.34593959913866 23.14070156642268 0.9525226537741966
13.52429227182841 13.38614264893632 1.033144848460023
38.16715630989855 2.760249137766775 0.9850889227340843
24.93409731794805 55.7516770105584 1.088208639973534
56.59859500713581 46.42624069164798 1.111902613522363
42.08523523811495 44.92591255899794 1.096971856899027
11.71969693699837 53.46088448281441 0.803106527468479
2.014262679039623 28.57911141336854 0.9347439894022898
3.948902958048928 33.17910369400825 0.7551128145234599
6.378037967895176 19.44389819048527 0.9312175902509233
12.71819048780864 44.50619406323237 1.518075662964733
51.28751239799313 26.24248275963705 1.28915171371816
13.98789308592113 48.37224787910108 0.8613908413551438
37.81117000608294 4.265047935892384 1.274775022720656
50.69128862754036 19.758811109587 1.19039160518616
25.3356775191313 5.336841894936208 0.9218313919923915
25.86381118552005 12.58338885408984 0.8890979240979442
47.67702506467562 32.24184915341523 0.653480505436679
3.388659958442981 44.74547753238375 1.183449647073503
9.343473538916314 54.67617238297881 0.8808731543764514
8.903816304590467 37.42611082663113 0.9053462791997169
49.29530324660954 22.8917093905116 1.565216944351053
27.15675732640398 6.471934577204257 1.104973673528731
10.51623821282584 20.84804592740165 1.371758599792642
26.18488784888056 25.79052776461026 0.88525238496445
15.90729018808682 27.98261420008848 0.5454301770746164
42.48053557075585 53.22838368044625 0.8696053859266653
37.12516493821757 33.15756063543147 0.7465180473389295
54.9948401376581 31.85889279230446 0.9995384356047844
56.89792948863373 7.338313676574414 0.7233449992832592
17.57412392765941 38.43888145333104 1.019594483969845
51.31200058074295 9.869427147726261 0.9722570644658255
39.97590040041874 31.48734817024663 0.875589043278916
29.58229383713672 50.49213861324458 0.6006681094272031
24.60356728853824 45.25134453328855 1.048291034530664
49.50289614661732 51.96813978346444 1.093289629718941
48.19652343736799 49.91828552909116 0.7739948481003015
11.14099229971924 19.66675624468678 0.8947550942102901
18.85455664845861 34.04827004161117 0.7148956150463202
5.49959558597747 13.16655720265888 0.89415109492278
36.27691646259134 26.89359756321348 1.087410961970717
41.31753457352404 8.859210299728071 1.229548809022946
7.67224982365605 49.7297904951171 0.7715398137272005
1.173210564615769 32.27581713873698 1.12773792393775
27.24395689565873 50.77425559273654 1.054612855064322
28.65953840206356 18.44048033302672 1.129760421341016
38.10723657771351 48.76327855408344 1.174451146215094
48.93636313916014 32.63288558816206 0.9361643743676122
28.75305932609041 29.37647645751782 1.03823207082128
15.02338171006338 8.029975762139063 0.8314653159979585
35.99384495475974 24.56143591206588 0.7787445887270377
12.38560063922107 37.16705551937551 0.7304847769226606
44.14099120727786 2.502700606129459 1.445110168272934
45.52169025294561 30.83353227602017 0.9613579172420664
22.59681080356092 34.23959444707241 1.285069342931486
2.261812365735794 19.32875625199115 0.9747496635835909
7.148607393330246 6.668317648427709 1.414166112472844
0.4853593727971238 22.17198912993632 1.157685366749302
19.4112435376324 0.5067503417407863 0.6431514532336908
56.14891541104247 31.79684417685347 0.7643869123574898
26.06737835522153 12.30457097212997 0.9537123718521245
14.01966867131166 14.58906858162445 0.8744665104058709
33.56249442629633 43.47980777801937 1.080775481916905
28.06367027715951 19.21259807339525 0.9710340433114546
47.32148101521725 52.58382728443659 1.021781594566765
12.64724627446721 47.80684038801437 0.9642288539240944
47.56227378154279 39.26872180135395 0.667089664918516
1.933019210553271 9.973517292632497 0.8625270180962727
0.06810303035569519 9.933941260880763 1.22660280242613
31.96624606939324 26.13548138557723 1.209457729229433
40.72454996720168 8.376615481160867 0.9249958025548402
45.3088147464715 24.94254535294256 0.8497786785671648
11.42235313096193 45.17519981003143 0.7419111676181813
41.08390721962038 56.85757302206828 1.020351045833122
52.44140027996218 6.801374710538133 1.158682822689164
22.21222859630931 13.19721666779239 0.7661682139376508
52.46593846914635 36.07993363266808 1.083967332199137
22.7480196704846 35.24141061224109 0.8500779369222751
55.69068861645213 37.22997128461952 1.061892514941283
17.45232240085133 30.65693465930267 1.057184156873762
19.64284940000756 47.09000261085573 0.8868944572263735
48.06745016810831 7.951664119936369 0.8879907341069576
29.8229732661615 26.45490109476023 0.9257675356917415
53.35417948446897 13.90688048578188 1.213210450201351
45.31226872061951 21.75387434370531 0.9754631824154482
54.30968263107803 10.52449729038612 1.167030120186267
23.29899966823822 30.41702948064405 1.364448214372948
10.53653065931822 46.04701933872281 1.042131361540256
53.56540047869338 7.349128656251882 0.9564572056841579
27.92837017165887 14.01772285300201 1.171561821549024
53.70855753994945 0.6489127155621129 1.281485573543347
24.38382539962597 44.77600768151507 1.078026552593878
52.95498735595261 38.42355012820268 0.857765639151264
8.871274431641806 49.30916681387889 1.034486992376254
39.81747470787609 40.64269930806137 1.122960921735922
56.93762289217563 37.12715731241142 1.040285121248763
11.58375433906156 17.46619624014301 1.142931860919107
8.305743331231989 22.12028499837978 0.9413438515846262
12.81868388541913 3.078616004473817 0.8882038319273733
24.31331205382632 40.747054057078 0.9043869217202676
18.04087684584822 13.80489639742528 0.9529633407066324
5.968288084942982 42.42470224547419 1.095616480397747
52.99241504864414 33.71235004054027 0.9865626466621998
46.84505819568646 48.322845636086 1.017415306450329
31.96554491760467 11.83372142810082 0.751265507479788
9.789690189431278 26.13274151605216 0.9240561726066829
43.59893775619517 55.02817866300614 1.194186586639129
43.49372952687262 50.112153335061 1.032216518211906
40.05946744282705 13.28710819701064 1.073614159715638
44.62504948378776 1.100344262132581 1.170536221862228
43.52504653414946 28.67290864683357 0.9891318269085738
8.162202462629509 11.36612211650523 0.8675272400024989
45.07847215704549 16.05385822432761 0.9875326837007939
52.47746314735965 56.97457071951337 0.9852356937318091
11.8082921210715 55.50608131732144 1.240482507973493
53.57574958101648 1.530727426302958 1.224699857394895
56.55890608930909 6.373255346144203 0.834083837829921
33.28684061918726 14.55126809680428 1.006852062108413
53.85694221121117 45.745136201263 0.8400944945022312
42.76471815573272 41.48199166845623 0.9097675331529989
35.07532921064428 33.37052699754505 1.105819128157337
41.52963139700221 43.23753169981648 0.8967862565620428
47.39214921109013 32.81512124455307 1.094352327551139
26.79228964997096 42.86961233190708 0.7234206388078768
13.31262037032872 44.59798408513794 1.091325618316468
14.01476204209717 9.888369924802506 1.065661685711026
50.06305726201416 45.68761757420731 1.214584564043864
40.26754326059834 26.34989785465873 1.252802759972121
41.57781955067898 24.54382865715019 1.119686257657488
54.44894871928214 19.65314873478057 1.013431953968666
49.71701151538501 53.28282961914448 0.9822933207362137
21.46612598675588 19.50930113881328 1.046906702104731
35.01798189013171 52.46506232138027 1.019400312668772
41.85380200941758 49.03274395877158 1.016309478391638
25.92703182014033 55.41648950819694 0.8479329746043349
19.6701310685231 9.194575054195978 0.6601856684493017
55.14778707323027 23.59389514969378 0.7730747826502279
23.00484462175744 32.84613526698487 0.927341755491231
44.6136498747457 33.12649331527133 0.9966224924212723
46.95532429449042 37.33066139013071 0.7573767534482176
56.839962528944 11.56176483238198 1.01291812708704
8.677268178983251 34.85794441907571 0.7457204988777173
24.51358370925932 52.81772017144492 0.9746140478725104
10.79674888159928 44.18371477778243 1.037939039782647
10.09273151731711 3.160082272328474 0.8738377771084707
2.157031341063339 33.09757613907455 0.8083672854996082
40.68024028496828 36.39618146344841 1.079222829701418
15.97822221833198 10.91605313909988 0.9151603457925134
44.04254645437121 27.65582528368375 1.031337855965231
40.9225334832084 16.45186936224432 1.193564645724925
28.0136341946263 47.75454374391332 1.166963283809695
18.62044037814272 35.04046134838856 1.146898595485343
47.42072074833359 8.79919761503078 1.110409412505563
41.32884890089223 1.217469603390186 0.8662536218882615
49.5012263988616 38.93763718890848 1.04938830958096
39.17322004920487 28.50744393817496 0.9528033990099481
7.903625375080679 8.259011840568395 1.173696226493725
33.76951344673034 45.6041263908167 0.9053544703677239
16.25995164795776 52.77341741685449 0.7950342500411673
37.26392926334587 55.33722721288783 0.8358782537379217
46.09177095680114 55.15635378060693 1.065218062914982
43.31802480636073 30.3773848625726 1.084125449882734
39.17658250414608 27.99633138440378 1.243564281351342
34.95621515808451 35.15949489695928 0.817972858314253
41.2351388070896 9.838701856713138 0.8523682334924471
53.67445816829542 23.40835882975178 1.175729886777266
46.26181913738224 46.24977116996877 1.099125610045288
54.21425965764293 23.03133255756988 0.8137756352059387
43.84339245867142 51.11384920874324 1.060882905732947
4.838560981600806 24.10732169547459 1.06837394762571
32.38488515344676 38.54284732534683 1.111267284193992
39.53082813812924 18.70290993326479 0.9658940732294155
52.44165546141642 51.0968146920655 0.7543246485869362
54.19464200604457 30.39787059295823 0.713591759684557
45.13469157234518 13.49144834302899 1.015507954793029
24.37081934715194 41.80914974064061 0.872331746147437
30.76439750462975 26.16162628362031 1.047069616488039
51.96673631200881 27.97865713572999 1.012213019250314
37.043800727019 36.03635129986161 1.191365313307763
23.93448300190945 41.8823617086198 0.9826106115349493
26.25683606614211 35.52855812224027 0.9636028575117829
54.92840672234465 8.78766417772866 1.163298595577399
3.945453549244187 32.18061680541403 1.050023350554553
23.07099408333702 33.20176311172627 0.9167600763260376
46.69321145475526 14.08355361646207 1.087660405755204
53.01483539632281 26.59301860099333 0.9287158388032588
52.75464488461364 14.76725501742552 0.6396169965030201
54.75789003668255 44.94760372580383 1.087726015467102
23.98395499912275 11.52237183904386 1.223959957121644
19.68405241923595 27.12762796791625 1.23798694181174
5.656186090156522 25.83633795838632 0.9919210174071792
54.72855266310673 2.887654119118887 1.190789604372075
52.56077763604036 39.63043041789459 1.325260400206965
7.895144267890204 18.63177171937738 0.8430461704314391
11.6914321536624 25.8522927448397 1.009137007921795
32.11842355882676 31.49195088562181 0.9964018100389431
46.25920592959002 50.38941562938943 1.138499669253633
15.82067214270154 33.84709476672443 1.326759136144908
45.36946660576829 47.87515875924153 0.9910714591260612
9.932255083197846 16.27739784180997 0.7752413325395323
42.1137358001963 34.54459988118364 1.144762047431176
18.47609531901595 20.79871261576131 0.9049763952604727
3.429143007113199 18.15427158500733 0.880156381994356
32.668644647891 19.26133653673406 0.9154306782313655
24.78674149456748 27.45358227587006 0.9531514263137422
31.35839474124759 56.90516505339424 0.9949259671970334
27.77823347029194 48.20473909108189 0.9107740861612853
20.37933596334389 43.59890561299348 1.194269163083875
26.40353272827507 13.42130041048923 0.9666239365947175
39.445601062591 36.33578783801561 0.6434570278184282
51.92422901136997 14.8124340259528 1.046262304208365
53.80624816185154 13.40032430384323 0.8443349037074215
27.43719725889954 39.04028967536999 1.051643420597732
25.21964706397599 3.105841880247854 0.9757004041333583
11.43537946205371 39.97033864444603 0.7996080406854088
25.99353273352307 13.38091262354558 1.010829917345619
40.37067181680848 29.63748551934841 0.859213348559256
21.91003727163655 9.774204518540857 0.969754613830205
46.10999235655646 15.75748418213682 1.018237636936638
23.61728658835277 41.03422136792644 0.6348549387596736
54.43454567176967 9.18106484980372 1.09358306944867
27.48891020263029 24.87174290412652 1.187398819431079
36.69035442624723 36.58952871411551 0.9953431917714024
18.6113484174066 48.12573388830094 1.196393444353888
4.50664648530383 29.52012633696204 0.8909781803919626
41.37664732820198 9.092298173388604 0.9848126461244165
38.72978369273701 24.76975855034299 0.8962320541761916
34.52152366355133 24.78856962257464 0.5527501790823812
40.54605380471146 52.74268347292332 1.057452922179819
7.665737334948842 14.11597198625839 0.9178487899952131
23.2970368626048 43.65512837267254 0.9566988309492374
29.97202591084504 14.51839138777852 0.9394765900658676
37.53913940933493 25.65272051592018 0.862507427676425
10.17977390074161 0.09900674135377945 0.8696294467794123
29.61913307831582 54.63424899505183 0.8561444632083196
23.77871858597673 32.47885435702226 0.8603819911157045
0.2486128808225565 56.90309175052824 0.9628452529910859
30.29707190128838 29.37400973885041 0.7483539314905823
25.11669318523104 31.20034507904218 0.9147484373216798
27.95909766571554 41.28291138181599 1.132423033158763
27.93803972794583 9.272653996605731 1.045393598388791
8.774525889556168 10.30172534068195 0.9035318991533619
29.35576537966531 47.76140412770277 0.8609898899434545
41.46861853053263 39.53553928040692 0.976013831667213
52.36046916589163 21.00067827897178 1.076924709636857
52.95839827785194 17.74203722632585 1.126615553152889
17.64512897685409 56.80625245897391 0.9897976852279976
25.58102087098221 41.17973672094742 1.072028626783197
15.38008177344691 41.60847577760391 0.9518117091926986
34.98062543802924 51.6807098857503 0.8620086560265742
3.953363855813333 44.63913619548042 1.045004092106603
16.22039048011433 14.17562854763848 1.13572966962244
42.64987291146529 25.33365480663891 0.9978308627285608
16.27698741214209 38.01034205081423 0.9066120716261709
55.75237927714008 15.84351361675352 1.102400916881958
8.442396795583143 16.39750822745147 1.113274696291374
0.5772449218562082 29.29914416107309 0.7364663639565124
27.7211317493213 15.95732672184581 0.9349899735391214
10.63803658105341 49.77223024460125 0.9583892925167464
11.62042230024022 14.59140043686675 0.9729878604544711
28.76702898450523 40.86640062363185 1.365169523350146
16.41696864013419 33.70406165984648 1.257856643276052
29.5015051511589 14.43992622263726 1.00466615190506
12.86231858695965 45.77849258984369 0.8447674506884878
10.60015575150035 33.68993133850858 0.9147379616286859
43.47969274198622 11.17740067335656 0.9530164356509498
27.13472739520237 19.89669543825867 0.9260346537312008
19.90258162557268 37.77276397625579 1.048147766751436
52.36416441312254 50.08029206985621 0.7478564720291228
2.363816706167448 24.13119339762777 0.7125509032765204
0.8352550309315581 5.736745978117336 1.161087798480075
6.309449126622383 30.33676018209046 0.7697071158567272
19.11525274539145 15.6269404476634 0.7945159269512408
21.36841938615237 20.12913099868648 1.090129182353094
29.58540604756465 20.42974372321262 0.8457408526985208
16.09851598744212 16.06509876300818 0.6397548674829783
30.26592322777301 1.741871791771553 1.174557444777028
41.98428692528246 50.16850485334569 1.020520444351683
24.69150875261589 34.87880018114988 1.008642350136782
47.73350465145591 27.05532548532604 0.9878350601605355
45.83611085817036 2.84524858316651 0.9156371783031473
30.41694329651862 52.14555998479275 1.160432318226763
14.31732769837479 52.29726153719111 1.033998306898249
9.220555944936608 35.68574708452716 0.8497394232585274
18.09433173346069 45.01179855689956 0.7921187598719134
39.4798876398615 34.1928477209028 0.9878219728907798
56.28043923446929 34.34282052113806 0.979364055546594
15.82890380165954 41.26472613320906 1.082670288840381
38.91793871480876 52.20283410055695 0.9969551698366055
33.22233975083676 29.65144333972197 1.265366954594106
54.33164063158056 11.09427039096796 0.7539666985821314
38.07758188623822 27.74858390155648 0.9496299414522753
21.3421993988297 20.5571580741355 0.9212630748368864
9.556852135600918 30.5627553437663 0.9941135697732068
49.61289926041518 17.33723686558066 1.046436746096042
12.99504317529269 32.09278687373399 0.9514873780757338
46.17981888362198 50.81052379441006 1.097763735248649
51.41476098979579 5.008722685281524 0.7455795809083317
3.352262254968408 16.99318861588518 1.254472133558115
17.1289204117511 36.57460200580517 1.095459038543448
14.80693528233419 43.97627256064502 1.159094001863325
50.48135038860205 52.88451716857242 1.077909026404325
20.27833881195557 19.70095992912583 0.8110110829203994
9.629811178254807 19.52124394407554 1.183270081763245
17.75118821801208 23.51531614294058 1.370243331158613
25.19908916400703 12.16594920780787 0.8812227847288803
34.09203551900202 31.87630108319051 1.000113188910371
20.26752768096864 51.22095593075313 0.9124231959237694
33.60803590184452 26.25783834478717 0.9196730017661359
53.88843217067813 27.08938626390388 0.7848705770748636
26.81056700172395 32.28646328034181 0.9190063498214642
47.68034446736814 47.08890581367952 1.088474753004269
2.552866031207548 46.46863054086856 0.8504000604770044
40.35087550634093 36.88836331706884 0.9854717822908524
3.403679460009411 46.05628504792987 0.9959472742403072
13.26801293216088 31.92771828823151 1.027126419932666
6.804019371422017 12.59815176743928 1.029960700186551
41.58100438191602 18.254922433875 0.7255726540106318
44.51276080520486 19.39874354815052 0.8405837678559835
45.27842652112172 9.655116265479064 0.713184491835209
41.94157954582086 21.6923766218556 1.053723766274888
5.177899283439805 36.92900272874581 0.7560587630080601
19.6006304857324 24.55539829868609 0.8844073812577773
4.256679528978038 2.951505965530642 0.98106146262698
4.05356968988365 7.847441049221643 0.8654538666613908
14.17016046083074 17.32158262204452 0.8858697132527836
7.681631073207423 46.57917873541786 1.058494684690019
19.09893634128335 49.26263545512344 1.071082240919086
10.4516756857986 52.34686194795503 0.8879433486271839
4.007991240363564 55.73010220692032 1.035893654130057
13.81909567668061 46.94355775925496 0.8706400556813881
56.71240004324932 18.99699496012041 0.6077959736027394
33.78504397477258 46.47319097373317 0.9059274934958408
46.27033055632856 38.04172350375062 0.9890471635890572
13.79984925119199 41.33669255875828 0.9639045835880435
26.82654392478361 21.48148032439942 1.233922189187145
13.74411575298017 38.74997243692631 1.032431008333218
30.53472795828 24.19579143877877 1.277917662059069
22.92589361915639 39.09881257177275 1.257410457417605
12.56274262003728 36.744989295837 0.7450741314040887
55.74198425595741 55.91493081902849 1.008521753051032
33.99007489438638 32.5270282041873 0.9303927961294822
13.56875168139523 37.8128186789401 1.224356087806781
16.97449759625573 19.72435059804672 0.7202899165165957
40.05010994898626 48.09093458582225 1.162568241732876
2.872723349776456 9.876653847227178 1.077967898559568
55.80213411329414 26.31653066320183 0.7651851899254869
15.53856702779353 29.33686207157414 0.937848027529313
31.73421395790494 19.44232389025498 0.8885942876583411
53.18320501697399 3.776584262389962 1.145561954174681
2.691515054875759 8.707541394842575 1.019993038677504
27.452217450576 48.07963682109473 1.290411550339048
28.89245550003483 48.94244444181325 1.080435612224709
3.745319730017949 6.183540781579698 1.095158836625378
54.27447536740195 13.35119858260788 0.8878810620525928
53.67208355277408 9.84689025108092 0.8675870185570957
24.81107968455697 29.67574298972066 1.044463781807155
55.3137616404862 31.69066095477466 1.020565574979217
51.13298484502965 42.29716372783164 1.234009628534657
33.82455986078109 25.85045134548584 1.215562196375493
34.55799276687112 7.674570398253654 1.234554889327801
27.59571173675159 9.525939585885936 0.9794058267030624
39.23628896578973 2.946183359225366 0.9715987552399344
25.29805784313849 35.90837249202112 0.8745539812643754
31.38259010500395 48.95649452458904 0.8491541181572277
21.1162112444249 56.19366981610361 0.7402435560095613
30.88433074433558 10.74619619862465 0.8033141973566824
49.47794845675954 25.01731558936523 0.9884355303760067
50.86776693485108 33.26571287413394 1.129161324785672
5.818583180112104 28.4257596751795 1.108646231841825
37.95169928760813 32.63582282915517 1.275032313578035
32.90246212710741 39.42008331530732 1.346268906780739
51.36694257583792 10.31297102864504 0.9854497365035351
41.52035350469889 19.66500039243372 0.7367814458259982
46.26992161305152 56.2190626800149 1.220108712227321
19.79760341523103 10.90215907427583 1.124536204046723
21.64835527290048 11.12698394205746 0.9446936540912351
18.69924972238915 17.69171517281407 0.8021591330846438
50.95742804694801 43.24807543971021 1.110878072643213
40.99277633241973 34.8977113193356 0.8023944776128995
10.53353412194808 52.56483248368131 0.7336041605058481
4.36455888224978 38.61021621134608 1.052151388944088
48.92318726653382 18.65935608076833 1.010799324394146
18.39650182397873 38.14453076065729 1.041945171598053
1.748464359784715 5.242704755739637 0.9789812058673356
52.71841591304094 21.54606777501575 0.8345945604788465
15.22800193458237 37.79321912945863 0.8553971554500943
25.49443536693903 33.92725165697152 1.045902876698942
49.17200301316194 30.48704464663148 1.039441046140894
27.34007364201363 11.83437334319315 1.039862401770228
7.399205800331759 56.79607914890912 1.101771686932703
19.48382394876509 41.53820840294389 0.9780961256064007
49.5515419759562 19.17034762640034 0.9521228995103996
13.4234356374589 51.30000633574091 0.7990222318906077
15.84607411075666 40.55791621215545 0.9575689993475341
23.50930292229601 31.07407604533903 1.16741670964616
8.001327675767861 19.8360696173441 0.9416282345017666
54.92766588922947 54.49559601652231 1.097209887667455
27.9826406366111 39.61850558203575 0.9152190923706183
1.934042192499173 23.41416085018504 0.823567561819991
23.21023997255147 39.97593726821986 0.9262863644716979
50.87145639577483 21.73782055300559 1.186918376792162
16.23936845280201 52.08533859489734 1.123065054475077
