29.28895609327078 56.94644472792113 0.8700538105462733
5.218077170764132 13.55975553978223 0.8281500203904929
10.795563617626 40.87152591155447 0.847166638604044
44.67882734289338 23.6275292279327 1.076011788326156
4.113367166422944 32.93173314394976 0.6086085963577985
35.81610175539558 21.58072013714384 1.014716757713918
38.36784826888137 10.63798490242939 0.7249195362454989
5.511380276415209 34.91878351053166 1.042308636314322
4.680226622466104 22.76279208611827 1.13876125528742
2.91566255312211 13.84018745638439 1.162358372611562
39.60081400098317 17.84324297674151 1.214164018725902
31.40299854306644 42.87282168859281 1.046946814978722
28.69041705675908 31.47736522437882 1.136823479819348
32.999524828512 45.62976018275589 1.173144223871993
14.71765630539397 4.694280288505499 1.044003596266861
26.27500042564934 50.31809644741849 0.9669485071289603
4.171742936676249 56.60713695017953 0.9417560327599293
34.5259204341685 14.58621696736022 0.9424458744414475
32.44591532575242 19.07715179728211 1.020077524159323
32.9173392536665 36.84140024140542 1.075319008509874
53.20482088215874 7.994597298090624 0.9045019445999647
50.86741898668344 53.35070846991181 0.5890017079442955
2.085184596518606 44.97451483177697 1.033959239085795
26.76043799322119 38.72222887246042 0.9487802097522769
32.23133779560744 41.47809429861516 1.114035999597024
35.01185233286203 12.69150956007257 1.108472385093798
37.49968242156304 39.18359529608097 1.083734943460301
48.86671850917242 46.8245669444206 0.9282427324749143
4.991889707274684 24.31263380838215 1.234385129775947
3.084876072166896 28.57203653807381 0.9689184071525856
31.65558905883487 8.807580116115314 1.052050412881792
42.89412132412853 33.94631814954165 1.052394177869865
34.58653792067735 20.90597363044786 0.9137528909714943
3.089568899986133 1.936474219866318 1.116621507369117
5.491893055612172 51.95628743570125 0.9554666443556146
19.26892121754071 0.6627598794469423 1.050082219888276
12.71625876366918 21.94313290479739 1.056343285855562
20.82216544767011 35.29547311519062 1.033824688457382
1.524302581569321 47.30901738922532 0.8915386002949195
18.88105392729913 53.63213640108339 0.9703843247616012
13.41675876985153 34.05466807822449 1.251785431546368
37.89288593451161 2.046157945434636 0.9182377804214228
4.848258328087748 27.53071364412583 0.8846256478564545
29.46718786399215 22.62427134328721 0.9362162739426843
2.894114663775132 21.22822900173637 0.7242866886203436
21.89098888118332 45.82431289638593 1.200490619822518
44.10616881265592 7.372806729456785 0.8912038976589054
42.6682798446474 42.13875043072679 1.064068934571514
55.23735164955135 7.644827160353226 0.9157569582002202
4.276963534893917 3.164687854314543 1.135065527015277
51.17307362853227 2.325126934947971 0.9451402745798955
43.26741165913055 45.00414154725342 0.8810839956786213
20.67885159872419 48.1156699872183 1.133237520557983
56.05349724183488 45.00204302882871 0.8144773808066066
3.435501176601043 1.947611879067315 1.06445203751703
24.11064778692585 31.1212609117484 0.8455939964022798
25.36786817916104 11.21681657303908 0.8632782236503878
19.14515080682242 24.1623474593099 1.070008648712946
51.12106645904531 17.38250242983107 1.259252327517703
34.50090798013886 36.08413815455704 1.069317893651043
44.03368339782286 28.67398160867113 1.103700360676738
47.30667526196068 24.67667672209287 1.045378544112822
39.1490805578181 10.98552683414217 0.9345477767375108
42.68597875148336 52.23225789714244 1.097294028521747
16.79345583021336 51.91625078204844 1.259136261496272
26.03751166725415 0.1436813590785867 1.068435576403209
52.12092019017829 7.53157930845934 0.9267310037728115
31.69392676776923 3.247063819899719 0.9002725304178351
31.64857342683178 6.501101387432358 0.9137731648629511
42.5852395419894 31.14974273468821 1.069585906336227
37.82346298909907 23.99450463149441 0.9492432213062441
48.67118135358728 7.443762276528292 0.5601285667143531
39.11566505865923 7.463528036355752 1.013533523975727
22.3093719875018 47.81367672412362 0.8688829556827309
26.14467962325768 39.10282781771516 0.8022408435590569
1.064174135711125 18.12785157194727 0.9350784007002613
19.29901845534286 10.19017152310823 1.139259416894723
13.43723536955064 7.042495942694366 1.024108242709424
0.494046584001764 0.5532947064159879 1.145210652527225
31.7030374676469 54.01544033876408 0.8774112818915765
10.07379075748557 56.99771921289979 0.929947452280265
7.441481462885384 7.261243595397679 0.9912171361394102
9.208500147428596 12.56917943552564 1.090852398101422
3.382856159649257 7.318344944770608 1.291223635729599
13.62069992610286 46.11278363927863 1.057669383012959
0.8802227596194589 9.303011883656966 0.8562374844373286
54.7554829063618 20.17924121496232 1.057583041810076
14.17218643807442 32.93041880285853 0.6855594822550803
37.19190139146144 14.66623302207619 1.100195352384596
0.7455191480673473 8.186750950378716 1.020067005487386
50.39931905334784 10.81930990555291 0.9365647879283058
12.56428201662576 15.62595159962119 0.8705467917696518
25.80614121202666 21.77278216405436 0.8410408507664151
53.29065429898475 31.57798722133878 0.9977480821844326
14.29815150485288 9.911354198544917 0.8121169337818116
46.53898553295945 21.57099362023687 0.753946121733357
31.84000113645569 44.29446841277856 1.071798437021454
17.44387380846025 55.92242127327361 1.041665066404899
27.2636033460794 54.6357751999217 0.9580953882038148
11.93406780573263 44.41897296785329 1.066616469663979
25.15348337551275 20.11853796901113 1.04506419048645
35.74448956863232 31.77001174342353 0.8898244435612802
2.490547529650176 6.939620603779154 1.074664520200135
8.692556000637149 2.208378659192649 1.030469317326635
18.58495903461471 55.2315415335966 1.143563275530006
42.52600991983247 8.529607088086012 0.9690896232953221
44.75814474083397 2.969883701750023 0.9413818885359567
0.6056589016717202 21.04068265670942 0.9084605071093681
18.7690649157246 51.62531281617718 1.107282787067999
39.04428575748777 3.528339449096629 1.334774980664506
50.82167071701105 45.00815631542735 1.022383119255841
19.77816803230819 43.73665237088532 1.267593527589806
36.50578088942253 1.5279863092713 0.8745796441171736
54.57595611762999 51.2104101736147 1.167814210791066
20.23176734719042 16.160915125702 1.05341089261997
9.5858752967724 34.96796157395838 1.072111292876843
52.54074674124864 54.34402003760637 0.9391410889510365
12.36576807143435 38.54350420392282 1.022518207662983
24.03345773277499 31.13483301370164 0.9204697189616017
4.837965735158867 15.21310275104507 1.014231059076012
5.936653281998193 55.65963645216992 0.61584345883347
33.91941049411865 7.731577547607746 0.9808498135458449
24.5274134080519 19.43726464055351 0.6726843929508413
13.64767481416821 45.98673360933864 0.8595366131974532
38.26428465138389 6.089626468294126 1.175542926018798
41.0575880687952 28.53861995066452 1.040804305019558
45.19417995921997 21.9954333445036 0.9647213187113799
3.538937521883723 55.56485275950509 1.003827609877879
31.69478101781326 36.70775451544102 1.055828510696933
54.09257797109549 6.418179863327267 1.014023877892329
21.14154337865372 31.01198843867145 1.113211722074342
50.44925307922496 39.90472367308323 0.905374817126304
10.77232625930213 7.09692786685048 1.171655141002605
13.1865543616873 4.889330491837733 1.003271993383078
39.88677083229961 54.2441424304825 0.9663608173145354
19.23957574844341 7.95934544268965 1.395591284616247
28.6408987956312 22.77851327032713 1.023528829006544
14.40718456283546 18.06080971847326 1.010324795368654
52.54924133212736 11.49976250738826 0.7418706636666196
42.51175094605971 38.62874701927824 0.912107559826256
5.359741444401322 35.96100399874197 0.7817755898856094
43.05793189213515 50.42492794824062 0.8770799579640199
8.168678614389467 56.24448625382245 1.01354526150139
19.13640021166596 15.72820437966297 1.104397194863058
39.70155429872757 47.77729900729717 1.151559605967107
51.11297882074163 40.99298540921555 1.085559932434388
53.72311721589561 33.98140536061553 0.8448117007479155
52.0422150790888 33.94935176705446 1.088451812972498
22.63006425957664 19.52120466088932 0.9231801321813531
15.13194562594031 30.16075104342809 1.206067308418536
16.10835026768425 23.30062424032978 0.7489348256929798
14.35607368701886 25.8938659019274 1.016144578779754
46.16481756380052 33.49247392522752 1.007371976518135
24.26977290598199 23.12878790503777 1.264036654796405
18.092124310365 18.38275170018093 0.9449563204652269
52.36415706079647 45.52188374918042 0.9140111782982711
25.94554325190631 47.40637213988526 1.159257894502479
9.927576774231893 16.11137194098503 0.9521743816811663
56.7174226905766 11.07752842785676 1.131136668971102
33.76095074730038 30.24319546261951 0.8853963197039241
16.98099288529763 49.86930101498464 0.9649118248890831
15.28009605793287 53.45672726000507 0.9577188250710053
44.39236731519567 56.90216633952323 0.7897227033276911
23.03095424456101 43.41522337981277 0.9603257096095187
30.0448919213586 30.15272755881433 0.99343510911666
18.67461128145206 27.17600810489431 0.9420820582051616
15.81542106895494 41.14584679768693 0.9169678716245331
0.2572187121292663 18.46903825386848 0.7064096943856293
36.82052627104359 15.36846854880847 0.9708070738759924
45.61166401142798 22.27027298103565 0.954580702641721
6.450778006785911 42.15548368783458 0.9029226005687706
53.05537707780272 26.93659916843129 0.8891991412493074
10.19941493645283 40.4477443664557 1.342153515269908
52.10988458763337 49.86971975251554 0.9190607212011197
21.93773738571337 25.15477648244928 0.7599538746986318
50.56382543806165 41.69705856623922 0.7533917506191712
50.34421037013838 9.379246507016591 0.7824992677747118
35.12224435020342 26.10012404951273 0.9647699400591064
30.56486421384144 14.94277062124702 1.119121469603103
28.52424763959099 30.08025658320647 1.210063570140125
1.124417264072419 34.9750256463769 0.8690537476444335
48.71771337591005 11.29111732230108 0.8895033840339431
39.71751956954483 1.91712828582019 1.155828161670468
2.426004776929507 2.377379703976856 1.075920611003216
15.00352273229674 25.44845206171668 0.8252704840152485
10.1455106279559 18.88979231281662 0.9741015878740447
17.94659465083228 35.98841596533936 1.11300141585872
5.088540014852089 4.550482486631014 1.011432301859858
11.01160962228272 46.55713261317328 1.153012856485723
19.63738919637976 41.52904408682559 1.165058400834678
17.51088288170792 34.8731294674208 1.079720299647094
11.14572454343817 40.90310847847867 1.165136521159971
46.58376910844062 48.58536686170165 1.169483737576465
50.96274656567851 45.75537746062287 1.018608335614474
17.45822594708681 19.50832850835674 0.996741550804407
38.39812084771605 15.26932025527084 1.093880925202654
6.592152513839375 12.38373909396294 0.9132637877567876
16.93422158059395 22.34976887858928 0.9114973631483654
1.237825141864747 0.3388483768044265 0.9656992579838555
41.86789246363001 22.39650902217091 0.8937687454478936
55.74834380566531 39.17785692502645 1.215366488230585
19.20534092942501 42.77082979668436 1.041007721536672
28.81569904732318 8.78911001132294 0.9228321394124956
0.7988838966930676 28.31894319752182 1.017426438020353
48.32293123627218 18.25710984377987 1.062362956171048
45.86084641882258 29.22539255359461 1.070298024225764
3.91497706943889 52.45299893266196 0.8610239416338084
7.133691461353419 1.543353228151497 1.137531078558036
37.60290523087741 8.371516603218167 1.236720378763763
7.885040366968624 27.99507472058529 1.011591169897226
25.92795096706969 39.51014562021482 1.133594920592077
25.28097541689918 44.72336431021027 0.8988611532977445
53.92240193436034 2.637172048742497 1.292595898230355
15.97839564829059 21.78338695214288 1.071055957591874
27.25950610975712 4.839242040570473 1.016938392898456
0.2922409466897328 35.61791115329503 1.142555598740953
46.42761953148414 7.425932408043152 0.9455621051935054
15.79744901126132 39.04346598640246 1.320863521352127
12.51905610715926 45.04417995272399 0.6875978185380562
16.03925464676658 51.72151099551539 0.8955647447616683
2.914242067800016 31.94691993619638 0.9922794832853884
19.67028421986396 36.77720477328506 1.287631149796899
30.8323895334417 9.961202279180847 0.886265165199571
48.57505157476992 50.47688622608636 1.028772429936583
26.57189173184889 18.83455765798434 0.9882597836106602
50.00904086372305 55.60836923988926 1.039754271860648
56.19858239088141 39.4366603686645 1.042052638665715
9.467185104483359 21.83175065919373 0.8798014863591035
18.40331270564502 21.98624121164262 1.076630503867564
42.39033768577051 25.9151852586843 0.9090792256850215
38.91838370306342 45.30457978011322 0.9968744875411834
16.49979723826972 20.53238938820194 0.987158468839516
1.550391315273191 47.33218679825411 1.330051574044431
52.12069157796013 22.06864324215271 1.087163647001305
29.52576811915532 21.69258328326632 0.9855138632279206
42.2732545208527 33.9122417638601 1.273018494223819
26.45026557261602 41.47183688519142 1.083683275484904
20.83168360443398 25.81608723700796 0.7448044878587339
54.31631787974216 39.234996310079 1.359524568356988
33.10743369725879 8.350252694147757 0.8415519285956867
21.49724588799162 33.96953886559677 1.307954256576122
54.5019282803414 31.67383057795178 1.052642177632343
28.32922989797277 27.99551994772419 0.9460445718769381
50.0641631898769 40.24848056363336 0.810066090791965
45.14250475919922 33.96736409001395 1.022896154892777
10.87960582733136 37.54064249551885 0.7919292698871697
14.88759613870065 27.22850795985596 1.09077482516113
53.04459519686392 10.34152754272405 0.8054208404689663
17.95427605321364 43.8469236189718 1.154106028290504
20.0395897268502 50.64120970510002 0.8936204335765777
52.73639779153113 41.53683561484182 0.5664597727749773
22.53387874110317 25.11267682449551 0.8539763375366124
0.5336675790760981 50.86310863907594 1.140998352677695
51.50486061373021 5.455534821122668 0.9107451220587773
23.13972402556787 5.595237510090339 1.191119869933115
43.13588000560919 50.75889021333256 1.255248517905189
4.247837786212488 56.16108972167647 0.9704515402580431
9.50261723785783 47.43244600968084 1.001024668860484
44.1393566020482 27.03639324569907 0.8567247848170939
20.67760295079909 30.55498881896724 1.042460260442551
48.71578194374022 48.28835152149589 0.9428546644708463
11.2048734492645 25.42579935930008 0.9271432969775816
1.681584974136942 5.709734036452013 0.6553974339092414
11.30497154654235 9.752628255054647 1.223072247499848
1.840638852604031 54.44085155215154 1.017614594139573
6.38090962189292 6.104558485143147 1.098483562323077
23.42213438144984 50.52026622394112 0.9485851600005434
0.6992124997541367 53.81855468164131 1.008753490123929
31.7957142543959 49.41499444349436 1.035080014215072
6.664655075252361 4.507934469500526 1.214927830996447
31.15903350019783 14.77742437262899 1.156604234850192
40.20322373192907 18.69874453530588 0.8702918699943798
48.07364098591434 14.08455791235182 1.202003960695929
56.81946408460823 27.34870460925098 0.9441359322311373
51.44916905297394 53.42140530535085 0.9939672134584538
51.35034487226528 35.66691552133621 0.9099176294902892
28.00125282444118 52.04955737201942 0.9103660093204037
44.46455181551378 20.59237635302934 1.013898499750753
34.00750717986725 51.12920689076614 0.8316137235058065
8.906631236852441 42.11747038369881 0.9718463547162736
50.53044762952739 49.10985499532421 1.019700009122461
6.194412881133339 47.33626842747269 0.9628916739614147
43.98270112135573 30.03159904853981 1.196136666038417
0.380303631248094 30.14612984151865 1.092247592633408
40.22357045822943 3.718696638810773 1.243429572722844
30.47922405436599 25.3265533355654 1.042301900127656
21.41644974351695 1.480476852264477 1.073624358637443
4.277443931101563 7.840662470013211 0.9764539002313735
17.49429624643842 38.28495111096881 0.9257564031999032
27.71207745266709 39.98193939401858 1.075625350451947
2.986355566413307 31.52829234512909 0.821467329151386
21.86456074605908 11.56872905118797 0.9638302444547049
39.21236749608646 0.5615215346037976 1.295198465558266
43.31136779268802 4.683859839422563 1.064559668967836
24.34399891101942 16.79059182051131 1.210831981605941
18.27106869931848 50.38652388257278 1.018449312013842
42.66236854794546 22.54851263042005 1.037400360881571
14.07355631099714 16.46334931601926 1.029616943371214
33.26689489989862 17.05991187741045 0.7720270014396954
12.42165190746153 8.453047821043548 0.9670755217174246
13.41772394181123 10.79254611152808 1.067562142062766
49.38701080036676 34.35708676760881 1.08451321105784
48.80923518389893 16.73100968484348 0.9631859754131908
5.491458312837155 12.41874726089591 1.124806632622946
15.20617218837429 48.1538268873253 0.7735871179877756
51.31049168170918 38.8007236592475 1.121348675329005
19.63041422778294 40.06176354506135 1.303184560570085
56.52511286108061 8.352574038483469 1.208902520474174
50.76388244273322 47.51675449568627 0.9336213808136505
3.372956849808319 21.62714877567587 0.8492434890927414
28.45761058873386 16.79068079161955 0.7160187938933458
3.916056109553229 24.80670568757072 1.123725737988471
53.86041633126345 52.72529129345217 1.109986518734437
17.54493959925367 47.02917371179404 1.073506559039134
3.426842153736782 32.75111181417066 1.18219031397881
49.18447035513095 32.49349222774315 1.178303084181774
20.19482570430023 11.8148845563712 1.059666465794979
45.51885512169397 15.08036858079972 0.9675209948450934
3.633078881368543 39.28273753788449 0.9722653505662974
2.287300279032113 8.970079926294313 0.9594415390914314
34.46572455180144 30.74491086776597 0.8087407379988309
50.24824043142062 29.67681682746709 0.9718551335701752
34.69212512657611 47.10865673614138 0.7056537728246705
38.11675162898225 42.94704772017293 0.901635695209135
9.259014210784349 41.54359378271904 1.143456018605473
22.93769582777177 10.88262983638916 0.9257664494459181
22.93550701110415 43.132521532072 1.246506207561593
38.41302637495707 11.21636948791163 0.8568328809112387
53.57113136470836 42.04610525632562 1.044607956602118
26.53131817259422 36.89909505885984 0.7988605555506756
42.23582497017264 19.77955857747214 0.9303993339743348
9.888215313613514 34.97801998070349 0.8463460720185682
39.15779059573905 48.00496694259577 1.151208173796779
32.54856069877211 39.62322718213463 0.9424911930038582
38.8588195898844 55.48625652654388 0.8607613764413222
43.2850893318118 23.03180438048756 1.148548082007703
27.41974089919577 39.85622066997747 0.9458766406834244
42.02447508462913 5.962590589636281 0.8542026170490872
16.70525520327746 53.16280939903241 1.172289645281284
33.06190443134955 23.54882109097616 1.114726645214623
6.016131926801117 42.63781631767648 0.8816054944816255
20.61583627183728 25.63456178346395 1.140776143394644
6.909314156467707 41.54090394617101 1.158913680710336
24.16413110176294 55.91018615332906 0.8339692228154564
37.94413135524101 17.66998809374403 0.9766871085602657
33.87335947848547 46.98960205958672 0.9026367393194121
45.59471374125905 4.293100351138553 1.104944327344741
25.21194827613046 14.87029776110793 1.005610716702886
2.635213941165811 41.91720347940792 1.092825052512115
28.15377682873689 44.0950115914899 0.8697511342148905
7.497031152945492 34.16990875553801 1.145536569526385
50.07425602249533 50.34866415446096 1.007983586307375
19.60836412413435 56.98357017896304 1.23756419252078
39.44144503420286 2.053699149309518 1.186027289158969
35.56991684090808 20.38557636290117 1.197130785196487
42.94848575021535 53.59704674808171 0.8394270974495486
29.26403157518433 31.54319946493171 0.5319472897768929
16.98015203931376 30.85103675762705 0.9445307798736837
11.01929880167325 28.0132591994541 1.129752657181908
15.108270790944 22.29627797254188 0.833439845072799
16.34298438594816 44.84109867356769 0.879114306185122
38.18976282802865 35.87844443734663 0.92252575852628
9.400810534321149 16.07933087557523 1.103338048939839
18.13303005142744 51.10809196583372 0.9341543179035358
12.22783193142518 37.85671729448099 1.065756300157396
34.45376401602 5.646553056615662 1.012035264832631
29.71951712002955 35.34391111524027 0.9815955483054211
31.78637666757515 15.46530526572154 0.8823681289030784
52.74981860013204 46.58562348717154 0.900167401159934
55.69918803810104 28.1519817729257 0.8857311314557424
23.39860563743795 36.888950839587 1.030244628392879
52.96828174170492 22.56860133519797 0.8489703599106586
24.6416717402831 14.10131176658967 1.142589149098777
51.95802906107065 50.05921475592033 0.7985692686624563
35.04582132680613 29.41179307709066 0.9380507195493957
31.19873452149273 40.48705505090163 0.9247434071544218
27.66701586901537 26.94855309508208 0.6118280169388117
37.80664245961543 41.95457997124389 1.191094070737271
39.2867620206842 36.50583047117378 0.953531315896022
16.39478131076078 20.13698795444192 0.9686467522743609
38.48478385642394 12.36306302592301 0.9317265270007248
26.46437479251268 2.382282537586187 1.043348738052952
42.99595926841533 21.42240382704064 0.9680797425361081
50.8341969041313 51.1472651060425 1.102466649676519
28.80711901551444 1.589901043376839 1.052533186114489
20.99485242319985 41.45862754222873 0.766433587584778
1.756727790346708 51.06753093473033 1.079246015694262
36.02211090597422 49.05078632805998 0.8657957392419819
19.06920072113592 49.12867265014382 1.016988849754265
12.26566057804304 36.22093781606338 1.064003909854951
47.82704505781971 54.97124986768293 0.87062212976383
0.3535323787264211 28.34335262810036 1.159837038810236
38.71382365083034 52.79502967223294 1.030869339144474
46.94229475173275 21.19225221229356 1.159265559992778
34.13792159833849 47.55173497859004 0.7727492562758493
32.38816081378058 24.11663749074407 0.7596353937482497
16.76243294252196 42.15218509461367 0.8401440949297982
44.91321647209731 31.9391253557704 1.331415024612097
4.213190440653446 0.1788770235976563 1.139358238233053
51.29868891569725 17.2359423563983 0.9774436015709143
26.59349950151215 41.24098366742999 0.9285544750591613
31.79271861947734 40.12824417982635 1.028638101389294
51.66095437140248 54.15262829333201 0.9908833672392368
21.26926575753338 22.58557913013994 0.8575100225161456
12.20130022671134 27.94927349823959 1.149084022965399
53.69848193353903 6.283339397648041 0.9156512561906618
21.34339697861271 0.9116723741924727 1.026318851380683
52.95190787266563 4.612343285983588 0.8551230363304105
29.01091668196531 8.283563168385793 1.007265909172122
38.65567508603245 52.52586279321735 0.7523414720192749
32.6539626897564 13.44839367896709 0.9426428404290764
10.6010219722991 41.47725313411897 1.346253608991008
54.36403219325656 31.87028772983248 0.9889144449436803
55.9696040693529 56.51804316161109 0.907180385097397
31.71629458745769 20.31300102142291 0.939414898282768
4.665186523769603 45.90685682413488 1.235747871780491
21.68910366887651 6.994228638705904 1.097764915581643
35.91677025515435 24.97722332876978 1.198857250070593
31.31263463353395 11.57073294491076 0.8541262388551107
38.88564997952695 49.02663900657866 1.078123719725441
51.44399471415393 36.2496821727835 0.9408628940067933
45.8150145927514 26.71648793794051 0.9899155081805324
26.9397821416798 44.78461863556161 0.9290591750486581
8.097619630441823 26.66424658226978 0.9940130124497146
39.83458773784088 3.914080802311227 0.8269293645263036
28.74145862960324 27.71105648796589 0.671619164472627
14.53229883012003 50.43056229847975 0.9776272798048883
29.21733413879635 13.62205538182615 1.00502164291125
25.83107040162714 3.529968745787614 0.8426164725941658
13.49671032582257 7.078438279721158 0.9754981415071144
56.28332641594267 7.940705013433799 0.9219982563997848
9.447531938761255 32.14313501871337 1.217419978236413
49.89674106375163 36.38731408044105 0.8009977062088239
38.04339080957854 28.0253732847168 0.817915867437577
45.79551869248763 20.87797852087672 0.7889306570884626
46.50342052686187 3.680912690088578 1.043578861217702
39.55244509156442 4.035719330439213 0.9834836079948077
4.889566403296574 26.32880912736469 1.037626668759269
30.87978560006236 30.7206368314664 1.053491361415707
37.97732424083041 43.35548822551755 1.002636057116366
6.151012179977732 37.26065065677308 1.105006991404393
40.13103925815366 44.55002130547074 0.983605973498142
15.46891690346828 21.17443004118951 0.9491249922180803
42.05240856206623 47.51484865067287 0.9728688224268071
16.10582417301174 31.55582906238541 1.155613701864537
15.91599948281236 40.48111482266388 1.0557140876769
17.63604545669446 46.79578508287472 1.102049062984916
45.86835898313129 52.1790758949607 0.9231831314588421
33.85031155536431 52.01937116310903 0.9623246501203433
44.49850379559142 35.88063028123259 1.419894136426184
31.89022991894289 12.12077144678718 0.7559542002766475
56.67079275225792 47.6871919779513 1.067323060626358
36.19569919174337 15.24618728936007 0.965754475752282
5.761035913490241 11.05745169383355 1.110745340611499
52.803936816195 56.95679725425169 1.029090610288564
48.26403358358147 25.63172044122206 0.8112764867703905
14.87660000514081 8.90007901373323 1.011698657733407
56.39490237012268 4.295864454142686 0.7355749975737922
24.25742752768911 33.2452138989443 1.221569001643117
55.93451085963031 10.79605935551043 1.201519913805685
51.30321773621404 55.60530358534553 1.004985125529946
13.85149084816291 53.43487885428354 0.932622569977427
51.7470246552243 19.61252676165315 1.014167387523664
19.56932401590483 17.20805150652679 0.9843774921632662
21.94644662735353 10.8333575729436 1.110838974357955
19.73343658667683 1.26727744530294 1.190964401065615
8.901398265222738 19.12833893025682 1.026500726566851
52.37355282920112 4.878377516697337 0.8695286254853614
32.85597981924935 56.76527146937571 0.9469321873364849
36.0472200019505 47.62662778917078 1.06278780430561
22.22982345578718 30.35043771162184 0.9481726618814433
3.849354613036548 3.083422196136519 1.191981022741362
20.14795359044706 55.59637926826085 0.9447377071290013
46.14734068659476 42.26527300023719 0.6269172392255824
44.84833564509095 11.09378728740559 1.010061185765181
47.91683391989993 15.83206713331494 1.113107506951619
31.95538501160004 56.81823221166536 1.236895170546503
32.97705797803451 30.33395886623019 1.169699442804875
42.3969044542857 8.833037797283865 1.363661605160577
20.26680189756062 9.146450284471014 1.104057333346117
24.71564917299694 42.4966253798905 0.8401070550143832
9.209700116054016 43.34624263567209 1.120826974109018
17.03100271710707 29.35765373304377 1.134186019138033
56.99793787160792 31.08996253744232 1.160668003610772
24.99222467513393 44.84627349015617 0.888881734043152
18.53438102991058 33.10058371820514 1.205221330914265
36.92292235508697 50.48976606805332 0.7632196009553514
31.00829297909899 8.89587388136232 1.076838821044124
45.21728725834623 16.405197406842 0.8333590958075395
50.49421881721086 37.9957135762068 0.8237436059609002
27.46296785188046 18.2098679636651 0.818031351244501
32.15744848463566 32.70203907215132 0.9508505807213558
53.3060984836454 49.18845120174272 1.039182076242628
31.91540290318216 5.05763062371762 0.9057886703911452
12.33868284539258 56.90762757831608 0.8210272975943782
30.62301636190294 0.9214051286323951 0.9213111451787762
4.928051158752316 6.541832265230749 1.123294260657318
15.43770614659307 4.022020779094668 0.7895130373045551
52.341541571236 33.16661782523925 1.187005790795593
14.16233137490336 49.80150619838457 0.9335345560324669
7.045628299026577 37.65467033100066 1.017148220107119
13.35670937660928 56.06746050346059 0.9587621542605954
31.39152795886226 18.41640215526168 0.8827485485770503
23.47403277897929 49.65486365680344 1.046578054999201
6.214558413817807 16.3779368663104 0.9866314179430328
27.81622198355208 20.80031263586148 1.194014735276293
28.13444634253832 32.74427316884709 1.233688023627146
11.68061728015571 42.7798510476853 0.9824746604650541
47.96120069546681 7.022158824849017 0.8273309521840841
52.85791918675319 33.10880024782792 0.8914756049748572
6.101245187270104 2.903547459237067 0.9073414319522024
42.1066242428993 27.12017992889517 0.930466038388148
7.930067684003183 16.49815220176156 1.088348536500995
22.80508303726329 12.01061483659345 1.089880255540608
37.90111212567478 29.01964145108109 0.4070287319030561
56.23268266498702 56.20477368645592 0.8432472610960999
48.87872103549481 27.36712900752534 0.7108353504024061
14.30630887081209 43.62966413545873 1.107482272684973
5.000716957729644 5.267509539736206 0.9709535641395319
18.56724855516443 46.50974214706092 1.141326107518567
0.05598605193942136 24.66849374243454 0.9430406168973614
33.53110094951982 34.51991384919729 1.081141960655517
40.93963653312048 41.46116863352301 1.006294153103326
29.70741710239436 16.82314906167944 1.145184855790214
41.48683342732807 10.60852920152644 0.9102872270982001
38.68693760115976 45.07547317774755 1.099578123330474
12.08015876360245 30.56565863665457 1.133852589634876
49.78652457324161 29.74891105608498 0.8874529349512219
30.65886972782149 54.78724153097125 0.8148408893226218
21.73442733508275 53.58366917752831 1.288012920718046
13.82043478210477 21.79041338702217 0.8735532946991669
35.60986999124748 54.78326386948268 0.9588406638509941
40.75363823760004 19.54950649782527 1.137691597102679
49.02572508855989 11.95184957885735 1.235887727775366
51.59485332369565 33.51255848934527 1.234092027215237
46.38794359303449 4.247316381543556 0.883526599449682
28.51311701420374 1.468102356636944 1.203096642400665
45.49730797554241 27.59949956489704 1.082955960535347
16.70463020247623 19.15617767682121 1.131616758052709
43.46687033840775 47.12116843095104 0.982354069567098
48.30471997582573 0.2873051205125196 0.90381696753244
6.521029508915278 47.52145180922069 0.8999239388760267
10.34014668564319 47.27466774651533 1.02994836503985
25.04637198198883 2.096683369063159 0.9738235388142227
4.536428740963539 19.64122527914179 0.9320199471651769
3.078869115597973 24.99718545144293 1.3444193469553
31.34412390289089 31.59198612980171 0.815580546982518
18.54770527619296 14.96259575707959 0.9806006085935003
36.75659845944335 35.25233550521188 0.8794224113536753
29.9733863035093 20.58564374576585 1.029006636143223
52.26450795971999 21.27810625279234 0.8645645502369879
33.83498909549554 27.39397837519365 0.9515579887872099
54.6975415338285 44.17513580768143 0.8818100498585288
36.75971496978762 42.71501807715511 0.9382506250627293
9.865183183394924 41.29614371075115 0.9363370181630052
13.47161046670359 42.73707513498938 0.9457218120380794
40.02709860169659 39.93689827478347 1.009371824636921
36.82713935655874 32.01826743922116 1.078524053842499
36.794112017748 9.800525633525348 1.017347431391975
31.07863188631769 16.47686005126539 1.117500871626246
39.2347096755331 7.913620981813232 1.100578245867796
52.08875678949466 4.539484521625323 1.183340359618772
44.70075102369336 31.84847173273958 1.06009308627921
43.04035922234895 27.53756662250383 0.9692057146498843
4.045858426972226 56.51196971559523 1.111247874776665
39.448867963836 8.168815760486208 0.8912352517876387
45.64776088001568 37.34836199569905 0.9269750339415654
12.36662940837752 19.61370024067056 1.273251334619329
35.27542587009977 7.970540593364528 1.287998105769524
17.26767873823069 11.31823909763165 0.7841437971389876
13.83928102340516 12.35643550118265 0.9500896948344485
56.10596622764411 3.349522624327579 1.035011820303154
1.72297217311476 42.14632544999306 0.8598399192843773
41.65829513904559 44.16173100432461 1.014718759762204
49.8417876287558 24.1071630763389 1.036306388613785
4.455525045495259 35.15013498773339 1.086610630196399
6.964448718803212 16.82215448041547 1.15989789020412
51.59393234532044 49.2400957449526 0.9716858121796719
26.34318520750067 11.86161105700844 1.023528834909066
24.21804655819109 19.41605846184122 0.9497667436363112
41.72249827800435 11.42295376557063 1.262442431872654
14.77247638989821 27.25125687953609 0.9367395513781501
25.97478992909882 45.65956566327231 0.8079736946508215
32.82129664105423 25.86187510837888 1.048580054284028
34.74024811794062 28.15184337932237 1.058148716522872
6.301978340513063 14.31587230941089 0.885023499222638
56.01792767039404 4.065813542374323 0.997825314386643
53.50196893583144 51.1496792436343 1.013010774240995
16.05071846258394 22.84515411678942 0.9552948991817372
6.027620347695248 30.22933685883383 0.8869231739796568
39.02511174046673 47.75011865224229 0.9043447416766485
31.57858313134805 56.42476704084537 1.060061563319181
34.80465329988145 0.5533730339041786 0.9119431494077928
11.18645807550589 20.90562929208653 1.082621934102912
36.68661586134071 45.92670619344651 1.057412349465366
28.12247935688239 55.35945101192195 1.07595892704389
1.353911734816577 27.14040700073373 0.9722348001660064
29.61080145957451 27.80000792806969 0.9931900189030884
31.29996498315593 11.63591320004124 0.8215288152850506
19.1893096203866 50.12870968511734 0.8584792894902636
15.37702262186307 53.99396292026805 1.214380483636063
50.79524696143122 16.42445720984808 0.9446410397542701
31.54335895997628 21.91772631831361 1.075658001602237
49.05813331904734 17.20917272298093 0.7640054111958938
33.806929354466 43.00916303741241 1.008116180464961
53.01091121836142 37.908793713855 0.7260329139044994
29.93689532901016 25.62171267793594 0.9544682882571283
20.18911591972649 56.44693549836377 1.321294615763922
20.38763782772591 35.56613854158955 0.9243957316427953
18.93826128818945 6.3944783529241 1.032834587446989
48.76492154680422 12.73350824962068 0.7684361139461642
34.65123456793429 37.60284375799952 0.7466100855940249
56.20555122811606 26.70936786043894 1.012966579221998
12.71853089785135 13.94842261446101 1.075607383113162
4.878747734184725 8.729442089670078 1.031684079346658
34.35115476760601 3.56601794369799 1.117177599819748
39.05250337536098 14.60878061904049 0.9165333546879653
14.05571609086158 51.21258396711787 1.007390229220735
37.80775781013433 10.49661445640801 0.9398538398335523
14.75621649518433 27.22056577551205 0.8596593117662287
26.22972995100065 6.521138015445851 1.114767794879961
29.82941852222636 17.60530856652433 1.063972953249701
29.65150924522966 29.03496972379972 0.984970581218979
5.047450253296388 0.0332072982719202 1.229321069351071
41.41194831412842 9.926197987481112 1.059718202028752
44.74184107721869 43.1138041820907 0.8482875387478913
39.83518258614242 26.79434442603697 0.74384653056363
7.87271261302415 9.843721504716074 1.010005245383783
25.27491537494348 16.15501710034675 1.283074547084414
43.3755828758588 55.90870308033596 1.028942283235513
46.55226988557366 26.32965687444883 0.9323479359421237
43.93496544097316 20.60887781279575 1.14436128149562
48.41665813159973 31.24964184139373 1.327109774870493
6.390306372377233 40.04549858069304 1.228468068051025
11.75351644249331 51.13214744959592 1.135285765800054
20.92649187563289 26.88188753737225 0.9862849343983834
8.248827701084702 49.96245559675733 0.8612296714719581
2.806177074930713 9.935103804308504 1.147534000340833
32.2765574144556 32.48515020426603 0.9457723550342422
31.39385328460198 39.51850553346728 1.118204710270422
44.98179713822054 22.35122185216808 1.00942581610656
42.96009966496383 50.31685207286703 0.9266191674819708
6.166404394044729 34.03250317742699 1.076530755796004
9.51685500401857 53.17126683014038 1.156332113185752
20.49475211440341 21.27037144651188 1.061303908177372
15.8590704751476 11.22990612882651 1.063496711445989
16.5359423880167 24.1078981762323 0.8974820101080364
11.13123462169023 15.50599590479676 1.055925429623154
39.48368900478058 4.09747026958385 0.783716992556218
43.61597580305114 22.13993330678899 1.083690356919581
36.22876411500795 45.51616974431843 0.9797325348231051
38.83302179064277 3.223100226942031 1.082072296196921
56.22136695739877 28.61398222186322 0.8842549127883543
24.78524902546091 4.167105875055821 1.071293693615366
30.00859338138653 15.08866327865453 1.01614431002092
26.31856940748104 10.35710311371698 1.020748889556348
12.97556200622374 30.51093110652218 0.8391458844181422
11.71099640136165 19.99315888527462 1.249196539802523
26.78193882237279 45.86913256993011 0.7855657467372179
11.00906585017641 13.09946523657975 1.076258494082425
1.914084316656964 8.065761709616408 1.221195818500504
11.28886193655844 34.50969592086491 1.122604472766078
12.36108830262026 51.96121575029623 1.108471031675908
56.12832162535206 16.25651123712608 1.18501728527029
52.2350006332784 49.94948235105233 0.9662595807152016
3.306585438226622 18.09973709988396 0.886458203855592
52.06450114728161 14.85981936932533 1.067101225302457
37.54428792211426 26.01573399781051 0.7661938452006497
52.56712991305027 7.326226717944363 1.017690489383583
20.72414134336828 25.89393241791704 0.7431750869642877
42.53729627120182 22.63822566002525 0.7427740440631565
6.385331767324979 45.24855606409188 1.182995369509296
55.33532118207557 18.74642006994524 1.155579255526383
55.89275742456911 39.33809341319748 1.139246678278308
0.8397502483985155 51.12775805784751 0.8609629976598894
15.68132807206424 35.59416120247644 1.02336756440861
24.06366241539999 10.74582919280316 1.050554382823963
43.31980024712151 30.99826849391603 1.112467060212812
7.384133983116659 38.88693013362909 0.8479078064458161
11.32476116825117 2.048636528685985 1.239805674760572
48.16293296877431 53.862057439453 0.7389875438506236
17.68768267412096 31.07219398257891 0.7053104648519429
13.37118310731425 16.02300385619654 0.9636166909457812
42.83912950839807 11.20662401952158 1.009977432498158
7.409918431383519 1.520457553919618 1.031548017521137
12.26628674672278 40.25476579379978 1.194161019131231
12.84198085863235 55.58608699384429 0.8884658726820058
37.47301712747338 52.57752947303351 0.8079471898250374
42.49511541914899 48.79777829572455 1.015135482533437
45.65983570863485 22.31302821697343 1.076663129517575
1.780675404602976 6.347518382755815 0.9864012942584864
22.37052223895235 46.20383622553378 1.025352354431216
11.7328134070769 22.97676510642132 1.14480048332824
24.42275822228881 23.75433715793972 1.071185070276175
1.858485734955634 31.83267665367233 1.171099284397779
6.306257500455835 37.54108148512481 0.9726264745379368
31.91403672421074 19.14823838563088 1.172610331237492
39.37435325392259 16.60018555335709 1.074518751527441
41.74460045841737 24.86946864652888 1.067058089108244
1.527516981366797 54.05779955771649 0.875997323814429
4.6837946505676 3.308192385969773 0.9211345293665852
47.27285304911102 30.19286433150659 0.7093396292764007
48.75260525930329 28.18806072519536 0.7906016340156328
51.94239788313508 22.70321175535359 0.8699351614431128
48.00804010872172 20.21719259499442 1.139740024649211
35.44359042190182 55.83688924873103 0.7994005068193747
53.48562808590272 20.1881908537765 0.8795746733213003
2.558957287370673 25.23387485008401 0.9755561507595201
1.941391413072772 7.242751937938273 0.8632563159594903
8.311768761515509 47.00211813394079 1.000248449730824
31.12254947988435 55.58462181062653 0.8280855609317833
26.7726825092792 41.03970848584534 0.7461703633561174
39.05051816769434 21.71508039241428 1.011084537298086
41.93227298740869 21.10540292696347 0.8452626597109749
27.37285588559362 42.69054704098522 1.082883740484656
22.57598952044546 45.82551278538327 0.9020765783739022
42.6722811025904 19.06161757980549 0.9564380433246656
23.94520948824715 11.57266089998775 0.955606653912458
34.61251379484894 25.88660090131993 0.8908586026082951
31.233310254865 27.12718159944153 0.9526977150781214
53.15669913830082 5.355859708206663 0.7340876244295245
28.2310144473943 52.48448591934726 0.9389696614756841
0.391390036508157 10.28153258854595 0.892347518900347
40.34009086496201 2.131839246084839 0.9430619960694384
28.23971320467057 10.71294672401294 1.099325749226616
54.54833860441499 10.39837578097283 1.160175026675603
27.44714832699259 40.2206196804627 1.335406536165048
49.59925862522761 53.40520287556816 1.040446432018239
48.03351283959742 27.21177239353385 0.826515233639836
33.36635339789388 53.5251140052104 0.942253864000815
36.97610725042229 29.5230525361947 1.019411909535164
1.172396500209531 46.26612414990837 1.209230300200898
40.39352074935731 18.37196278542837 0.9807056140464356
20.50380203151321 24.64014757920063 1.100797197557181
34.44655833833225 8.326188292040577 1.022621157757228
18.7245640995561 33.70893144780255 0.8560603587159918
15.21551659666724 48.1845574868771 0.9231756699470496
44.58976033590258 4.203296173924253 0.9430640161998918
35.02654761542871 9.881564059705271 0.8874338765570839
6.406678064915667 51.0283290753273 0.9049324270117243
40.9159535495173 8.287651778332727 1.001297701289788
38.39963993914409 0.8886361829417926 1.028369567997524
19.05681175974049 21.7931606619587 0.8138338213623901
45.52677227627802 39.76440102642607 0.8681211041989277
40.09739374001389 22.97333061461026 1.05438548775046
54.96822755735751 9.815153418022746 1.059658055080045
23.06810830862639 13.18374412748206 1.178732680990484
40.44118786996286 56.02506699134832 0.9215446908055673
55.471035273965 54.49340969486786 1.085822910297884
24.12460913747764 51.56500502981478 0.9333233137622066
49.12661463586922 43.18142089721813 0.8646089220387416
1.638667004945999 4.884937941508804 0.9039375588872527
51.15161465720814 41.73606074495989 1.255750380994027
31.09523760578373 25.82649608693388 0.9880570058806497
52.05735739369754 54.16334591441012 1.070208917768458
33.40123755736334 3.008759563792851 1.030048887946609
41.64653945977173 16.8424254007835 0.8796531034641023
44.9952880460747 5.857573839303839 0.893781688614622
6.785716007829511 1.160653110202706 1.009029913978188
52.72565816656019 46.22216690155778 1.095889816306752
17.09174601598258 12.08382383179098 1.08208164593445
3.466473765888472 44.82703035596154 0.9593094359601978
37.00319911213741 34.5617113716722 1.055274824203277
31.72505725953964 52.66376665731136 0.7695202359104789
28.11762472480425 8.126294816902975 0.9610944097762162
52.88173886522732 39.30455531333785 0.9950569091224704
13.15814728297207 40.87702688475932 0.9112144766279718
42.03768002150472 42.25768141833026 1.17289997899627
50.85418846265142 37.76333816152221 0.7971417695342954
49.84716199331319 32.08922882568521 1.034435712660348
29.67634749956259 9.815923740070279 1.374502906220384
54.64295409603182 6.853423047742537 0.8669244664114414
10.70453263712327 11.29648051238455 1.168858454467702
6.960247143153216 10.03160422529634 1.126241224435752
50.55588474010857 5.632773364257427 0.7517962418509054
6.339126140502806 18.67750722201425 0.8580696087871115
0.8291602445902118 19.49727342347488 1.153248935741152
31.24897081556216 33.29532515038518 1.104194335465303
25.35555226325782 5.728819108907515 0.8941376057696951
37.81804793459273 16.91760710203909 1.161829774345807
28.01863797009859 7.668271870197855 0.9796364572695163
14.52169491794039 3.764961031156108 1.154680622066494
36.95807257851496 53.43567444497518 1.086851175290868
6.46727864372883 39.75043566792758 1.099673153389777
49.55109311246829 29.26304702705846 1.110115052465309
48.09549024100205 0.8286293376370469 0.9493732755515052
38.08730245758188 22.34446103002152 0.8621780722373535
28.07328013892904 21.36521411704142 1.035140732950894
24.64556892432532 8.891328046979069 1.083024454498101
16.55959991717693 31.34324961311335 1.033612251286504
21.32579896055432 31.08129483511732 0.9614856385396957
27.5169692535498 24.30276157208847 1.009351477506302
45.20219123419476 33.98424789727864 1.053012697786673
6.247294897794395 8.328237786110602 0.8771298022108415
36.64350354654878 54.1878491468671 1.000598411327538
23.87238987436164 32.98358004865403 1.060584346751951
35.21309465459226 51.94567001329067 1.026932516642627
55.52287047334149 20.39659795090398 0.9068602725262049
9.974864944803931 19.84866940735312 1.013298801197239
21.1325409198797 21.99486201302841 1.018427126286159
12.38583713461917 9.334732154074466 0.5445433804107037
2.414253901883147 38.19971079062657 0.8112923252396649
24.76251619065298 50.09719140459653 0.8901083070963077
21.86743133834909 6.600029482785626 1.252943865355302
56.60572177339612 0.08052596639866287 0.9396648090448568
25.77929545416464 42.56099621558608 1.009118206136212
21.31072939946816 20.25718821364324 1.248652403982476
42.25205022667164 43.02990893927864 1.038235549861281
51.77800249996502 41.23116011043599 1.039244081357183
46.45756489199473 33.23621544811699 0.9323783194596305
11.59753894181807 48.87181879387788 1.110533093448554
41.9690101984744 54.16356584716754 0.8022220517789325
2.982196857213134 6.8364415102808 1.040176605149054
11.31821698756806 36.47128773036938 0.8028242185121405
17.68956200298367 32.62894641357891 1.170150799083548
34.36354272037909 12.8502192063491 0.8683808304964682
26.21168622803487 39.83248600775026 0.8817882404793812
7.541069860822088 30.50462764152541 0.9234072446410071
45.67383225479807 49.51008005929649 1.176200478778809
56.34652156957729 31.43178876556074 0.9927284928293179
51.24394774262046 6.263489019714058 1.119989689733545
16.11964604170976 47.43307581470957 1.044369922590999
25.91494804663348 27.43786302927782 1.236679986017741
3.066809416314033 26.63283943600619 0.9749971883310569
34.93814383071761 21.1390261492408 0.9077818883391646
33.98924535558989 37.82505178163995 0.9038632295969806
52.13417255884696 31.70548350955615 0.9490616997979279
41.70750162969693 29.69309283359586 1.026066608256071
53.54545279524543 12.37569509184719 1.097381446543711
43.80748385740792 15.59306966168483 0.9714511485965031
2.155463357994083 23.54856739591275 0.9260306490702188
13.98164318407962 35.29439996755421 0.8616772945433563
45.71297245552436 40.88600672915857 1.153602251891268
10.51884613862207 56.83705384788897 0.9500023080767263
12.91880802107919 22.13221171876984 1.085682519765594
2.957263473867096 7.272912931289949 0.9238445302855899
21.61353685968255 56.45156637553664 0.9000558473173048
3.48693908494289 3.183288522615698 0.9561878423934933
35.32589027207619 0.03239185364562639 0.6643543031919761
16.35493897616628 39.89667805186318 0.7747851967878467
2.941933714757643 5.067911405147943 0.7701119294639993
53.84769330352903 34.30153091964383 0.7036326353794768
24.67789757981798 9.766501298065531 0.9103712256735782
1.842572434732026 5.56533777646969 1.193745157008053
26.9208889728975 5.329511519674916 0.9765469446359857
4.921791436114251 1.286269591788887 0.870560932349722
26.67407741196178 20.18987328893965 0.8958096096752239
35.48579033160852 47.77934077744342 1.133203372975714
20.78894957610823 2.268475059544889 0.8597754101503882
36.57000597918872 40.29808208919041 0.8337468960940486
27.4031441511601 36.0037485910597 0.9448312707091115
38.39475470334047 7.204270898459606 0.674748745238986
48.36579036031188 40.23732713807249 0.8943231047309217
45.5668386842901 21.51823500055738 0.8372381552959366
23.53345855164037 50.92874208415334 0.9994533580113562
52.21501167594223 15.49992235261012 1.211643167735189
48.64512327669427 51.58111087073624 1.078818805266209
10.30214901515383 46.57482496396398 0.8280856526655274
27.26187109028076 31.09109859126205 1.063509890916371
48.72774147089931 28.41330600269758 1.089834221291927
26.1801376623009 19.13088559551671 1.034878626403322
46.20858442141143 45.81180927055507 0.9586765912618948
53.4991285756692 37.57437475518061 0.8120172098150658
55.86105408838999 17.61597506637498 1.005367728351023
30.78697225115587 22.39451261348767 0.9121409299155998
50.84976262778498 6.75972877338516 0.8323793469027334
35.11273957095703 42.49488587793656 0.8111958432924999
35.77659914073376 49.23928728105467 0.9269448831216781
42.73408725053728 27.61989913769993 1.216457331872087
56.03320514039751 4.301480489923377 1.240402447130093
53.59271429041061 6.450259707612107 1.0459752380617
52.26206897816717 47.09546674280217 1.071034416383877
23.37567344045996 24.31120536025204 1.031607005397619
44.63124014233762 53.47189755061264 1.257024634675096
49.76399343636073 38.48100274357991 0.9974369290127065
23.97588859497378 4.572465941576504 0.8960884605355987
17.07850715754484 45.95330478574769 1.056076603639012
38.19259204025967 1.949541824846315 0.9717153530435554
23.47500540943584 16.31393486788214 0.8139676195843678
20.61541535780552 33.00408478360814 1.245631309707719
28.95847025744546 14.21175352493848 0.8794991751549525
4.307220241197953 42.18105693589014 0.7270195135257678
48.53174459586467 3.671424208055913 1.03599220827473
33.82260042606974 52.04902455399233 0.8469838735273555
29.93082254656163 26.58659383588778 1.243400175040246
54.46332681666284 0.5059158660033326 1.262589371425944
37.73491481213593 14.54183394766498 0.9905528039192372
55.89991123783398 33.87194565537942 0.7983662879670851
43.96574755989283 35.3112817310315 0.9979964383830601
21.79291644263683 30.12074998352712 0.7866411869226646
52.55916564518547 26.10013668383478 1.132139358361427
29.77156089189069 22.71959133107196 0.8881399004477003
20.54983521045644 6.594161291417741 1.105396928639564
33.18075515384821 51.29864315609385 0.948543171861997
26.64310660103481 30.64408194396835 1.100662838515935
4.328390799615714 55.58285613757691 1.131595162716273
11.9155923127735 3.228302010907001 1.051186466326636
38.53958376848119 31.83495794508372 1.007393076021488
6.462502790364671 49.85495028312083 0.9990048052336836
22.97570024010525 55.73275002638472 0.8969472677303683
54.35555591683628 38.27750715952251 0.9763376103515892
3.997098464051773 6.373495398263212 1.246876081508683
33.72127807360202 21.76571432257337 0.9568972845333258
40.54611517141858 10.86891644767901 0.7323617194127243
33.87528114294413 28.73203106305191 1.03768464267235
27.31488717408613 7.048288407758013 1.091778629161802
41.43197395346685 2.769688940499764 0.9677529687056945
34.60464688558348 12.39213107078901 0.8683485432125481
15.82650795198349 37.77823126678273 1.148009990042559
36.51098126662475 38.0031061940841 1.174521691015129
20.07971535161124 22.33464145443153 0.9643951565756181
28.70813687923743 41.85150104987039 0.8360316088359963
45.84252813823639 28.56229000797602 1.014650786231446
15.77580203803992 31.93483088069355 1.057226227906517
7.03168043216303 10.90849813302443 1.079168577867807
17.95678656732514 54.57047675017755 0.7919894262945567
37.11625657329161 23.88641484774948 0.8016707229287195
36.27854594508118 36.36854239756639 0.8854571090626405
52.49913469911512 19.926096222329 1.094589422873911
0.9292024164130922 38.25046594126638 0.7216508635698591
54.3447574201714 9.059425366138772 0.9858615954129898
50.91092641600916 51.16980789516578 0.8661172294598274
54.61518428084216 45.66446066678709 0.7645579347311249
27.60956487274243 30.99579049460394 0.921748382589095
25.76099365659104 40.74806766945313 1.062825188288954
38.31854441963068 45.45861467414471 0.9167810528775453
10.60419504512297 1.860578838670896 0.7968954794511132
37.6503377671588 28.03352611187544 1.02502813945224
19.79746499508501 42.97761752408818 1.10542421151346
2.372852051338578 36.22411885169527 1.039292454844744
47.37633865763263 26.33696208723679 0.9534923820071096
0.3327525552980381 19.83760797876753 1.099864458989551
1.733971173285493 8.675110656151134 1.05211583032418
54.13372533029585 17.15958324780668 0.9010032354300825
41.91309443158708 0.3132434102302619 0.9634026047219955
55.9918962158225 16.85116142400129 0.8534291427401887
22.54208749371678 29.68066490752653 0.8969464802510503
0.7141910194019745 47.38666607457524 0.9962911879883201
46.17004275842106 54.80061140414356 0.9896113891211405
49.50221604318461 6.467909510465296 0.8838351666546053
5.541586949742207 39.87855470081724 1.012934787623667
0.8644582046496022 33.13762417954282 1.001980304473242
19.45580927722892 2.598429377935096 0.9524475278539789
42.65094499739396 38.9464601659898 1.254360660338563
43.17078072771932 27.56403940243835 1.108257664730812
50.70625507026271 38.25159976549987 1.053645961073725
10.06426636318875 16.24834253743679 1.083605905195406
19.44076779831236 11.64645566588568 0.8395398869422057
28.04013346416882 8.610810530190733 1.034877305517608
34.92827868132306 1.94928308667116 0.8171994327597368
38.60310043376084 40.46986563106527 0.8647910027323658
40.08806692952666 42.692295992138 1.127876809996075
47.54559621100574 2.543876206755581 1.047666405770654
28.55507368666822 30.94167036746707 1.207435164519954
14.30479115960411 14.72585438784484 0.7637999513211626
11.46030735106222 45.74835914780775 1.142125740213472
55.65669310635733 30.90107514937458 0.997905006963287
39.51188570610801 9.841881857179981 0.9673463653094572
1.832017467278995 17.44016436088838 1.099841322106903
0.9100299654109543 53.61900275788224 0.8602249098790495
54.84308993250276 40.9980969214803 1.149806390900805
43.54197312823589 27.60202412009334 1.095898617303564
20.74701713712281 15.09704678836141 1.011639986307916
29.82290117620625 3.049404204380421 0.9521092478327695
31.6163030325511 37.76186047669587 0.7236428727241492
8.417453272928229 25.95062323145132 0.7743247614090918
40.57480158543903 20.20861824332206 1.077205203647025
16.8276210012043 7.228831038451209 0.8863504513221956
25.48292847233029 56.13891975122453 0.7273431175956278
27.1219483623849 28.28463830579288 0.9604779265320671
51.41634258926675 56.94484953859116 0.7196027576934632
37.70670998874433 29.59541155472184 1.322068731962611
35.46504310260762 36.47179612911856 1.119982756397917
33.89357534930742 22.93983946877524 1.252218139641861
32.22137112041068 1.012181113479743 1.091565003232112
26.96280434493106 29.64927827876493 1.132566957227078
3.847442636660972 36.34854547742221 0.8930811966590704
43.57737654241611 39.61703830194521 0.8037065459883481
19.81398336254711 39.19489369783313 0.9892985756518365
17.83956548657248 49.97577055309702 1.042988363413339
21.70873772385937 49.17360802328848 0.9542043390213661
21.76901955146763 54.47345925097981 0.9833359855507487
38.88724384172225 4.086107475257529 0.7394919124508501
27.02594694403277 6.340630049510221 1.053646390020223
16.79300030450942 16.10042363735867 1.079528827828296
45.74970194266629 50.8268971060528 1.096333781575461
23.10435012686269 2.883811745738523 0.8937390708642456
42.50085007422643 34.31594410646518 0.9209574316840353
48.87662034056923 37.14278992365244 1.179598701974231
1.906678135463352 41.71043680035995 0.9560950896432658
40.41181883095383 23.61541585932272 0.9234549960472259
26.03086357192642 55.65306434857336 1.015802355946468
56.89369420376313 7.918107413648678 1.009039263114199
23.69892660467836 29.76511876786366 0.9073365511203433
37.35358318237289 40.49192690918778 0.9858744048266603
27.24773153208556 34.61524432134593 1.210202682865678
21.15993470473212 50.35208165894825 1.177960153989448
3.033808275141664 22.99990614131089 1.223610274635244
12.97783955511536 51.9104286157109 1.023988627428547
42.3464768935677 5.049374173883988 0.9271400187551735
21.5591476427201 25.75829572452153 1.071089629812588
28.17853067730485 54.69565363167582 1.000434798673505
54.09625678839919 28.07222488106798 1.002535022001333
29.60054735355105 39.43876116976084 0.9176040670114319
12.80461450610525 18.46608973223068 1.080100757767166
53.0813340801193 30.93173347317229 0.8701438563337801
33.40442769713906 33.58039014720376 1.066638287910393
56.58029628851465 22.57146847693784 0.8412886440469829
31.34866458799162 2.72299230039259 0.9652669680837587
42.45343720608085 36.43715656056867 0.8407463778454141
22.4225194018439 13.63196785684301 0.7472622801721784
41.70419273791099 39.74657121102631 1.158511092436631
19.35420477593048 43.78937072529894 1.067164847809317
26.22813186851709 24.86387334059173 0.9460154846635722
10.42084183516951 35.99993063695725 1.082371965069293
40.08256603594989 19.52529303195201 0.8806994447115022
20.75888304820232 39.66286229792184 1.055209789318241
42.38585462485712 44.51694082818783 1.031798065137493
11.80268911775327 50.1582211256764 1.376571534307393
10.88809415413444 6.728187798861502 1.076121838954176
53.43756338229289 52.59228691858812 0.9119883917155557
39.38165761734436 1.534017817831607 1.124485252187545
7.74652023461951 8.60978948586145 0.7068583756237572
44.60972012281871 34.31411053720588 0.9403622187676073
24.66953798507785 54.54138423294825 0.8742139608406118
17.06667723835757 39.3936406613298 0.9401910551218851
47.41496631894957 2.163438720704726 1.203099422774925
46.68037954889255 46.30387741527701 1.283396566059783
25.95904201639772 1.176647312555763 1.072690523252155
5.282607448418908 31.53299786035577 1.018476328695766
50.0403847587483 51.75736648484942 1.038383179665923
53.29138430268102 55.07128622665596 1.184229109722454
41.0318318619541 22.68927543456167 1.003180408120075
0.00338594522484855 40.90818625498013 0.724510327563919
26.18293619117836 18.63814353180963 1.064318256516629
1.031784166596729 39.07525656841474 1.087912454629177
45.41305217678335 35.53297246412047 1.10396522138439
24.83684985285478 40.83511947553377 0.7851780093102493
36.27007901168898 11.39685353888052 0.8373695510913006
8.844951405583393 44.67214657351009 1.125294303053626
45.89851135010762 1.885336137788992 1.15052542237573
34.30737851388164 35.72089730795515 1.213014436520614
34.29456351571464 18.33921034929306 0.7685847190573707
20.05170221955129 26.10168829006221 1.111454012096902
2.413311901694775 21.08348638614802 1.02621984100817
56.61645887681118 23.05302229107033 0.9724279604201206
25.91979577761134 24.45330870312327 1.173812755023258
19.55538827905217 44.69511367412988 1.071862689146833
33.94982743866268 8.45389960261709 0.9132795542623331
44.67717694476115 23.88782832580052 1.129361332159748
52.10023777843464 21.97174043393309 1.071103847127254
54.92396918215042 49.94635028668975 0.7507962549434414
48.37149948131829 17.97567137515902 1.111601992274144
39.05915776130704 27.22498340868623 0.9526647226530836
41.61117546149119 38.67561661157553 0.981516708218702
6.128925314698799 0.1661474398179666 1.022401279363787
15.72084600186015 41.97908758324528 1.06669507788778
29.67420123083247 23.39365571709054 1.176612108848726
43.7301338835294 19.25465101620865 1.070888190171436
43.14247934200917 34.87323393946198 1.274866483853705
53.37905126222365 28.36951801710274 0.7858915520184944
3.577318973176796 29.30761356293579 1.037157724902027
4.830353715378024 51.94881848103778 0.9553787484857806
45.73362986405083 29.34244269940185 1.181351108632336
51.10337570081622 30.34480529899933 1.087435149471742
40.87577653810185 17.14698459913348 0.903752950481932
44.54752881384805 56.596622539962 1.014511051386338
34.87285679433162 31.80027338666854 0.930306222318943
0.3850128093664594 21.60299065131833 1.046827213044111
53.01030147960889 37.19740374488635 1.0905973096888
18.03124290985579 49.38935271528985 0.8379950833543505
7.093059189660968 12.00578581821443 0.9433918458878926
32.98210217802883 52.8266890537118 0.9708075637611256
26.17149432616844 52.36628780205096 1.265157454334306
14.46685919978975 10.04727083772759 0.9211226242713301
36.00574513245642 44.51675014547853 0.8926948141060101
46.43961797023174 36.39075794182288 1.07464003586539
19.54876693875937 5.130042249863056 0.8793998806281506
20.69194609145259 37.58000984861516 1.002633041551514
29.994897165799 1.792751082588337 1.090279417922091
41.40310858860757 51.71739807246131 1.0584853325482
6.723183864133053 43.87856314651602 0.9485126927469506
44.32285680543765 48.07141238174933 0.8799204923435443
43.43770015725759 28.43090019860812 0.8836790854174573
23.54162196933367 55.95097255844203 1.363998297428639
13.59031711546253 9.451033318159652 1.151121391956711
20.7022654659591 3.029935059151582 1.016025684037523
43.52447743226051 8.390558172199203 1.210221445394509
34.95204851261901 7.216423497170407 1.045307663162603
36.47529135061209 18.96546518661336 1.199310558508393
34.26419453381756 20.87839991267696 1.11106866862855
12.3745676644028 20.40604709666504 0.9012211944001665
32.03921864882075 56.69742446984044 1.084581976763976
13.19177557490383 54.91515963567196 0.9177410289231566
17.43415981970455 36.7333975442375 0.9040572888437682
0.3304813235674432 33.62117830413449 0.9171509107981535
13.48638431564271 46.17227258354997 1.051923819335454
16.86667647765329 43.70257659568571 0.9265262225677663
5.498863963176898 51.13087103801355 0.9429077395357458
39.29152654031828 19.95554417276547 0.8718309319411239
39.58777431891662 14.33074516259634 1.112416446294503
3.334004783692772 32.84474421750975 0.955925481012658
48.98039340646024 20.76816460339733 1.096579215253455
11.64761260880512 25.49705457337995 0.9113528197689542
56.30297483052266 11.97809393237256 0.949338079929827
42.24659607477793 9.823326948482229 1.12830166972301
6.730082681742536 47.74546003795483 0.989157893339544
9.927187233663718 43.24572450027136 0.9812439696979326
34.26660338941338 49.51496157912303 1.346851472760074
24.6786390765005 42.34245795819091 1.062109543659527
24.40711425077501 36.32625168530561 0.9477272441663017
48.30434564422087 12.9577453825426 0.8072694124626318
36.49944820092034 49.4547121601434 1.145465747817755
48.1679094318151 14.47581329777642 0.9511784203666694
12.32717515450305 33.41450548005034 0.7239387134894891
24.15996549146248 28.25333823275442 0.877186655321427
33.36831705289349 34.0871527516689 0.8873407682899493
26.60211430424923 15.0755323693508 0.9117084907866824
7.554492421240775 13.18230962761785 1.180930276242148
48.74289835744673 43.66464591895446 0.8048070346454863
22.66126657587535 16.15001258167904 1.233671463150269
39.86010166297672 14.29524319539556 0.7425761060760792
46.45852448998882 19.35954983735436 0.9732534496657947
11.6592188792579 54.91786476081138 0.9668001208399115
25.45350058817002 23.98639403376095 1.158646748393229
43.04365187000653 55.49233573232421 1.021143081852662
21.0059790406404 19.41196889635733 1.290682508584426
30.0468893121215 2.18160273515694 1.169283207276617
50.58057414301698 37.60138173336227 0.8686122740791973
17.92019035104671 7.106810693678824 0.8916792009484928
56.23122687788272 40.58145692692206 0.7427417816791733
17.08223600782558 6.116924911791889 0.785142235939053
36.51736765099567 6.540760471271705 1.234562318194739
17.51844776166531 37.13569362840415 0.9519747017352598
41.18518774080331 42.97194834983533 0.9750165503947975
35.7245891577213 47.16573953217163 0.953087073839411
14.00989366090386 56.7305682249044 1.060436345281319
35.23560997202788 39.62459774065046 0.9367809170568069
48.7709848535112 28.81618408850217 0.8692992062374449
41.38276507397311 38.14616982505944 0.9493837655064218
14.24170788342213 40.61399192531314 1.230964677451769
5.836116354370544 38.80986273326439 0.8261739631344373
43.61545609711458 42.35348403190891 0.9082759394569838
28.62080701190084 5.869070939658708 1.094198017208377
49.22762447466498 12.80599472616147 0.4564144609967834
43.51545161591631 42.33344634218768 0.8973511580191779
27.29617664557703 53.09316004444526 0.8657150521960526
35.71775775855303 23.69381326096775 1.020011758399223
34.34797067956439 55.94373720602307 0.7019637745390949
37.08990700453981 45.07041833413319 1.071043228387125
2.344727652307939 1.81753372997862 0.8299352410783323
40.62739646324301 12.18440556348507 0.9754680559547459
50.53432803858739 28.9780196677791 0.7132087936055507
34.84709060743781 16.50396083132548 0.8090882014610268
34.96112977664971 26.68810989693185 0.9464259822627548
54.25371834414719 56.36912455752917 0.9622676290464908
48.6181288001212 24.54989496318153 0.9762614520449234
30.08168155424375 31.18004230744208 1.114705572288323
47.2347704950882 7.429652207265446 0.6632330526372319
26.16038796080294 10.21368649146226 1.073533768151804
9.133899253389751 28.50511561311088 1.073420440505641
36.68595961978937 52.65861671122658 0.8050661695317198
46.887254309788 30.22028765837675 0.766095293899592
52.3754226823223 2.48372693335811 0.9369675546009061
30.66755152431668 30.3365524324293 1.2396555284603
36.62123489036282 26.42555514789445 1.010718793994952
42.89034899691602 28.23936366394133 1.046585501584885
51.78032087151907 24.05713163877704 1.106269060864003
12.53267585324714 42.01509134006458 1.241693675980152
6.078572259321144 0.6471718068454283 1.05099346939777
52.87014188471723 15.21247151271089 0.8292756826023158
49.91532025901382 8.838247013202983 1.005406247002814
3.559978764299293 39.80257454225914 0.9914155979464708
53.96616520870764 34.43395735390203 1.29875815086656
30.68034207666309 27.63371670648163 1.119116517702563
29.2777340548475 0.0452901427844959 0.8924766603944784
15.63110828755009 23.25318413938078 0.8502749266676584
47.31031580470052 50.93059956837939 1.081928382685309
52.42652049913374 21.797099650743 0.9694734645063312
22.44427145758843 32.4571967932662 1.009145049733405
16.71756424462309 51.59655887754474 0.8740175916465931
3.434805864205028 43.91853766372359 1.079183794925754
49.43545901935336 42.49334056232746 1.11843393880437
19.92729788968679 45.79549483060627 0.911448248524819
17.03534090799994 27.69780764947543 1.023083485654964
15.0895522996269 20.92540776586412 1.172873521735228
31.23557222319561 30.72066058717699 0.8943673867639911
41.13208974624616 34.48890768340272 1.104381571744094
6.564095453621864 36.5586102453799 0.8365896244960607
18.60834715543703 54.78126724845789 1.230852680711844
16.3268376161935 1.966906028318641 0.9458778313357512
45.88544369204223 56.84961074490548 0.8694020049329086
5.254984042725984 4.000596419442723 0.9627700401051321
49.79609127659169 6.28657582788103 1.199196481339462
52.88008958188821 41.44376498760831 0.8376768132077533
5.369172726929734 11.71243010494505 1.083121643665248
41.6903024686921 49.54776463217463 0.7848605803037765
27.03667231557736 30.91002149689478 0.6662300347860413
5.381002407232766 26.32267962318038 1.153464004398373
48.05295841491454 35.66951904104535 0.8825371043558634
41.22597263298275 7.379796004565337 1.137587292852777
27.14143951150656 26.52186873486352 1.062415503048769
48.48973505035496 32.39642355423254 1.307767269319262
0.5787054601026259 23.31855640435524 1.067357493838744
44.02754582465978 53.45879506853353 0.9689264982100094
7.428436896963248 13.13149409235059 0.8387243738298846
36.21683383789697 49.11873936565534 1.106642064284112
34.47278132497928 23.32213396128367 0.7329132006976586
2.038610636740276 51.53395321058759 1.144659440145998
0.4713650562201464 10.83989726791154 1.010955648347488
42.63293631078346 27.61280456772671 1.160643985006201
3.009228121959245 10.88423113053862 1.253187376633427
14.86364130483178 3.587933582061871 0.9369444400002312
0.0467286240527074 41.9651089268574 1.013514036294567
26.39559080935809 7.47516554755865 0.9261293066059453
36.49179278383581 43.64796580031885 0.8698091867974358
40.85717042854856 38.53040342057609 1.111851195709151
31.62197247223089 11.3853911829113 1.04894836994763
44.61682175314837 32.09333752845104 1.097898797768384
2.706142069635048 2.587054427055202 0.6489304784537921
7.372429345442182 5.715370191594292 0.9136423662234079
9.303303800198856 47.67407314557306 0.7928066963726381
24.12725775322284 9.350032424251564 1.144580480989402
16.82519797181021 30.73578506509577 1.027173820347324
56.13527320983599 16.41910288502421 0.8419229726586144
33.9541393257464 14.00343956612211 1.047069083632416
51.95842348549441 17.81130972775226 1.02218317644572
11.43531950210934 27.15581545892908 1.114893886980144
44.52573365276946 56.05214125525772 0.8691632469240416
12.3380765306475 36.67432861154635 1.004456114290107
10.67066524860946 25.80936211478401 0.9869007950047902
16.48343523381438 26.03765701504315 0.9591483267180123
29.32400147305988 49.12261727970215 1.161694017380867
22.85840234479793 18.69577878746007 0.918100377932206
5.568302329894296 0.3700491270842259 1.28835962480938
14.37348871974903 21.96465990504467 0.9609214445024408
0.3337513833929558 9.907331706447216 1.189435799048206
10.82121211421732 39.31230012621372 1.114797037147305
52.38175807817921 40.12311138032149 0.9288872795079599
19.79743996532515 54.93826040529565 1.053958982744821
33.52919669706802 21.70783922714546 1.111893947954025
47.74549626873131 47.23623092716385 0.9449296834907072
42.13524921058456 10.30600181981269 0.857162370144086
29.00178060727277 41.95373270192823 1.054926218888713
8.363700655924017 56.00801707990841 0.7089697058875783
20.97267695841039 24.80992571441919 0.7967909681163059
32.64452108212026 19.07767930677053 0.8160935648492165
4.708415281357437 47.40020871413881 1.094082335976391
52.01996834716758 0.09017335953664657 1.288030505942418
7.810007941820662 50.32076005978545 1.054023126041164
37.22582388260673 41.33920466543138 0.8719391952445678
45.37428423733184 19.48708575381296 1.032975184794388
16.08009734893222 24.75971458282308 1.21997928487554
9.713447258208621 35.84443796511946 0.9864782092683028
44.0898950095707 34.18962158923485 1.014157469534449
27.14025127475162 38.57854390357553 0.9344796320339211
46.93381664386663 31.84866658265175 1.25964516175361
31.93883994218839 2.502072659089264 1.009239466882312
24.24134846834529 39.74884788400905 0.8049922245281561
2.605225634577323 1.439889092668839 0.9512502055692339
16.62552748183977 47.97950987190917 1.158946174039105
15.73922442818956 48.40771215567725 0.7137872676501513
20.78750278697699 25.45267168639818 0.8301577111560876
2.642293275633032 28.83377740850382 0.9897230387435151
15.93996973798609 4.641840579287074 1.041014829764769
43.22038448286261 52.99374247528321 0.9368750432148927
17.92888759538945 15.19913707403426 1.122319872480425
17.70120975966622 5.188875881577318 1.054082510629933
32.61657539504421 13.52404245199824 0.7880692422297186
1.144517010610791 41.00100193964364 0.9461710344720264
3.240783712473132 22.07149185709259 0.8502570695528309
13.47920398622714 37.49412953084992 0.8144983417794245
44.43267985360356 40.73135408048115 1.079232606509657
12.56513148898498 4.311497038841013 1.071966461358943
51.71681370852367 18.62505729385887 1.073405316243962
14.61879974259939 8.32060564696817 1.146945365752944
53.13633526542053 52.56632718237412 1.005315909555126
27.36158747708499 10.41125126993808 0.9721976676759485
33.50953649753217 51.73706190834616 1.239887665504228
35.73806382144711 25.91330884951786 0.7728425112311464
56.72554536523555 52.44469059186275 0.8997546090256686
32.93882009616998 32.32599687032681 1.107442140797133
53.93610343194385 21.31034739702491 0.8294525936089546
25.62184446240861 17.11778368154437 0.9452504546048064
28.1262922147877 16.01356251398733 1.135650556222241
38.31141913976121 25.52250134550151 0.9750963154888836
8.028862110352545 39.06662217716995 1.017363965752449
49.47787344710802 35.83694639608122 0.9340449483872534
30.127511469241 15.15039855761006 0.9100175806875113
41.06370743367062 13.21654524291705 0.9312153952834104
4.310265856008169 28.95702442385118 1.313476714197896
4.283021267635292 23.3573979997809 0.9255207065171173
1.559433349203055 26.68399126719869 0.8823482062588353
43.80177494874307 3.984925108954741 1.388862025600334
43.194840325599 41.85675679513102 0.9309906287203811
36.04807388039682 28.04143617956035 1.07000404041278
36.05150985859871 44.07693599074936 1.079197565149219
22.4673855516442 2.585931777295625 0.8525550331087978
17.21586615322897 52.5948970474279 1.058826551373292
4.460472311573323 1.800037768576312 0.7130820103764182
43.9234112738275 8.770738167581491 0.7662463539896625
46.01982411975964 35.04008348660548 1.034812687318367
36.70210386798815 47.57925746896269 1.125822238947558
16.54566187110993 3.955375579630665 0.9325240366177712
33.38260644459287 6.275678910909071 0.8782215711583128
34.31711511701211 50.53589392478386 0.8937851931900057
56.50761631573905 44.4251734737424 0.6907990217439859
47.01110525103803 49.13067983516058 1.16181824197653
17.56989886172577 7.74743558594372 0.7528703067392472
9.547473354520031 9.760957113355843 0.7837031153927856
30.80110934088058 40.30453557349021 0.7419549412176387
18.34461903355299 2.807766796465855 0.8396161599233098
10.40019090306023 23.06869376081447 0.9931807108797609
14.59454341027632 31.91416542973097 0.7360613566515011
32.11610176326526 47.97714985486918 1.151467303827134
3.407830126773487 15.50695945765216 1.081085923031618
40.13637975423428 2.915446415969844 1.153871055506092
7.181873218241089 42.46034714507886 0.974098803151532
0.6906737418336206 30.01941905776943 0.9697996496533823
39.78037617112528 38.29182765925854 0.9652561177300319
50.54268266984386 5.886039126145672 0.9419851019417533
34.95599543766863 24.06230950777526 0.932357032730198
39.67367820659358 49.55053884794495 1.141785399096389
4.390265746223864 43.93551882958762 1.196779115151298
52.67327873579845 44.52664550045814 0.9601842934076086
0.201760647446737 49.23932353837384 1.042595458629452
39.77913118609187 7.692478965824693 0.982906929882277
45.98430662508324 53.02015330457136 0.9251232272650368
28.44554645682012 47.09706774498199 1.057319412055081
1.610019741398292 42.86345041909416 0.863374878204107
4.201661887206911 41.28369794799187 0.9169836670055547
56.07347789130801 18.94167791676786 1.022667132688229
40.34445610285944 3.463743610989183 1.039978277630369
47.99038913799002 52.72816196537025 0.8796950500495149
34.62314645276552 50.56822802152868 0.9742399443267487
3.327940123308422 10.67133611518486 0.800505117161765
18.41111973459419 43.10707130940029 0.8378526536056403
8.666578613532046 7.348121679550093 0.7840668731293982
16.90874362080765 37.11212509689486 0.9877818081607348
17.25147747632651 56.05520916593038 1.08605330946646
10.67964899478464 21.45313936353342 1.135326609051567
24.63127616170388 39.41238495214488 1.091062412991923
8.035316125506217 7.975732238020623 0.8771770820964503
43.99346707667851 33.86651770112408 1.121043332742482
9.640674810689257 21.61661350290133 0.6719665608330356
47.78840972566437 30.76268581941849 0.9583492899682203
30.78158639361224 9.199529433715869 1.112302750080302
30.08811977649486 25.53633574235083 0.9367361170901992
56.4935231541719 46.9968634238452 0.9079822398895281
52.99392171809167 25.49271099432032 0.775102232336764
44.35307765256291 36.33282880547122 0.8791535237025448
18.74521373107341 22.62166535510759 0.8981925593687119
19.96008605228741 4.621342294207468 0.8697827412640966
38.48785999533155 46.17485301111585 1.048555043271332
28.57016660532456 8.922605691441618 0.9303317328324252
39.6852915108601 40.06668965661279 0.8535601669878023
28.55810573816211 56.55504863967889 0.9335275235363278
25.09138435548702 31.70561425886378 1.009188722742809
48.64308891195947 30.73984516819 0.847962428974409
53.6397834572195 24.63824850257405 1.000995429503604
31.94886187927279 40.99286108323972 0.9756097030195832
12.15687643743906 15.93730089670853 1.103222092258479
27.33763333332615 48.69105463786565 0.8338888746681339
37.8659076489815 51.46102060445632 0.9526421897169027
17.74809902009931 47.15101091198205 1.251226521637325
56.98843914409561 5.429791646744028 1.031095344154759
44.02392813517895 25.07982347303993 1.184967626425328
55.81966864122994 8.779732690090189 1.222864063108751
42.12316793209089 52.45945207190675 0.7491159165533904
36.45231312860377 37.3890585007095 1.107966960654967
6.607240867152457 32.42952799956758 0.9767677983254567
48.3668288962761 30.44298287315433 0.9394021415397571
10.45517194245717 14.25768289540786 1.127473859559267
8.71870347332149 0.0165751953686472 1.069254513442851
38.47209047687803 22.53830038222405 1.080797566152493
25.51822831692091 54.2549885978247 0.960771641524916
30.60694813197802 24.33789695815085 0.9536040636473003
19.7973490035149 39.45270250712181 0.9183784563481933
32.80214582234721 56.24966215866137 1.198841952380549
31.67919013168625 22.94711052111681 0.8421890070019834
1.173503994091183 23.04601900141967 1.181633256887694
2.949755501444338 46.02240539669171 1.223374940014979
35.67514476490912 41.42184600486506 1.080562836519783
53.11163702379523 19.47670872857641 0.8210284822035357
36.56351530857548 13.23121968946942 0.9472901187416102
10.48620828729412 45.02358797193672 0.9683011309687803
29.41964058364725 16.52092957520901 0.9345121360033471
18.96523649476712 23.14584182442438 1.135015636387387
41.76250355819356 20.138740515401 1.084580170913598
31.76741645194936 26.49556272267157 1.155023630030168
16.8111664689198 34.71717197993639 1.055321813827105
19.13901795825875 27.07867384519366 0.9700583576496903
31.61142169852342 15.25065495551129 0.925079110362222
28.4818746715234 3.972022413728769 1.078079099951771
16.2566806060526 38.96808295881752 1.048632220667427
55.48901253402653 52.74931436858574 1.058030298570978
37.89331077686199 54.46264458981466 1.093258468566832
16.27803760034872 51.27040066862032 1.412650311575342
52.50580432056719 1.040541158542289 1.127985618071599
39.1931380844643 46.17655760942798 0.8633525507646211
11.19322784254012 56.0043045799268 0.8562421997582155
51.49061578721302 43.03274752108042 0.6298156247052471
53.78986980709707 26.10203745919375 1.046251076637094
47.31727479459591 53.53365507234524 1.320834466414775
11.73336008038994 39.3128851537187 0.8871703156417711
35.06219949576175 23.10328701236438 1.084633101404566
7.685017151145738 10.36736364307225 0.9779738502444122
4.637764285149874 47.96905377598901 1.116337776369271
25.00359591003675 19.0469054426285 0.8463717422498235
8.223463025513785 43.85994676494037 1.030048245388294
6.201038547885156 32.11719261487815 0.8547089740022107
26.79369179429193 19.43334258600759 0.9170973121264679
53.7062648882653 7.070666234041874 1.05597391860778
3.604321279844419 3.931979787969953 1.074633935425906
26.33642481003722 45.8142975418895 0.9673947639997749
11.91758452771119 21.83936952698946 0.9805926752156681
14.76598792232852 7.380834009675698 0.914280172113821
55.34988778566471 13.80602018852067 1.163051938257431
38.45065765010689 31.01660668152227 1.168995445324006
17.87655341991994 27.20379273090688 0.9302854638027704
21.79131329049883 31.44769612022102 1.285984700888562
41.80870860107649 54.68913886029699 0.9848886407846597
2.374595985922308 38.51497346279908 0.8277749498273305
55.50519553455766 51.87493792915481 0.9746699728329935
54.17842391607278 12.65954788385869 0.7855213091139374
16.47684242691698 23.30134171587477 1.088976482083055
33.44330233821799 14.82673021258168 0.8084086702142628
45.84333689410395 1.110116087417172 1.121203223847288
4.568080663945564 6.719890287481197 0.5194696136133513
38.16758640770222 56.20935588432911 0.9582256307182013
9.300647327816415 22.97629498223602 1.010187542913948
10.02242613352017 4.753654541798706 0.8518164071219136
24.90471946676481 7.200850023050257 0.898172143230728
16.29685844029154 51.91211986304825 0.7387740839073822
38.2178317793728 32.7737008937512 0.8293260543143056
47.60043110633289 55.32082348331847 0.8731367064887541
29.55509410591567 36.44376797389415 1.001031116427789
43.16365826137535 27.74484836251701 1.005121670908991
3.48256869776294 24.33124464253487 0.770601902481006
47.30753962477089 23.85269893838684 0.9774379666028646
24.45845936586077 51.79880806980599 1.254351182900353
24.828589607416 35.53342485778659 0.6555124057618261
35.46057294144322 49.73330907418081 1.025471932901455
16.91159072281401 2.031133294585689 1.014875598433345
47.78589523014887 55.12942250218681 0.8360838667873932
12.79055659323491 25.40526526812709 1.052996407747529
7.320180212762291 42.34565069915059 1.144522440172714
34.49596814601495 22.95139414023207 0.9331098231000915
15.34393609284607 4.450172366318373 0.8809565516123414
28.30287130470521 3.193069531672201 1.037693154025811
0.4502837608802522 53.81387002897164 0.8110655124691031
32.34729486021553 12.36056084621724 1.316735129517003
18.01218244247706 18.08156971450968 1.049076337090637
20.11270303563806 56.02023141692403 0.845174397807636
33.05319566747788 54.91753722397496 1.04753014764667
23.32280249210205 15.33976838567283 0.9438739101335528
31.18940295986338 28.17183570758059 1.132541719047277
19.18452718443448 56.58685631518571 0.9616632393077542
16.60962254256458 34.52846327728054 1.085909045507838
55.53730226659091 40.63022278232044 1.261312123019096
29.15376998863824 32.43729017136492 0.9784671224162637
22.58263456336345 53.03218720435732 1.222293578401075
4.845051758384821 42.69533759900152 1.037998417559562
40.61287479643378 3.072006767649207 1.095225694404071
26.7419996600328 6.935677261993138 1.224915836828416
51.58963102222869 54.29204018055091 1.12381704584608
40.08951961113583 11.19925353825058 1.223262081927547
6.543486246626585 15.00044242618626 1.047441219679043
19.46644822576383 5.080788486674795 0.8700525169218027
53.12128303671315 25.31592964907919 1.055909507635285
34.46103992567446 18.70391757353391 1.222097532558476
4.399255145992737 16.40053542163248 0.8530073913553281
20.20433908337929 45.01212996896921 1.154249749264491
51.94780723096235 37.88431736914642 0.9245116810894134
47.87774136330827 30.05532020053608 1.206708000622377
27.3473603545443 4.476500276232371 0.8947319533470161
53.66662589724484 2.167863785833057 0.8587390094824844
8.290900604003529 15.79897139398333 0.9081652282210846
2.689714929410124 45.80897926204324 1.046673560385539
14.12490888457974 0.7997726256958082 0.9911795709619506
17.51491553965719 35.47302573801625 0.871024846505501
51.87356115964873 3.310203393134383 1.227286203270035
9.926300654619141 14.34610334893041 1.034061096844505
34.92942808611757 16.61740135663068 1.063975464580201
26.60165585884901 5.276788414119179 0.8147688555888868
7.444652199952236 12.69695017519265 0.737784029603666
26.47839387342259 24.61295841197155 1.271789113021953
40.41192980595488 26.45616187269621 0.7947890000818751
23.57827373946936 6.750662505976233 1.293081686194778
7.550435158214735 42.78207537847668 0.8970479798555278
16.17620836206535 47.65629949451252 0.9575839316711408
50.9665028876469 17.62254671874575 0.9494325620399908
25.3958728441018 44.22304505073607 0.7547010287435278
28.35732855059082 0.42608266390212 0.8129706185618202
37.24369491880932 54.95898440943984 0.8049837734967015
14.03454670032232 47.70566003895628 0.9076174390576368
37.76048171648778 37.80099364360841 0.6863239635679776
7.257155489761921 49.05322825585176 0.870505244633488
27.9230740284189 32.52431532858141 1.348317167533153
18.30639068051539 45.93261924196622 1.062755990883862
26.12980865460346 26.00263677118469 0.9525345896567207
7.31935656644374 9.121838067714981 1.229975399781246
46.00455514341805 35.67668511703456 0.9775868535628255
33.6356694999317 15.25079183618109 0.8113575065336516
27.58584656081435 54.86293566546539 1.264214635511833
45.56859567787898 9.158796830642409 0.9979523000988881
22.42138690474508 14.04355016771869 1.260362266075105
6.096778397027766 1.254282381503974 1.404548498795696
5.20285769654571 35.85318930347133 0.8378808540294276
24.78580851889486 5.857600222741068 1.267270872811912
49.51188514824579 24.76819725603247 1.319994582195287
50.14645886381457 33.27326833143517 0.8933184341278272
45.25890670589121 39.15101398068993 1.054005261970043
13.0576192736894 35.98511055064625 0.9364643876910693
43.44855856078144 41.45593441438672 1.133361198113807
50.61473124502913 43.026890716528 0.7006615557150693
46.06070437983642 23.9459395981142 1.063517152941228
25.20022197961817 20.90829078103802 0.96564831219186
31.01067208033552 4.92801352121309 1.078776982183271
23.56467785526285 36.73952550894559 0.8344506291574731
16.06649291797843 16.71113669253473 0.9930707189309566
2.132227061377944 7.261414636513877 1.05360092854696
13.54837015762384 15.18984633506734 1.150121358042988
49.87891971547106 21.07478728381674 1.024242945321462
17.206451539512 8.584352799963371 1.147480788764305
29.49264358100139 47.24294214101645 0.8699002687228239
47.33468706688596 16.9101827391005 0.8276065532952346
29.31523726150172 50.87262013362377 1.103474609689759
17.23149958729348 28.17738790818369 0.8200784003542968
35.43880254469756 32.38373752701271 0.8096733650559227
34.55357298373877 21.685327705315 1.295401691529406
28.53735670425806 7.394749122855602 1.201137782338231
27.45986567459063 21.41627641972912 1.225892311651196
30.00062921969249 44.70180649389597 0.9995743319006389
30.07299073323281 2.493272774151188 0.7637617682947362
19.40345553979439 23.98417134861656 1.188140805407526
21.52797855787351 16.24306258523979 0.9414862693357899
29.14916254866364 8.903509152542572 1.018124671703237
53.26042501128298 46.38066216249981 0.8071458358144386
8.744388784628542 15.51969957888112 1.123458377722049
47.47952988114186 43.29796179491 0.8360035284798816
20.49731547501744 8.742383988454186 1.253128260785833
30.25494522287275 47.95718114960808 0.9263502791108401
35.62349836371071 3.159289601333108 1.004562372030392
46.42628812344106 8.696489070400823 0.9758443120725497
29.1041668439769 25.05601791527868 0.8663355575353118
48.35520808042735 50.63214540185041 0.9883467836328148
53.01995027950962 13.44824304918211 1.268005546479703
36.84698912401078 49.28037526424992 0.9864700043188854
7.376167591836381 11.57329396976777 0.9699856217522008
32.44758573707546 54.85569747297824 0.7869167972355214
21.39499700972577 50.97083874278275 0.8362854461420097
9.3257523627606 51.55365741790908 0.973010658353734
28.42152731000517 0.8478532814643593 0.8134623372683718
19.38205201615675 12.72060778398095 0.7355889970608754
26.16885083316306 8.638322376943343 1.005881182695262
7.682377506830905 28.99775601830229 0.7498688588686924
40.57105001461275 1.013794272213147 0.9454052695683602
12.91424254510284 38.44230575274783 1.075732616751347
56.81087699244306 35.06140430321051 0.7810220280219256
27.60097480779559 9.136629355203654 0.6200033124672903
54.08588008167496 27.3280086872764 1.081426553357537
8.417903622806959 50.73161987854709 0.710819482674248
19.48152646631074 2.115045338922667 1.059901375159044
18.75840213185102 38.86357848246748 1.107730356839423
54.26558075159117 41.00450398260937 0.9227251753132675
56.18805776172693 4.947958231879379 0.9462865217531483
20.00650333054666 53.57331001552441 0.7777638277863699
25.76806056907776 32.9207458756495 1.23137853315354
9.55088194066234 34.82649273417261 1.13787352360101
17.49587213923031 37.15185674845793 1.093357545203194
3.448151875495981 41.04900214450853 1.077567258705693
17.43894249454091 11.86605552484563 1.162643301598025
29.77660437523229 54.26214848936635 1.052031231388466
50.24750591546647 48.53500650708331 0.8544435858965875
39.0847418653242 33.39130769688231 1.054365583352212
49.08766302097946 38.27279962705113 0.9060489841147706
6.027065897373047 1.345769259308357 1.039487654371594
1.663232984330148 31.79512646645081 1.250832597326848
14.22959430247061 43.8173970756202 1.176850069316397
14.50534146023232 31.72546644170092 0.9415345493063747
21.83640024896544 27.41740569957411 0.9902006266298791
42.51746566757442 39.27534274350635 0.843383382185251
30.40780326696476 12.06006557310934 1.205911640619503
17.560236126911 23.65530915588853 1.239871588347314
30.07727074254177 23.82613121523807 1.0547832654228
23.9526135194826 11.41653667130346 1.49350554928221
12.76230593061182 30.57928722145934 1.138763207345944
4.77480585676376 47.02882106556968 0.920874617942201
33.84621814118988 24.76347740775136 0.8479933351443123
50.72986660093529 0.8154719121826216 0.739880354584324
28.23287761175673 11.74940657184897 0.9543854266359003
54.84160956686438 10.51633880963379 0.969504780382858
22.57640438274313 49.60773036284732 1.431712515323545
51.90472198971767 26.17147643639309 0.9787529758537803
11.85129035536726 19.37096415104855 1.20360891611104
50.46932139921436 35.80390387484986 0.6588964223097218
8.783583291705504 43.54980675296383 1.127607954519223
52.96466280471751 13.55838914846926 0.8624938706535112
32.56278933424633 10.4248459331807 1.031347854028836
30.98627613344522 26.29265590863892 1.134633146357907
11.96762363611144 39.70053229886132 1.163904288920414
49.98953429329653 44.01511787204776 0.9078721119559807
36.62284823489508 5.854667095865434 0.8749929003790945
41.73741511243275 25.91654164340186 1.100445041338605
45.28750579445041 25.96717865251339 1.016005805491038
32.39260934264986 19.07500661680242 1.070483868032858
5.624813343223563 44.31721704048906 1.110386837217738
54.73458178282463 39.20344116175708 1.012282699008218
49.62828709493777 24.52629189962814 1.150614907082347
56.59002702570987 3.868604940301089 1.249277004415908
43.34180042396383 36.71213257345936 0.9277039775637823
24.14948203002544 36.33133469071767 1.272062396251182
51.89727336675733 3.350098653859505 0.8032426681154969
40.95409425858134 36.63468847919008 0.7225175198124594
33.22339392044739 17.55414606516908 1.017656739288987
42.41913016439375 8.616003236554565 1.169548847707888
49.79219587090993 42.25396605173776 1.261451250186024
21.08890138756898 47.52677765373456 0.7626105505521715
20.82414871772013 17.08569428188991 0.9308151430664439
39.15520905338005 20.41417571688731 0.8672726646253484
4.863125448051433 7.296099619612144 0.9536339036632746
43.61185056418732 29.01260750461957 0.9002841527355987
7.112034640792773 38.52470767708714 1.083060036168457
13.68919963701125 48.06612889937411 1.167667769288824
7.518080384711772 51.38279005018193 0.8800632829424011
3.509985972899006 49.93721054910552 1.016031957808599
26.70889489618544 52.79098915764642 0.9648741817340596
25.39310470660827 47.79779631029712 1.07485382474427
5.42671343750633 7.141915502558423 1.051950347773549
9.936206148907639 44.58192249088638 1.43281518006828
51.48164045507165 32.41921669403986 0.8290997151636321
38.18660499071078 38.09349099271628 0.9819811336225589
48.43259197586802 11.54385881290951 0.8823424123014059
6.338746951585052 5.121791586336583 0.9866989631868619
48.0776315206092 10.12806807045269 0.9139489457313953
18.88093310495882 51.5876175200509 0.978491366820366
34.72675617492141 29.77417348920096 0.9173650327559338
17.67071554934174 3.11986085498699 0.9092796958937929
52.9703727485474 25.99868321046172 0.9706573325165913
11.13039781019576 5.906578897455045 1.114220413612716
36.79708426855369 8.062246129877048 0.8327098393493706
14.10570572368135 17.98368925926447 0.9139549408994532
42.79772856030507 37.58832909846135 1.152491192273341
30.08138870870759 49.13647551189013 1.068648910133244
16.63461856666702 33.78775220540713 1.232741993576455
42.8194444649012 35.51555167162584 1.210911127779529
0.39527806332115 6.102125847294054 0.9984879875699085
18.658896520575 18.06599361266289 1.073822783008651
22.05447592030022 5.192359424285758 0.8673772880896629
8.229549503992102 33.18487375703867 0.929864078917859
14.87136278668016 47.89602261683719 0.8175683403617861
29.87240133521724 28.97706851036151 0.9324062481576713
47.5145984061596 51.67744040986404 0.8599843464041022
56.61646752972923 20.5959870883245 1.114267473274141
53.28736348277301 3.448534435335795 1.126559238485165
19.1143403933916 39.10680792113152 1.137391715782217
27.99153095250555 39.35936417028278 1.07570830398884
53.59183593960099 46.65042747308054 0.626914877462698
11.0061820396251 37.11084329714572 1.02362975117738
55.66470746028456 22.10512038790859 1.047776662806245
42.51313873078355 21.88085482776205 0.7751613201338974
50.82153824242835 33.02773711040045 1.095704166507924
53.62372419872494 3.372211079752171 0.9479045217064618
35.76459396014204 49.91108765495526 1.203624164848909
45.36864441929787 3.00942647550694 1.041442610432364
28.14419579233238 41.96048033235617 1.000538124498551
47.77430294769551 21.54114771519841 1.163710349831503
51.04938725198125 1.780484960777911 0.899053172872012
6.250164879602456 36.88674832688959 0.9813131021687665
35.36638927290514 48.763303610386 1.001947786552427
24.79104069424376 18.32589833919234 0.9243103321358419
22.62593323440567 21.41476486642601 0.9593715693008283
14.32585249483858 28.51885493403247 0.9898061411297674
56.26946152153865 46.34374804438266 1.150387687731167
49.35317451988961 45.44788234841445 0.8956638592604087
29.59858622010731 42.01302846847709 0.8543717949946917
6.554176157132805 11.06682312258837 0.794246044863094
22.15337412858073 8.206167142934243 0.9184410686755847
25.92572780415682 47.14554587758404 0.926160581309611
1.794386271757254 27.69333093226577 0.9352912680129291
46.01922929800079 41.95940660078051 0.6901897631507881
48.00019185896972 10.71733869040261 0.9528411616619116
39.23619365097777 42.61939529032419 1.030219511792695
51.66979239819096 56.53988020705985 1.231137418262595
44.98776252893161 2.856087398182642 1.026169242454588
29.03599536001496 5.005198372996039 1.260552800509049
16.07202149558441 45.38235066802351 0.8062980675607733
43.79633866008201 19.85293930389589 1.048966122022185
29.88402199180984 3.347057922904872 1.010708744995897
45.72104111580227 31.67840826356709 0.830414175452447
1.263835229568107 20.05961812662874 1.021071347862167
50.01392102987222 49.26402711508052 1.321838023067479
54.59007146888882 13.01315046800913 1.093187286376513
21.98325006243924 49.25986384053708 0.9631211173258198
43.90899758269498 21.61801304603834 0.8820049655101665
9.70816581962079 30.70533621623429 1.134363746792848
29.28083145445251 14.35497431520139 1.111508762734341
47.4765538878164 18.00187254371209 0.9287351787409061
26.0563869993465 47.29721783487928 1.178935003617274
41.57656086961578 19.07030800267603 0.8366915121993765
55.43416280133378 37.15131636576323 1.137405211415438
28.36666815465627 20.41741283723033 1.272241310888006
15.6581640777449 8.694010911832569 1.019973180551594
41.46049195409775 13.75500268989941 1.132157644416201
35.08081786803939 3.921834560074767 0.9179684024941315
11.62449652404734 44.78898371420288 1.099673595560559
31.91847965257172 6.908002230761574 1.024830493845321
10.45042316264027 22.39503354038812 1.029927557910228
43.91197628337516 50.96626177382016 0.9961605050583623
46.78102354974533 28.48853712644826 1.012742891892787
43.84205483963809 11.47073255128727 0.7660498616319213
9.49358478584028 15.20872296775166 1.279092797585822
56.1284217974769 47.54630949280519 1.090882108652241
47.59877590397316 40.58891372503196 1.286308925866955
11.53344741488502 42.2198937270883 1.05512991663119
27.17111373840417 46.16061821773677 0.9699009502172039
53.06862044849834 48.76576573716745 1.011186214921357
24.48462690482132 20.97849519642931 0.9420818278500201
14.94475697024947 38.03059500177884 1.066879058680317
39.88514031464474 27.98132674674565 0.9804612753390121
39.45205929803292 19.86644823423887 0.8002142618649396
41.93591809549179 14.34020468655052 0.8211020953093476
56.98160198516287 55.24865079449893 0.9643657475165468
48.5699563862616 11.51504937350519 0.8515984022596945
0.6756675646992715 21.78388706957171 1.182002652697395
20.83066346255628 53.74428801319762 1.10900188077423
17.72278320962693 4.799224258772668 0.9030872542717217
56.71189355557407 32.6675401798764 1.123581006171999
3.648866900079356 53.2026827089501 1.15958259724431
9.324228944873544 43.10092619811228 1.080879759314801
0.4411308846627972 17.84034414302574 0.9558260456563353
35.32448690679134 5.327645037475808 0.8900338373773731
1.22639126620553 6.085427732712323 0.9160028672360575
21.70698457896103 41.69493578779275 0.6973435181133383
6.478822830821771 45.65716131993437 0.8182530610231342
19.12694015685792 20.02847563756093 1.256984620877045
24.8276998963336 33.68434521634334 1.168429043742543
12.51726351981855 10.65751915688511 0.8499540431353418
6.860201839292516 25.60560800489299 0.8513560842686684
2.267056618010186 22.92933278248149 0.9384991898653018
40.76967695204992 55.19024197859235 0.9794115648261217
8.035832540148791 50.98001019888558 0.9912744636923917
4.171945377798726 2.394373689961794 0.9599094474984708
28.63673167239723 25.87892995675976 0.8852025031836499
13.59660794613725 19.09284248393627 1.086331264442502
47.23824565030553 38.42430786901354 0.9474665100011578
18.92163959002199 55.94202886519117 1.065762831421933
37.66417476519205 21.18869620803217 0.8682506510341564
55.72017176250004 31.93271627739664 0.9734695919466789
56.62104877206546 56.88815421279899 0.9923609972515047
29.67192408008125 46.37183738051534 0.9158241048958795
22.5839813661687 20.93350620704401 0.8875649233766461
31.32202849086469 53.5365776352289 1.061852129622196
26.79721464672928 21.56027411462752 0.779828605090225
24.3157832847516 27.04271247705571 1.240060539253693
34.63296908076525 43.23742290131628 0.7445026281208258
7.426119082805756 47.85610298991953 0.9513255338191703
15.82707362986499 31.32300282005361 0.9924312289624083
56.91118443194366 16.71792745483943 0.9957007019574808
29.86049112438247 29.58310848548222 1.020982960410373
3.148844653344175 24.83864315684822 1.026353722272231
42.56631210658993 29.94605932661614 0.9252822153792282
52.52046167362503 13.71470055622733 1.167741200381823
47.5699100613454 30.15343072784759 0.9471490356877315
7.410754340426417 4.27764817712719 1.042413810194724
38.70124536040297 3.907895876983132 1.163712190924652
0.02608615906261194 33.26029312157086 0.9037530352499614
48.69670369275692 56.93727059100627 0.9554429729654179
29.52037907648849 56.06798538522235 1.137841351732246
17.00166728114787 23.03699374247202 0.911815988468361
47.87563692586293 30.66403193663062 1.175298594644523
50.09657128765088 37.27455419733867 1.00937791680443
50.989254753566 41.7611395822657 1.012431854483707
18.77046363603811 50.94137821110961 1.096334758570937
12.63444117672483 30.32357992991972 0.8578390346066067
27.97783049008708 12.66052736233013 0.9514700977165326
12.59779792679371 56.56209360135816 0.8794865314344017
41.23172894689801 42.11817700328221 1.060871984924007
21.38390818908061 56.03080767161716 0.9186730691206123
17.39183070016644 14.4804794501888 0.8223966277991205
3.097512358379323 30.29461656943644 1.081944997297241
53.34419980335245 21.86797599441743 1.079759571577535
29.08901420426043 25.55561547891964 0.9869994131475204
6.386536009324033 40.58770056468794 0.9347902729650618
13.91128046806496 36.55431202778328 0.8629386984670828
31.68150457492168 20.49515349301284 1.200035370198022
29.3974795049976 18.68732600132345 0.8587986622898582
41.69397135902847 37.55265025075182 0.8222607162786666
20.55835897175519 15.88881971169674 1.252369011741933
34.39001571265516 23.65587133013451 1.025762761999183
45.52384732455194 13.41943103513654 1.203907887303954
28.39420619904725 17.61286150226968 1.142008930555273
1.200562066957616 47.55152807829507 1.236843050922983
53.80171944750553 15.11184253502257 0.9937296434039448
35.6069960545781 26.33468626362024 0.4789057159820139
15.76252647105722 55.66424312240642 1.071691634971149
17.35156912372986 51.48923272708861 0.9195094349810475
25.71265620026395 22.76669388858913 0.9222828930498685
21.1849337812443 22.96366506627 1.179932124450217
44.781342524002 10.36837006237748 1.018234450868468
23.78780109751402 25.09208675478217 1.095619430657736
50.91805135082362 5.762847585027501 0.9487023205986926
28.15777238000081 45.83745198083923 0.8155068862648837
49.75490200647847 43.92029885105803 0.8757925360440645
54.03939607508453 0.7929610008341078 1.018806002931408
27.61995808902195 54.60650829719683 0.9524179445127511
18.73197946452162 27.27400887816865 0.9133492719667364
39.15727253544949 6.513321961980929 1.177150824791982
39.81851178399218 4.430180011517452 1.220196636263052
3.947239819423873 33.73656310827311 0.98482921685489
28.85517649951166 6.507403259867524 0.9871894838969572
6.49461716669361 39.08563245231548 1.35872931044309
27.92308440661202 22.68252098266153 1.083240629764482
21.57268837120975 15.42477948331497 1.1015697054443
20.27804368374778 22.27208037919927 0.9868063300652902
54.4459542256994 47.89800179931242 0.9217763102524349
7.091609241949213 38.61056811437503 0.9729862047651376
30.80903817424971 46.2488817773987 0.9089436720510398
25.10403484204041 27.94240186034813 1.088788047474247
15.8815971263133 29.05127466146428 0.9873177214799702
35.8713434440416 33.53414146813291 0.8754398927896475
32.58202803581116 42.36596061073521 0.926745525872147
20.01835013088693 43.54285830051771 0.958959560536455
28.19216802119844 41.59103852863937 0.8462023887629777
18.69693273105516 35.68998589957598 1.23961184445183
13.14368324035019 38.57552138090856 0.842023782493225
20.18608949528359 13.03405336990676 1.205003907238567
9.484174259698099 8.309979545096857 1.292401313570896
36.25238140544499 40.3670676110159 0.8071922819952263
6.639483763202785 40.93134637406624 1.07671059913352
17.46548781565646 42.02372039622801 0.8956539698992618
27.8767878179796 33.08526170956216 1.046731987896917
19.62811998353718 18.72553540287797 1.045860312914691
32.48617645096321 21.59575776736986 0.8666958512487833
43.84143926149302 33.84732048578901 0.8795136238375226
49.42019405095847 56.9851225018432 1.060791516532233
20.2204149841426 35.60893133543848 0.7472408942825317
44.67926261652227 29.7045892438407 0.8935603988851958
7.292798319036513 23.17129228598033 1.100468681294117
52.53180068569807 13.9322820822393 0.9958344237609817
46.99721341580022 27.31989710746328 1.029603991762724
0.6533881321798023 37.53058082402245 0.8354176673893743
56.25611622690042 50.70121150729303 0.7940347748812366
41.87726590962953 14.40650395509159 1.001711486526651
48.2538244408806 56.85161368309129 0.8351269170894744
28.70382764642305 6.67666628103548 1.168570526582322
42.28559761647396 19.17608549314369 1.024734136976238
21.62883184786366 29.20450849700929 1.06672084670363
52.37580080953231 26.87261925352394 1.449545205861927
42.85391227568216 2.478439416493494 1.243381721104985
27.04656589219652 21.84332568889639 1.059025968770881
12.61691864608644 27.69995402437632 1.007684001099141
47.981462166636 1.630022686733875 0.9139121272639641
24.53316515662389 32.85872807626554 1.071408964083769
4.57743319430269 7.290351082706056 0.7431138870130264
31.81619847184801 33.28126084072574 0.9327122071024088
25.2055034447487 56.25261500675818 0.9559249440326392
25.48910686815582 46.83433529261236 1.023207373336292
18.75596545951253 23.8329242602144 0.9999648763116706
26.70254466296292 4.609877708652 0.9314317884696277
46.90689927381785 53.35792959544711 0.994431784857529
23.39198262495547 2.523817893361588 0.795082341476012
33.35577156923515 15.03934575991675 0.6670697970852106
27.39591179806549 0.8889367258590352 1.071357877061355
32.85352151461575 52.47550703048497 1.092697878591022
50.72278957568239 7.669719959921073 0.8318026518047565
13.9827413349332 53.96227131595941 1.002075313518648
6.942421893096725 39.47184820308902 1.089771658125995
39.301773612528 5.552572041541604 1.199027857629091
2.232469630535911 9.004318275490924 1.000476187557998
10.55297521155 0.06934899746875697 0.8007882924063711
24.90176290269092 33.94495783650547 1.020372146347709
6.99899225588841 30.10675871935988 0.929469090996057
36.83787518592452 54.89706609207069 0.8558524816735746
50.37257309601296 10.26198673493321 0.8909378640098766
20.36111666046135 22.12934094068098 1.134831717910677
19.09161225664039 24.89421556745387 0.7566277646612336
16.81570617194087 5.888218838669461 0.9489996026457286
34.07006392864048 18.67477327150981 0.8493065597026019
21.67258962787343 1.971826804788703 0.9797966803214626
50.93147332730306 55.33057802930967 1.115085171716771
3.214694952226568 0.9304655566487766 1.285071812967619
55.82753164871946 44.97653390792037 0.9984537177463432
52.74396686523406 49.20010474473243 0.872860643082131
50.44894152108996 33.4210579155111 0.8536408476509619
41.0845298581219 10.26464766648814 1.155772609842578
9.382127450957022 50.75006763439163 1.106043482397015
49.90452136420856 17.50392551091683 0.9697169344458532
36.17869878242663 37.02589786612703 0.7390072878887766
28.94641209763773 31.79842986389922 0.9748859780742126
30.12900786666619 7.506349337057373 0.8918611650036865
23.80835098158957 1.566344588793043 0.947276393230662
46.54287849671341 43.30288634044253 1.171356558772882
14.83598732195608 44.781399139567 1.002268256498254
3.971713403692335 52.85691133414252 0.9110602925181843
5.586490896337894 45.05624326181423 1.029111377281657
32.43453403116881 15.50368645158768 0.9602661338133388
38.64583528491008 25.33905536883467 1.091472192777985
52.3136406616837 12.18631074493113 1.016170000063991
34.02504138929073 24.26005273277874 1.106686219582979
47.13793813117684 17.11374847549654 1.168285589940137
45.82304511117891 13.94628908622371 1.169721058293943
36.58217171653275 8.222971561002998 0.7885495450772255
22.68485090028721 51.41815903848882 0.9844596973078306
23.58359201931562 56.97608410426233 1.111765570851793
20.94973204748227 29.17008294219621 0.9810040843335933
17.06585059271466 20.46686134415998 1.219811526690873
42.57497749970061 55.71168587762475 0.9108927428988925
52.71082940078845 41.11955734813565 1.155492481030038
30.76890023367894 29.73587079007918 0.9333043256012712
11.05256653765802 55.51754821209123 0.8751258024301483
34.86738931800583 56.87561164883692 1.143275014946185
4.77045394329841 1.942427082426114 1.054096484036276
43.46416802679383 0.7748246173257123 0.8035343356235839
0.7509086950453504 47.98497984324814 0.9844044129462421
39.21784296176296 45.78323603457922 1.132590461113402
39.17557141332681 52.98273806040303 0.9624661215943351
23.44207956988461 47.5551814676985 1.086060357341815
46.07272965324704 48.60376822091815 0.7880504558959461
34.37025772983686 1.53656692501929 0.9012536083779084
50.58257591332429 49.92170454651197 1.110558939654832
15.57026099440188 37.04674391357542 1.045613652504175
47.09450395968486 51.44743785888303 1.0717779685394
33.59048863341589 29.31234689490513 1.081933720172775
28.59604044938276 49.48077121911606 1.041523641744385
55.27800788929594 26.59141985494244 0.9339839572191118
20.29762863474788 29.71235664454864 1.156931695026884
16.47458374988036 43.73970823117519 1.067444984418581
21.23435431217512 9.340267738951495 0.6754819449428859
21.81473082062543 55.60461206855467 0.9284586265252988
12.23244595398775 4.459410577295073 0.9319745231653456
2.887685917265567 27.80270697493232 1.024717034815893
13.40821576510007 31.60065842401267 1.012815771684796
48.03165291344358 46.99870439851596 1.012595474466909
41.64546389675022 32.50904576830056 0.8878898510846751
23.74309794639381 39.92347175950346 0.9777002530302084
43.99223984870698 19.88990119886114 0.9083266613869663
9.137802436080669 7.259777934411437 1.013545327816765
16.60004569990562 14.91559464573655 1.15628540599541
28.97676881681046 27.47688036387641 1.252958042487616
31.93629094117149 27.76926198684111 0.9279806457321187
12.01192171918783 16.44244543204198 0.7662211483663243
48.04310385605465 15.38512995484524 0.6852556337860863
15.41884188280387 51.95610917497245 0.7620161929703815
39.98777753905755 29.56562051343062 0.9837005021044753
27.67043785921784 43.40309498803834 0.9675943529351217
6.292996160356791 4.101517180959469 1.05494971080428
21.92245564233626 56.39385998546791 1.243532551668668
14.30945460466177 6.450442746025717 1.145151795106369
8.999381679575603 39.1910306742373 1.076837873382288
9.960292634535717 2.671579236011756 1.118384214679858
0.3781180527890651 34.31376967593737 1.179438686565552
49.69889963078261 43.51055862964623 0.9963224238438509
43.37733108381617 39.3463563394483 0.8846645751929425
52.7369109945078 26.56264189517249 1.118619425122087
43.4081065139771 23.40734882718294 1.106397868605009
38.07002650856507 19.25873301702493 0.8325726889233189
42.47333843981537 2.99248212435864 0.8260767521377672
41.51498346660053 32.96204760715461 0.7997549993944451
26.39745514159904 50.51436517271882 0.864280652791577
34.45003779346591 25.11337088938494 0.8416976893662119
19.72869192097741 34.82815584625497 1.127770330998651
34.3309672709233 12.62670878582946 0.9878285675386794
34.47239650901053 20.90583162703823 1.297635225889939
47.46847354875341 12.87730127381035 0.6463835929829737
53.61665630415857 3.434210378878848 1.034289147179217
22.69294342244647 36.72246094593893 1.126085017501845
37.67916493708229 41.3455364249393 0.9391552227216957
15.70851354985894 32.46066228694313 0.7201068469786727
43.12404114153424 50.15855134332485 0.9000391597217046
53.67314170378872 54.23608489159312 0.9979877825466015
55.12721393775531 31.00410894816933 1.04081863085402
51.90994060175025 36.33198846379853 0.8144347469508861
5.808917897198777 42.37841412396097 1.091923274164761
37.11225698753831 11.50556789874359 1.106390511422956
23.18087316312868 17.7914219246206 0.9754494382852418
39.98557032830341 13.15868832923411 1.105817691299508
48.91727498775222 55.69408387816235 1.071153984642841
48.85263519494451 46.19338376596262 1.186217879048522
40.89404916525541 19.83934233143895 1.058018175556053
17.07542719648938 47.32177141882562 1.132418131633842
11.57129979067077 26.93822087391197 0.8614740585154934
6.270209311167807 28.73029970970484 0.9649034119339023
48.85965448983929 55.47949904877669 1.301328514931325
41.93791126596644 11.26813087205781 1.087251003204313
49.17784689142268 8.11878442909512 1.22118668088925
30.96913093373605 12.04512309843913 1.007487808782764
1.187639491254296 22.88640589494556 1.071725409582478
0.9277219711466329 2.591842118460611 0.9304145493857267
36.00037387339416 41.82177113640205 0.9812760101427671
22.38896197890349 39.50661167293163 0.6275184537367957
18.51670274674739 33.96026176957426 1.077775234619968
40.44150213545258 15.71504185801141 0.8854528956995857
13.1683842689583 32.30115659874918 1.119780280879215
12.97343553834289 56.13245217275454 0.8917161302617149
55.59238905207831 5.151282403222883 0.9935261855133279
50.18023361832846 38.22036750904302 0.8377934905985193
39.69706494719585 51.36787310958275 0.9319990985056137
53.02811404225794 20.17523706386575 1.036730602553792
46.85626651153726 18.4592984921575 0.9385917121164914
0.9659101385464474 9.886871138534914 1.075066759309201
46.20549023347231 10.41074265884736 1.007074772433749
26.12578451685877 7.493339940203978 1.140786787675389
4.948148914588685 40.32032542364687 0.9594351043719512
39.45277756985872 50.40998717230278 1.089415653018643
23.07286688269715 46.70401414516569 0.7873715339395693
27.92438162766601 3.758993915169963 0.8708615494844864
10.62097355752297 32.0311550051119 1.124580178917191
14.97107381186032 26.92191683869898 1.049122662285571
11.68267834684005 6.341242203647849 0.8426109149079445
16.22811334218276 28.37263550952665 1.10591436845684
23.05933114423386 10.55306903997113 0.8990931019580074
32.50544108473949 12.86400710039959 0.9531852924127272
23.88936121942911 14.95821862805552 0.9938362037840077
6.215328550066486 32.58661437434452 0.873778822215199
31.09491715584645 16.83630210758946 0.9983192159513484
11.63213888212672 44.68341970661815 0.8327184198405285
21.51356284949629 26.60321269398705 1.078292798861842
32.94445492417759 53.77248184791416 0.768356852718907
45.84482968172284 49.17256826636035 0.787808241513715
2.725637279788795 26.16474518280697 0.9571050045233861
4.089276460506617 20.7720462865066 1.295671088647914
33.63605338690618 56.02188316873362 1.13268303844883
51.55293617330162 39.91004763306587 1.254169304629886
12.03574187543045 39.4195526206957 1.065354666827688
12.63107097131716 23.66788075755717 1.367145347967512
50.27109347808691 41.70830887263097 0.9091327750761536
10.34087499060709 26.21554837572181 0.8884638514845915
11.08986547174392 21.11375392187096 0.9484394356472685
32.79065323425021 15.17914193225053 0.9028361236667521
51.77385950403934 18.52185356874105 1.063207819767761
6.945058299202965 46.32679565079827 0.9120633965786183
48.12860931136115 20.34374781201768 1.089085785221881
53.01876002550998 3.164351160248905 1.305470185181402
42.79446481764059 20.10332539589299 0.6271217346166951
14.57458160611549 53.13533983479037 1.355469352081015
21.59005188457204 13.7065444643174 1.016353391969174
43.39510871628072 16.36391136206869 1.148389362737053
5.690706986324259 33.66029920832268 1.025331976983665
46.26933653246115 51.23267155710266 1.088992971120372
14.57641936912035 41.35693125629655 1.168407283752082
40.56229697752851 17.33971980183372 0.9774131507433387
47.20599256186094 35.80122704422158 1.026830011448031
30.49785429122758 4.78057414143373 0.7053497728850582
0.8359464150089521 27.25761133304686 1.116613323619112
27.52371842345396 3.517226740027418 1.023472166098251
38.9891602992961 55.25857314339773 1.00435693052334
13.0510071702539 25.38426898903412 1.119936662576759
18.72443597797511 20.31319149179067 0.9008056080482222
21.93970441163504 7.993772483893564 0.8891669321080847
45.39171830117317 29.12228239147099 0.9151262619870711
51.63480687217545 28.95401527870168 1.081613841107165
39.34854417403626 36.66799472862296 1.090818184031678
23.44279614297803 12.84639846526384 1.237293417327288
25.63697430195146 3.186844898474796 1.07166610446505
45.80174205163575 2.305495560777139 0.997507621181006
0.5640686776321702 15.5823147746652 0.9087236871130652
53.17517133996597 15.18655318309858 0.9837173451286881
35.49974467488925 25.8014243630699 0.9705025715042235
22.89337980183464 50.04560769723989 0.8230077654107671
22.16789008871088 30.71410685112425 1.077925349364234
40.23911338170949 11.6298922554729 0.8577464339802081
48.29788701063855 41.79847209285874 0.7559230917157453
35.4340559944669 32.74645585415254 0.8618847626545804
18.03097113921818 8.814809363714796 1.092679645745191
14.28402739450523 6.832713190853928 0.9070872220590744
34.62361554178577 11.6843736021241 0.8618021356126218
32.39764977358172 30.79878685520906 1.332096161180183
45.69839417315013 5.370671433569245 0.9302766876394455
5.060794088086483 11.59177397498478 0.7462129025526893
14.85420094470224 6.115985433159389 0.8197185673270978
32.21406147499292 33.20987689458293 0.6043720726193116
18.00834896089898 7.137698956829356 1.016151966848041
56.25840433978401 1.186183996119622 0.824579843078537
10.00099335983442 32.51890884736502 0.8393748092516564
24.12208864331343 21.12129828432635 0.7496504768478858
32.54449104030826 2.676598671673144 1.286064882867817
3.99126334487985 21.2428851869157 0.979569244913133
32.83465916190048 6.463549262594221 0.9785136801013605
50.19215155308701 55.71153123989307 0.8282969824728735
4.827516646509765 2.261779930564472 0.9878084767731863
41.25622936582948 33.53115963541491 0.9169719421364567
40.66885859224426 25.03213272943727 0.9913720832315259
3.450762322848087 1.903740018561361 0.8725421031369979
34.42264886592638 9.443596825210189 1.117067501509929
34.57305399355155 26.75689271220793 0.9222072759214532
51.48878635861389 43.73379202407496 0.9256869895980164
13.05532455167515 55.48004970349374 0.9474097430426605
7.532107136460071 40.81133637289113 0.8540938649557066
27.56614394605446 0.7242586895470781 1.020412270915928
8.770611160793626 44.35038425929397 1.00861618079675
56.87564238527587 50.0268405531658 0.8822779386401214
52.29141885335157 4.550402433867753 0.6853816159844557
50.68150350436638 55.74218117619967 1.043439603180151
12.19393685888217 40.87679134489819 0.8723628128190457
45.44660848493064 46.76699085243372 0.8842350630318783
3.602520066128355 51.34637870376295 1.112516811439675
34.30363596757112 11.13462720258843 0.8884691537089959
11.8588858921355 17.68058266289559 1.031423346600894
2.483642315251586 20.62949707947182 0.9588705782523593
28.00865544891388 8.947756432903818 0.76405263890455
30.4629132242235 21.69015892673757 1.054959392039923
0.6931705599153277 19.88387446798565 0.8641201368214348
20.7938470215508 46.13977907138867 1.029174841296875
45.77568854008601 9.796581999769705 0.8121555317961789
36.55000144129153 32.14539000631561 1.241685412781685
26.49176871007856 0.3012591983663194 0.8858749847847233
51.28714871000832 4.649483760189956 0.8503086237827919
26.77553168161564 27.36103331873241 0.9556933685098892
10.01396610122824 40.43186928771058 1.028726356164499
49.37962572061439 26.73645733331165 1.074732955393358
2.712780450336998 0.06956330317517896 0.9598801167534327
49.54573008164099 29.6043030650375 0.6742598713270733
1.874891057086592 38.3214185951843 1.163979473203101
13.46680860149991 5.398508322145095 1.180104861656361
21.57741397925532 39.95857731157847 0.9565638892105209
44.60806107176843 10.87080663250331 0.9216209617720601
22.01059729140745 9.938127468311286 1.129588672362434
37.2991607870437 28.53945416097504 0.9362823847999999
32.21799823419098 33.57270489613186 0.9622885459456396
3.309162202900817 12.27485613491147 0.8169892779226235
24.66718725798055 9.962675212865079 1.133819290787551
37.41003524438014 8.226537226804782 0.8935863039026056
17.22492809417887 39.28492630146673 0.9256602091447175
5.024321454588473 42.28723277910018 0.9772762374746088
42.97334173506747 10.72408900164258 1.00445927448707
21.59489563414589 23.16239273322858 0.9414081925862164
40.5195302486045 40.12038372043538 0.8850188413223917
11.65983785486773 47.16651991389995 0.7971485483908256
54.39139590523737 21.22191356598489 1.253526384423292
10.66323329446057 49.17757687260284 1.115888261407388
27.05195610274186 48.07326853884071 1.19566087783949
43.9026973559068 51.06801364015229 1.019703807468601
49.96683437142839 48.92701881049528 1.203030137265306
2.651107785595165 37.5070418610736 1.214356721699347
9.521578833703687 24.24600344628375 0.9431471054419549
13.85980006487099 19.02622499504416 0.8784151237471006
8.784476161368413 11.25119597010836 0.8954977220279449
11.95175405170385 16.74490826192541 1.247952538975883
5.979951077131532 22.61498737270711 1.039993136687416
13.68825588500512 9.326599207393173 0.827232510858174
20.30879137679413 44.04645072531255 1.127752800389231
56.13850754319621 17.46971073163194 1.059206793584296
28.18567955362875 1.789615302248679 1.012679488636782
26.03561874853243 1.646187133922329 1.036461633801867
30.74836744309793 33.40200588870887 1.180070060719181
52.42823091029573 29.04861959584459 0.9079329667120422
55.85936350461997 35.67636944478209 0.8880713237549002
34.60909788292325 47.11436081403604 1.022825260265095
13.67036202208621 54.91788925971738 0.7921615738219349
5.129377965875611 15.27527585172806 1.075656646806714
5.194534651094365 4.267885482529125 1.275649101261332
6.057500784777804 30.72173914952285 1.239769543122309
14.08747259205555 32.09311955985293 1.21238047837492
8.495125422019104 52.63206971792135 1.050286488561012
32.44400756966509 3.923356305772139 1.237785512109232
39.59972577709692 20.27792886005618 0.6760411881711934
42.1144885775235 35.02100345726171 0.7675956712651317
39.36476627195476 56.46421741948659 0.8449406618226631
8.654954267505069 53.03512832058367 1.035233477509141
47.55890835381994 12.83687088584382 0.8565799696061022
7.557767311836485 4.646380945875487 1.101844592217385
49.48222100757166 53.42511589425854 1.14645112432223
35.55776331320301 24.92622855069406 1.23845460289752
17.96920140784662 45.37150099704578 0.9074775280005745
2.884681602886264 0.3339676532586886 0.9056022609711203
53.36909597384236 42.21782504265095 1.090921095186598
54.355401677245 5.353255418759424 1.105818203512969
32.28247147159766 10.09085789513349 0.9587554350988888
7.345550648097671 39.84023878343415 1.049773653371275
22.7659323787158 7.219459822037937 0.9711879153178112
48.70065696151026 1.323695665376119 1.164886017115775
4.562148239259677 31.37528794462573 1.02925296885817
31.99732708558316 28.07852969974211 1.093548218986716
16.45003067024519 18.60405769692923 0.9443037748601382
50.30049617323116 4.285749033692176 1.199552657391153
46.50357410288582 27.49909524456556 1.018052327339896
52.02284756583294 34.23288373753097 0.7534157995173516
28.74156349978482 1.228009945819159 0.9548310733596018
24.64565500227998 36.0871141478825 1.144173489853189
31.36265521513422 6.834181107969107 1.166500593145465
46.60235369186958 23.06331217664448 0.9495516863492477
15.11244131164273 12.7200250391476 0.8480106331614841
53.12333000922731 47.10976839722589 0.8635807000388865
40.07629689065567 0.2485853825922056 1.100722256312517
30.4467638001995 33.37679303734414 1.132424021757959
31.08955261208562 18.06923267062252 0.9679566711985191
28.27079225670117 0.03509108630711729 1.202139646932341
39.65257864988063 10.46212509296002 1.11106321353901
49.16553092243407 29.25493231520752 1.093315073724936
38.74764695193043 53.84198750035929 0.9225648480088804
1.969010439221286 21.82394381604341 1.014067373220199
55.20073685338755 1.624907325778579 1.091933834288111
36.00623160694084 21.24712198471982 0.8901196040240866
10.13087530533358 14.94038443311135 1.260272302290649
23.94596385813596 11.39397636400255 1.105627095368134
27.11758015170581 47.03299607198359 0.9089401971730813
46.21426479668089 21.1205545315149 0.9686545017375759
11.24685889400861 20.41852157861857 1.012148748507193
56.09968503196709 13.2158693332299 1.024251094690805
45.63164359919337 40.44320224804953 1.013498029494851
54.81516524069718 24.63787517959153 1.203354810509052
17.41158918729592 44.86453470395158 1.08174829936832
1.94706326813766 41.35755304543188 1.135487207237266
47.94354162921363 31.08895903783336 1.132877617667132
6.257915001017002 29.61441625590176 0.7448848745050549
50.03293783452033 32.44634160140824 1.112453840161094
30.72064322825551 35.27540320263962 0.680245120528445
18.71860542414645 26.45176473048132 1.004774783865779
43.99016200704042 23.40892963037311 0.8178069709400005
10.4156084919421 37.3413349768805 0.7695691536823694
9.588356056524606 12.36267176007976 0.8408553240971962
29.51980426792046 9.101874750620627 0.9449268077977413
4.830704291272305 44.53958458571675 1.064489225049041
29.67694505521886 0.9559619105215938 0.9345112009760519
20.79435759680083 35.93486005623586 1.095717362935236
53.43963395126147 23.60331597440099 1.007728677855092
29.58735574110754 27.16027717951698 0.9266040795017416
27.67571996137301 33.50272596092091 1.167291283920825
44.00625425810286 47.60546575095759 0.8303197453146527
9.78453448358203 49.64568872360778 0.995462095484914
16.66177046795458 39.30433875150249 0.9868119204383745
26.84392333721925 11.75998375553637 0.9496522310520662
11.19787331819435 56.5208683924381 1.048800304862264
35.45572844867396 43.28632385902402 0.7794342124238685
29.13324505469447 31.89536237339273 1.197088836908849
25.0709294677111 19.37193784321283 1.35933203562472
21.22574171248159 23.29747680774772 1.111378110173592
31.11238017776626 26.57833507683982 0.9369301393885888
41.81823116392746 47.77415067226354 1.068780798038906
12.26662540494773 35.72659713901886 0.9104398150853805
55.32577839369223 23.46449872314208 0.8185472593279415
55.45672963813726 13.70319395358823 1.070129840853896
54.32804791877421 27.58997469283173 0.9514966157100067
29.31057548863375 47.65419587989067 1.038968408960498
18.98604673612213 32.25513151532743 1.094622453452128
5.875407476851441 7.293328827849277 1.044398376851217
13.72366819098763 27.10114918933304 1.314772938094927
19.27369162965272 4.703185813363262 1.326215224761684
0.09580383454254075 4.09192276703749 0.9791380047592281
44.70507480190372 45.9834957458002 1.019255515246182
31.20846061371661 22.95254030681799 1.000085658619381
36.65573426040622 54.35326772432461 0.9979066848417294
0.2551648916002199 25.25429056084449 1.005565026780153
15.90848641419247 23.55700218610326 0.8750485799714007
4.820871869018707 55.13088580087334 0.8543780864222945
5.424214628722619 31.63240072486568 0.9133708809752523
37.79742856174587 36.01502026431962 0.9241725945660473
4.163042931893394 36.19554253676699 1.039840967169768
14.2241509799958 51.82076031054405 0.8538851113262963
24.88176606217482 40.82947583535196 1.173669718698437
47.81315523982661 4.537500296038343 1.138803925365755
29.79179085688283 42.753698983115 1.068682584905557
20.63406051166079 45.70027729761799 0.970897902598815
43.83116307194864 27.21943367655363 0.8166054357115703
36.15121175309234 49.25537770067126 0.8407338369032231
17.01976045315143 11.98860401613107 0.9982990356557664
12.24737720109866 21.18280338504482 0.9814257011770025
16.00356369558888 35.12365098023957 1.180243677646696
28.40075393645128 56.80781975193313 1.143304678856216
0.8200202681217437 21.82003909387628 1.111604541336993
35.15309133946574 30.61181115154727 0.8096337967667918
24.24208425834872 6.143251468028525 0.8494202844177429
44.10387286967778 3.393295984898366 0.9272476063007098
52.95741112854211 37.36169675288801 0.6758451896986324
38.65763114982175 8.20478832964077 1.003481232881044
34.67631651073523 17.54806383352171 0.9300641438186155
7.965428656416679 6.077070447186506 0.9303641895882637
2.359590419269908 0.9931790931118555 0.9680158674946234
48.3218158592106 3.179610713934344 0.87461982031083
33.79142186548162 30.38695623743672 0.6479125718302212
25.26205902326017 53.10351028810419 1.024146395820261
2.246761729590018 34.37526827369597 1.021579625414279
52.89743929304995 0.6453908982898067 0.7587367103794835
27.31441803198048 19.28838662024978 0.8982844750417134
53.60107231913184 8.972049181802221 1.0773469609323
38.81382688452202 5.169491460625776 0.9970773809441715
15.69363626404369 46.77925556748139 1.052344176116776
51.01630019211038 13.60615232708219 0.8014917975386235
34.04269894261039 42.33811602477828 1.04104027098711
30.24287336703524 37.07508222017209 0.9689798290472812
46.68069516805964 20.51426877105342 1.172521497313232
54.88953707129208 25.47666476828822 1.009114673461158
49.57284782248216 21.22051256299974 0.8740278536225777
40.50889918324952 38.3171126271212 1.19330133026505
28.85931503626486 11.00207413314007 0.8315376423639451
16.17156559376584 52.15632134822958 1.075246725723491
0.4523974351828906 27.41812750157813 1.139315812770405
41.02427982866032 5.248540087253107 0.9982157901620056
36.80681365207155 0.8100428696768558 1.036121068344638
28.69491906915555 41.06792294423465 1.120734804870172
55.86159935494028 1.274144544393823 1.095903023419059
26.75080931268204 25.56822763782378 1.017073311530609
17.97164893614671 11.46684962067141 0.9424555055211923
12.4826222259936 29.2466473054358 1.109499676270647
27.98795042279547 28.65418781975945 0.9939175178290764
56.07231532133758 52.60880982485079 0.5822426609801634
22.90904548527163 40.0965951499979 0.9159202504817696
51.33569598632664 35.29386576930707 1.046283525062064
41.309137659757 23.0306150289395 1.19098320444061
24.30475957333332 52.35716852888333 0.8504597540683398
36.92187336130155 51.05556888601537 1.055626421687734
5.522418480144077 9.380889632450831 0.9840359273688525
56.37407039030179 55.30638075447938 0.7824486229550338
27.55302803337249 54.68364858379758 0.9764152436394296
40.51088043605484 51.95599668703787 1.281663930464453
47.56480648534596 49.03304192704756 0.9396171895604514
22.67979088084763 48.42215637090716 1.13201289966525
12.11521205311418 4.242083330285774 1.173290883291971
21.86383806814618 36.4199716264475 0.6752411836345382
56.67923370035329 35.99795899260694 1.080444624695668
29.90553765832705 56.05330406411239 1.175450138591034
15.44192266577944 56.68386372815998 1.05115380868444
38.80032727066443 10.19082370362749 1.042950975393943
56.27542075434486 48.15058721888372 0.8757481136895414
17.87739179743332 11.39063278091635 1.035290128525302
47.81060440736385 51.9919224083386 1.075007399063575
41.52694126848455 21.28614489328402 1.140810574497706
0.2841038858909644 45.42210803945647 0.8561168729467007
40.25947900640754 34.58844360643459 1.030509268406013
39.44581136035072 42.30822818228427 1.022237617644866
45.59035275019256 39.25917580130471 0.9512743613121059
29.63734670106198 24.15903161333829 0.8367755731121522
22.2782892725795 11.43767394518371 1.003135001317015
47.62196468916813 33.62527607131064 1.377492929862004
19.69916906706019 8.499356460058761 0.8977457310453687
48.24058635218096 35.82651323304815 1.125954801712159
10.0837619714829 32.76752759412282 0.9379794108273871
51.40265717655544 17.43101697900845 1.015204241047445
44.35401240659599 39.993009926748 1.005050676513803
20.23015296749312 27.86572477028972 0.8601589919840198
40.76521340001617 54.58000831100158 1.003835667902524
31.20528435576953 19.11347565898368 1.037084657611901
39.88653454924307 19.22119318145383 1.154309194705596
55.04770641450197 44.28907724669626 1.335113094367794
6.894648442461457 55.16036454083415 0.9361557394411045
55.55712655305729 26.91185001792007 0.7848181940222214
24.10153249516223 33.54233217171502 0.6933973878186512
50.97334915072347 16.31164662228508 1.014037066479233
1.49719957192298 50.66354190449395 0.9406033105634807
22.99108133278372 32.61292094393303 0.9552979728804083
34.95035981338022 6.756294706257197 1.357794842636472
38.1434727954415 4.39821355761877 1.103283171158376
53.47814209083009 21.03000731814187 1.158481481788382
52.15712819302321 21.66711312703188 0.6457527985524907
17.97253458619701 2.051776608941973 1.084684760659834
25.92012761436409 18.38460419438062 0.6890568022221817
0.7737941768829684 50.02166010952632 1.006947516216786
11.5258497547013 45.90028549027642 1.13217091451411
46.04307506794253 13.02304932662428 0.8894269521285407
34.03876396177279 55.0580442096377 0.9595571923493519
12.3112034072686 7.231693163622028 1.146240509152983
11.6299067212408 28.9008527057715 1.026129248834835
14.48468349430928 35.2493134603134 0.9114525480814407
51.41878881697487 37.61371588409585 0.830042410056559
38.12850844959193 52.19258299385783 1.357723551041929
24.92401141297259 42.16122574832347 1.167683797873797
21.95573027942131 13.96708645437243 0.8645784736750399
10.0744663221177 49.43169343398497 0.8261194700868324
16.35000365430024 22.3856697293863 0.8702555164789965
20.67356697501315 30.32502939986299 0.9045418562691051
46.5426067526185 23.25787699374271 1.136362511039319
43.81472162521199 51.66042933038456 1.08706745031487
9.202937542089698 38.23351041564415 1.184797113456549
33.42609338295929 5.909521181559898 1.03703651550231
23.38689075428382 1.350104769389194 1.061492583452623
15.31719122376162 46.25502200483113 1.071452999293143
49.86217868135412 30.7101206959738 0.7691146905113833
25.32231470631543 22.80520067448039 0.731235626201489
15.66969939957825 41.16266061186914 1.254267160054617
14.48768998518944 23.64110069286129 1.181494940185761
2.601143341791417 54.45453104584223 1.098539725741416
49.1149603496841 22.30307154837207 0.9152986152624868
27.64937535610487 24.38910553762182 1.333228452406349
5.425573508453357 21.36937364906509 1.079686353505891
24.36402930149996 20.74276475875767 0.9124867479259487
51.45288545473147 18.17137710338988 0.8612399212813941
20.16285293324052 17.59469955814755 1.121971058163873
40.39990023262794 0.7380616067620281 1.097434864013012
29.6478282248824 17.49839419941343 1.180051536537055
41.13949489227473 39.68247132314484 1.098818681147122
41.59004922937138 54.2396288985571 1.387874481496709
19.54270042038648 56.74771164625311 1.044587694981246
1.094115090134607 32.1772179338975 1.012938381629943
11.19862620169233 9.248753893770628 0.8896278579363031
52.76211545838142 35.56265550319229 0.8499075978086355
52.78886345950368 24.44440408071708 1.010123486996518
24.55788818912482 15.95171636620151 0.8897490172066976
4.436883979214767 25.43900387149258 1.079088655602025
10.36431200307063 34.08471220409717 1.101064388317047
21.22023038762632 27.07689293663804 1.077015440287339
30.12811128102621 5.810279590455014 0.9222769432634972
39.5152891429678 43.85922225558163 0.9876243339643014
1.974159190884865 40.60940423310241 0.8937192900966298
15.00214604241873 30.23506639117145 0.9556970929871756
15.04609344343007 10.76426147425746 1.061755316510347
17.1507725599924 4.586585300782037 0.9264270793771393
12.48201617667545 41.70866074911722 1.061694083401896
51.33491114542583 24.97518564619831 0.9811234226482248
22.96012366048997 4.699223121953766 0.9738928632397481
35.97441466803402 25.27297438740403 1.118259547320938
29.09040780183413 3.290936476686474 0.7838011116804561
47.1501587322681 29.47358112292065 0.9871954548865303
52.21510117790434 9.186598895204533 0.8266511891489683
39.42166528637598 50.31701414255286 1.06419881425954
20.98150866803783 48.21938715419704 1.178756877393281
52.80597245497907 50.83664241518669 1.18288317873171
22.84094197714745 16.34427409541992 0.9302109816231297
41.31945974161823 14.31788586467406 1.122380409437628
21.87507624452704 43.37935756537102 0.7542545866937753
9.659485750207438 2.189822211018681 0.8868765252486877
42.2929137383089 38.74989355204156 0.974674762344853
50.35559049684349 52.63091744651595 0.9628864136860033
42.26591679326534 45.57069164820513 0.9653130575954101
55.78793884198551 44.23918162809647 0.8968408664208832
13.85385158185561 19.76944748348065 1.108760475437669
0.9017287115108821 31.26454121072988 1.031921798268762
46.04512020901084 23.74267071520103 1.06957094216403
40.9185238377743 31.92827504776804 1.149324479734446
51.72076827786898 5.793600055758655 0.8241461709209863
22.81353940666352 27.96711836334649 0.830329736028224
20.12599805841502 8.10645311842973 0.9709263877756042
20.89878878877442 3.07260235914616 0.8112535777878882
21.23767416609343 6.164705555497066 0.9789320877892141
26.70154302134251 47.43123282279411 1.173582911527171
13.29437210936769 40.55539460319811 1.046255360297999
35.76387242356495 11.10240901778564 0.9582064831335506
23.01748204930568 24.8089926060331 0.7922713866344702
5.211874992685335 18.76360354421828 1.088616442464008
45.55457240322352 56.93264327055432 0.8497593003595587
17.86881909140796 47.37074303318315 0.9726234357666231
34.82932332662369 37.99481714982298 0.9505807988618816
47.6189376011579 27.83924806203658 0.8813896383899367
25.54069049588437 39.2622316085092 0.8013624138755359
35.79762809388229 39.89414471103537 1.012946558740148
1.941751491251286 14.56150049090455 0.9779092655215756
39.37049312348035 28.84163346180769 1.140355317162862
38.58553092255514 44.58236811616568 0.9865723707861263
44.51501138672 15.16244063254559 1.188645239577661
34.00230826251316 5.383830451585274 0.988457222797293
43.37864760140825 4.010379790798938 0.9840955732574528
56.37796683114858 49.98022147080871 1.181839594668522
20.8194695063026 48.9270552270706 0.9497288116884035
29.25913598773029 17.7139080496104 0.6188048722419985
41.84674510352627 29.84447022007986 0.9588510216024855
37.52841730254163 35.84329883234729 0.9840122296198296
7.684932294154974 36.38923468319198 1.048893523475443
7.481278515644967 55.29016932672364 1.117232368030458
0.3801203274075502 18.98579357191259 0.8533832246856672
52.36327780753527 43.75876792881581 1.122710865181223
36.73898937308182 46.38253812044046 0.9709404837613888
41.73814901790495 0.5584588793844258 0.8265518074628069
18.27236692899483 25.47888203872316 1.117319842057009
15.94988537158346 46.1750856578234 1.015714797164062
36.63992930745702 16.82325961199741 0.6858325978366269
48.87312655238114 44.324861601612 1.047095425920989
18.05343440643206 38.63675625046564 1.029950014731736
38.48958317352905 41.04960779568628 0.7402357472794258
30.43214588958404 18.11614982742637 1.123364571058955
18.7870314259953 11.74173921055241 1.292608066947597
37.22062127581827 48.06332020464508 1.123527394998137
26.23448398627084 28.6664200996358 1.05316535214549
0.6406362259949726 28.49987998721184 1.064607936834595
5.077299423086131 49.51376280491881 0.8140519975795961
28.94186060966079 19.43926120849292 1.176790605202164
2.610455447626512 5.319861419182207 1.134811154376191
23.43601127315127 56.45486518109909 1.272074556556155
44.78434057430567 55.54944610621289 0.8696405697537771
46.61276628431527 5.748747495817368 1.298919431551984
53.67138194975973 38.47271696407009 0.9712700734596273
0.3698804482677395 38.69394880053306 1.194807354927213
27.23711095109448 4.40150639107521 0.9114621023742947
51.70661077681305 5.862489572662157 0.5795998450536683
46.30537192817096 23.64847135993115 1.168045823421842
28.96833277911336 5.969584509716176 0.9736747175170842
24.95842873955072 52.40434405226463 0.9762171013859149
50.95379013193482 41.9387132003618 0.9651713245743762
37.74773113743762 40.56655641625009 1.052332950383151
22.03927335377749 41.69024800308526 1.169643056029199
31.73113120986667 32.01187027851672 0.8760527584652805
0.8092087389944161 41.14021523443061 1.219048668558707
3.250860937987855 28.04631971663158 0.9957558951859959
55.79084396631962 40.24833237577618 1.215048883213639
34.026162074891 45.09621586794789 1.189199364257623
8.297497365762245 4.970471956753392 1.218661687100187
31.26948054054262 13.72194705657752 0.9160250158688599
55.66066025693932 55.4609724080474 0.7235603569140723
8.789827035642148 46.34812092657579 1.186237310367308
31.03836890311836 7.611216625483342 1.350236226670343
5.840970641393667 14.80870366273853 0.8455666254120424
55.94891889716914 32.41898972746869 1.004722298893915
34.69649912356236 44.49064049613227 1.019940718849313
27.73897284536575 37.60882430458852 0.9003738822114286
21.58355890474448 34.63577655453038 1.089229537306734
6.566074105243233 44.77039355680831 0.9321807192575997
4.956181556431662 24.27931537585301 0.7536999045658983
49.96496271340408 55.62037319951708 0.7887864476343375
52.61259165434753 24.00333161652243 1.152135505493262
8.10374167612928 37.76095414988741 1.227375460874887
10.81870834194995 42.80024079969164 0.7592909740965984
19.28758383648823 52.99056746484273 0.9445392548696588
52.01019484969331 40.8711427677754 1.341250837064627
42.46674491626525 44.1272570090961 1.112552244891947
26.18116651018205 49.03281902150848 1.252962522794427
16.31213439736149 44.89131476864745 1.325887306876654
34.75418987998469 39.05242215471921 0.9920017422934907
37.67279535423629 5.287397608294802 0.8071726348194366
51.7224841833685 43.90438517923671 1.033391143010788
22.30410376717527 14.84470158016528 0.8556844940524169
14.29547355943149 33.12281210912523 0.9312060169978545
35.53763561720849 42.53437750392332 1.152757899588516
3.803668957577864 9.163979583496218 1.168499985104915
53.29123661913501 46.66247599789057 0.9239663610834162
38.30323289535159 28.18888715849672 1.061513037982209
16.08020190060148 55.55401391794626 0.9818627396232438
36.66778942088959 25.75500788109144 0.7181054728854767
31.04240551592894 20.99565064161813 0.9437486493163214
4.244969901277204 37.78336541996494 0.9933544287973706
52.62806700013022 11.82564363713639 1.088668315353872
2.671885777577705 53.27300937998714 1.031227608379702
35.73044596227373 20.00920455391016 0.7277786234911726
39.07432704329226 56.21175544998225 1.058312394692276
45.87423142133012 47.58285132310486 0.8367524451278949
6.554450767838606 9.674055432749007 0.9313751736413892
8.22806935069527 24.86600798362214 1.195369905038919
48.38966054953153 34.5012358354876 0.9026534557913101
55.49688647710573 46.45156266002523 1.219891885194809
3.215431432340029 53.02705655481063 0.9394959191588439
52.11650781245739 2.225412007991882 0.8728823495108731
11.86859056440582 11.322043382247 1.182258920914256
31.33124796269985 14.21008645799481 1.034695446104808
46.8107919501191 40.61086639045313 1.048092166366744
31.19371768701529 56.13010086171799 1.141067554264895
45.35907880419823 19.39193624974784 1.088239348260855
44.25794423336999 13.15441405314692 0.9763100310347049
31.0883839638384 29.46453696557532 1.053352347104994
18.91609962560055 38.80191155094742 1.348374322756225
25.61232696921207 34.91673595407826 1.143671517372463
53.58925808667637 32.76191776933238 1.26463801438785
35.69043916915098 8.457848651082184 0.9018603517628302
56.05688517776173 18.41520911427923 1.086535116704739
25.03628506839102 45.86767712788082 1.284929180011616
16.74203599744571 12.91177922390018 0.7617054845955544
52.61172941495279 38.5067895010611 1.077386547653245
51.66120355420802 40.58731131608938 0.8706710972687022
12.33421058735541 30.24768364627272 1.041192707826835
12.04959517067745 38.7849086997029 0.7704339461267513
9.167046140491518 49.69500515409513 0.9269093175735397
25.45692289688481 50.94037500347028 0.9574186956360525
14.21415287825007 12.54088404846419 0.9833122856801776
30.95609316274342 29.80285862917214 0.9739931952673726
2.138715130807233 32.98216864093308 0.9818185336111067
9.201961779595335 7.156829762345566 1.190147989917121
39.60319482749477 4.813691168005435 1.056903036402277
44.68336481632821 40.32482281761469 1.047405895468494
32.68943349583514 0.01757537714092777 1.106430948183864
31.26788559009688 25.62210160802216 0.9084929212898675
27.64692389948616 40.4349317305884 1.169702665993236
46.19123595775628 43.77402963245941 0.8799693706510271
36.83723471073305 3.405388809463656 1.041420309777348
14.4066669006863 18.81514199628268 0.7234702600622955
6.253175484600093 4.821460665586153 0.9025334159979965
11.97829042793172 28.10975242737203 1.127066961796675
20.26882845874356 0.6419096913383853 0.8603962614891083
40.96673250895307 52.90130810295292 0.9436896937912568
7.969768625670005 54.53923894629779 1.135186022121761
23.16134052777725 12.41024720222235 1.166983950588309
22.67258591981259 41.47844726335185 1.361674603119462
15.26921068703253 27.56739055019216 0.9865264559185
19.74814991827503 31.94563755250799 1.005821870521818
50.76077957533336 7.09157287845927 0.9715212228443835
38.97627751109017 39.26733714866793 1.131116613783911
10.37708954949728 42.81553860139825 0.9652375762398869
51.59647765690297 30.58896415661507 1.040445788275393
26.49027225956799 1.737500449054642 1.127510855547467
33.10244905906843 11.25359556230418 0.8559980663059362
40.74223682365484 21.97094970055434 0.9681307099499735
18.511562462203 11.99471366638072 0.8446136602211179
8.726410701743518 40.40050163697475 1.199026017358248
54.01825811109425 2.487190250534187 1.063595813663164
41.75452739920213 13.03878463154602 1.16115960919383
29.9491035612063 52.1316169752421 0.9924808140674981
25.72058110531447 49.6220550828716 1.052013267337085
3.108791304337229 52.21085336488245 1.039145121691766
6.464448900643945 35.33471019674778 1.116043598952317
35.47502992370866 30.12829169171317 0.8733138026275551
52.09924139226752 3.494013217042206 1.184001884938942
31.21198038720152 52.21453273958272 0.8162483755121061
15.07797400517295 46.00119709456395 1.109492769096602
54.17458624074915 12.0962320897245 1.06057809356667
48.09076771190892 33.24291471775757 1.07489848516572
0.7054453611864919 21.03987124657252 1.037418251563931
45.5854524381391 54.09511279831413 0.9998326855174293
49.18182367700237 48.69424374247633 1.056801784874803
27.9054840793393 55.77041506384053 1.078570987154232
21.87608940567639 6.380513976505266 0.842670050239857
25.59778069732607 23.99794809473583 1.002898534115055
10.3525534041005 56.80976111107029 1.1460629319906
13.583845688302 34.2904548394915 0.9290773157866575
36.62853686494219 10.75843192905115 0.9956167984701439
55.42509265869162 37.47745464112491 1.204661714821957
4.359838874712511 56.13053801987811 1.009593256797614
55.69030661400888 47.10277832583654 0.93886890201012
29.82948333948361 47.87213029101125 0.8540441767584953
34.41350947339717 9.702506121109476 1.236137700084227
20.90586448689264 56.28959887907356 1.098615756134707
6.148139039589157 41.68080082148351 0.9425236091553395
16.80251931063948 16.50069244368965 1.120304659594782
7.128032214067892 55.0744075943131 1.207960758203863
13.30545495790683 43.75656907901008 0.9119493077422252
40.16959650170505 19.23333211067753 0.9435166405449583
6.388470148848588 41.68692238940248 0.7033227886706956
52.95090705386871 13.58672270392381 1.263577707156088
46.93263546746812 30.36441650072318 0.8098347555554534
29.65401537979674 39.37224894919072 0.9438944840368972
3.643071143721729 35.8021544193859 0.7207404112130269
52.30284686307555 8.543611623599945 0.8458169412949237
56.46059059931924 2.430879050600752 0.9586037187451495
46.18744812961084 15.4508587147346 0.9424281649134189
15.45818739126352 4.060941339033163 1.048264969260454
23.2942734497107 29.09726101909636 0.9896964480601265
40.31470628237106 18.26197612810041 0.7734921645954731
43.05916211943103 30.12694480927984 1.095976865401952
28.6911296484485 32.99179756035646 1.066036430415482
34.35260742267249 47.47336865843896 1.217928101999172
11.94753108264298 1.405657140261334 0.9581224554824257
9.949268763861278 10.37954965903403 0.9653522862321893
9.681256969776589 16.56728795523163 1.043394119469027
32.01814666996624 38.60378258098093 0.9915103881904834
2.929646411877892 54.72693754021402 0.9188465825143693
26.82419855931038 20.54627272977786 1.31132315923574
44.485895989689 4.000236314721516 1.095611031539073
34.12718115054405 7.341809322751039 1.334310236377456
6.536855642933797 37.61854246054708 1.105492417458654
40.8405217895473 25.71145020644714 0.8098363864609949
38.08043235916664 51.75948087580478 1.1736480331615
5.139030508296113 42.64308509539956 1.039672275240583
7.596989051716863 28.28462569801352 1.139163592757003
9.888408278994453 44.44143658012219 1.162910063271351
37.34207326189711 47.11997475294395 0.9251282485282573
10.66624748272181 1.151252404857079 0.9479371004934031
11.16650813592901 46.31692715702435 1.210693421824965
53.65873647977539 38.2331661569109 1.040100872888448
25.91223172047745 55.98090427600821 1.274104165212734
35.65567946837083 15.44084107756654 1.076037846075219
8.387601024186052 16.73611180099478 1.084914932534336
7.765812897480006 15.33935246166743 0.8790673181965725
26.9925142186659 15.36280197573956 0.893619515506572
54.97793772396535 53.5123864652181 1.094664917578702
55.94574094048969 35.32001095931977 0.888907787622214
42.48628278052727 54.29860867434117 1.105802616964682
13.76234973397215 53.65279091645628 1.106648829835308
41.94648017638665 40.27427228459822 1.095057875161084
26.69182640486016 10.8587118703214 0.949107952604013
16.73298677044594 1.922463712246373 1.105900843155355
34.64696782997203 26.93330872381726 1.119875901307564
42.27266121202738 13.26440705417861 1.127278220331872
0.7755826766488993 28.89663937170833 1.055951340509383
25.40902581038374 23.7144523284931 0.9923396832734021
34.07353135993403 12.0413869754604 0.7888502915124878
9.339995649801565 50.08789941812302 1.184824180393275
16.21260500383219 52.95553148116709 0.8534838850380615
12.01779702399755 18.48498027328634 1.055895883431929
9.530531710726457 5.552659712057868 0.9087754160749576
7.475123424304241 14.04280410569292 1.322065880669707
53.19682723153235 50.74701628635964 1.035260372050817
55.98468791040811 35.77515357256641 0.8050668235473069
55.49458705703476 33.05821924379944 1.054244022875657
52.61803335771804 0.1565361978283786 1.16578864042266
27.90803607968056 11.83063833500754 1.054867369537438
17.69298173705721 25.00752051268123 0.7784912647471207
50.82685169150441 27.22351347432635 1.2957623839512
53.48703198204144 38.03530364904334 1.35370527119858
44.26549207291821 49.6838591870311 1.228006960316098
31.15334760404814 38.79374322285584 1.049168123328461
43.95224438931432 41.51947536623081 1.117356268966264
20.29462893879722 12.06846495534688 0.8786671599957762
18.99515151697916 11.11116948682404 0.9166508428193944
11.26770568465241 17.79663772312768 1.110369039775786
26.44382320970475 7.379773337105184 1.290757820799596
39.72164472878056 44.94421520593772 0.9667913210481521
7.441067211069663 33.54849639374227 1.129632696936619
6.771184334424876 11.65476060922014 0.8180977500315348
19.0365510848521 51.03667640734309 1.171409039448504
32.61261421656823 24.70999764963519 1.226955091968617
20.01144273998749 46.18649216796574 1.088548836541974
1.25495709676992 29.64208146633677 0.8660969857672595
51.41724116560874 48.14355876675972 0.9590497802195971
8.940196489887404 13.69908952419604 1.028278769038104
13.06472016082365 36.19142993222523 0.8981118738360625
29.33486128334648 39.30337376534165 0.982160368637942
41.57495092254828 36.10604561777136 1.07319269422572
54.43037300111278 10.90047528543532 1.00448693338438
33.788721518027 30.04298721768101 1.082238740589447
19.22947935910405 46.25740288442811 1.023112748724163
37.1062359102565 20.48443645587398 1.091935585898568
11.6279952226337 6.154750638713478 0.7080748359645135
37.20842387304102 20.56819171252111 1.123443454596603
56.75962164474634 15.98647641203668 0.9509803527857614
46.05950892346888 23.8952667563666 0.8056954061832106
6.19864049516555 4.135130768239093 0.8281108501194143
54.50041579804402 0.1567748697273316 0.9930392892226996
55.45352904054035 5.177005750209561 0.8314102471574879
38.5436130820511 32.24225053202466 0.7733957686656593
29.04241479003914 54.44947232699463 1.134213853847207
6.411488875007019 9.148650673752954 0.9155712680381738
40.67212774961821 29.56190397895961 0.7202652278492165
31.46572383794269 20.88055159611653 1.079283823600145
10.30604038634619 3.213204526907394 0.9468235205212308
16.78498406605096 29.86622025857969 0.7970623027475102
34.00135102681879 19.1079904786814 0.7464398620195885
23.14039943094384 41.74798380245826 0.9346578853861368
46.92498955266782 28.29474135734827 1.172683892401552
53.83617900350885 25.1449824940157 0.9673212464835041
22.59445479446764 51.8603162494769 1.211286043800697
35.02724444075825 40.52836355079355 0.7960866974098937
13.09026752975316 51.63701326010609 0.8267116241291581
39.57992378649298 6.220363194691187 0.6455085929589155
38.87868915818571 6.130188906160271 1.032094792371548
40.66238910270035 5.019088562586852 1.018194581999648
26.61301703407104 37.80316223474367 1.184256362865789
1.708258735345797 23.44919601103719 1.000343620644597
42.01740235929256 27.35503419225804 1.168003359337992
12.07096304747787 5.18869175491328 0.9617012020252451
56.82570504156207 28.63433014258478 1.20136540697611
31.38159377192221 45.78228227597768 1.229835463571642
45.04489989673947 25.31477344935517 0.6385672747309801
46.38673887326696 17.17373777608096 0.9974614937182466
23.30392670878392 30.53156114953177 1.198788686096023
33.28451659403952 14.18209939085976 0.94797401081424
52.81042337269076 18.67451936410485 0.9959361674053446
29.47600585104712 37.82782570544063 1.09231343020058
43.0165174868966 35.08395991245469 1.124029821122328
9.708199449213314 42.84222250191598 1.053016396165651
31.62450475135097 32.08623956101306 0.9082758751687918
14.58146749743329 19.66940462154774 1.156880030472005
32.23363437561022 3.147069106412618 1.069731461557128
20.80174620673142 8.518150943107042 0.910211624541131
11.4156845446749 12.31443012287581 0.7327567347278945
30.4001619971358 37.76241415727996 0.965104048934657
56.43693352138481 42.72384232828573 0.7675219076764717
7.038411048724507 45.4664870777477 1.157828569949498
23.5504469636597 36.97901064948132 0.9909996866777341
35.89715101099441 30.26873701869917 0.8286719250002071
5.354976553169534 35.65027136805014 0.9291829929591419
30.19106035735042 5.755989563537756 0.864172012551611
53.0261746207374 14.85211208781791 1.081783658441901
13.18127186139173 16.82792080092613 1.140333733341642
41.57474553518684 34.78594760214256 0.6419316178171306
42.82487050808262 14.97490750577995 0.8565299760984284
41.79654928706426 48.22390392433103 1.134667238412352
3.451782305469635 12.06736046078958 0.968855887736603
49.0463711102709 20.17598341786115 1.265718504675795
0.2709662878285005 13.11517495434506 0.8614346190853497
48.76544632239521 3.888699484471557 1.013312754459064
11.38193240453579 31.38392403460291 0.9197298146744762
46.23603612242082 27.1041741273851 0.9445234082109626
24.23602782619932 12.60629915334578 1.076338693954747
23.78568086716611 5.940608514910847 1.09653675767372
42.51219197945306 7.971173716229933 0.9465909688554041
56.19507764056096 24.37768610118781 0.6604220979756175
39.37610172730689 40.47391004742771 1.017482863250244
3.649893438746172 51.65088168468833 1.136872591908156
44.53764779192286 34.34753259241 0.8394974462301128
10.68701809583559 52.15913436941762 1.092789475825585
19.06686395549535 56.9230542182564 1.209344456683713
12.52935337160218 22.87792298285194 0.9117998821411459
52.11366514308083 2.921600127090514 0.9284290891020335
8.862208642001361 51.82959995643683 0.8569977018298259
26.87051972647687 29.78811241117684 0.8717279870842232
54.16579851236465 4.514442923718338 0.6647954741871342
9.539507387922848 48.54571388268178 0.8062628721697179
43.19659554082742 23.4745635266763 1.094105180711462
47.53693344562171 43.47342006651378 1.001019877653728
55.13217699673594 13.46467568374457 0.9039642997871037
23.93229986537821 17.1990409256886 1.102713623646896
3.501932680840573 25.91708324706046 0.9122812850368089
12.07353131849018 55.6155978504641 0.6470364414695071
17.51494383416835 37.70089201615234 1.016815567333577
16.22053922536808 44.38546356064522 1.082482452957819
13.45106090114036 7.654802913151124 0.8493144223795599
42.87332337204056 22.9905683156059 0.9992617939061914
36.17996916881761 42.39711233666032 1.0030567146788
45.2848026334703 26.71690258789663 1.183950992419292
55.4900681369426 27.00270934682466 1.003484214032054
4.527135878581151 22.42236797577812 0.8927785904638023
11.61797631141635 47.70368297989652 1.159049829438556
43.83194902764259 23.69150762990653 0.9104821267788342
45.08244692538047 6.834224611443572 1.124335366055871
53.37152441794589 4.302986150748556 0.9127969193554042
14.5153317318835 28.53518994456864 1.059289621093841
30.66131738883504 13.7158485277164 0.9784495922652126
29.69269185312683 35.04825722940651 1.336214886050221
54.98620261437549 34.21982773170799 1.265430446789362
35.7801091730502 22.21091659097509 1.111370370931398
54.63727488864086 23.86255607188798 1.145605551397427
28.16554222263654 23.26482937450746 1.003526424683079
0.869328072233744 13.82740879516462 0.7430029310681425
42.36259873973327 4.596895810028955 1.047725526968672
29.10050835837634 35.70802776455321 0.9948638813581039
17.33825939630077 50.99637146014551 0.7479392457921664
56.1969624637612 47.0309512494276 1.096652579458842
24.2507789545929 29.51525389473664 1.002049582580135
39.37111791194003 19.38547244034031 0.8609536416524589
1.352114900644922 20.38396455784513 1.137645197032781
37.47367031661499 55.98938978928579 0.9121942777546466
49.99818904278715 15.41206285236965 1.072842362770313
32.78364086699842 50.8675171150209 0.8446963905857298
9.252176919138142 14.60207038726754 1.005272658568272
11.31611509822128 38.35268527751448 0.98090531346217
9.566154473724847 10.64835754812153 1.151675929521697
19.75066889950571 8.763116910943351 0.9779198022222236
21.31055145725168 45.31739987447737 0.8605034184831336
44.31556019248234 5.914406842046607 1.265075107024987
44.65706488241305 13.54489205616754 0.9535124169252419
50.57263538268052 37.65525392520021 0.5300755306092755
31.52277101367841 1.196426556071465 1.100168825502314
33.07549553787126 40.77494793281655 1.136066990835704
22.12763318378834 9.108595121702457 0.8912473168406476
13.14590807545274 31.69378765751318 1.139345562777938
40.45690459499923 20.43626146737312 0.7228969588030384
24.69187453747348 46.40318655753656 1.086180756700116
34.72058640547124 32.68190941199749 1.08304875799685
51.91683283677177 38.30073995250311 0.7830563378869334
22.35456381614998 9.006649387537804 0.7870582273705677
34.76009629283105 15.92719917228781 0.9838940992484303
42.28347539542405 21.18467429987373 1.013428568139174
7.913477757439705 18.35897090675261 0.9752795682943664
5.750581542845155 27.08725541647862 0.8784617315530493
32.82056984902386 18.8964896182979 1.034917928891609
16.01378398622097 19.48494110418714 1.059204304934622
31.6411341999849 4.380133205736118 0.9648099273907247
37.0620426442763 3.404199882598687 0.9632022299219778
47.66246053141656 1.411627122858366 0.7784388328154617
10.41827651039617 2.379500412093243 0.9444687271585377
28.94422349331166 0.08017979659148483 0.9270922843600481
21.2648541230079 17.01002939744388 0.900880657830031
32.58666979548832 26.22447635569818 1.145331540183096
53.3117317721768 16.54257397378915 1.180562905478961
0.2337409300886751 55.0927748461686 0.9913013534637006
14.51174860098946 14.97185666205914 1.281086550306071
32.51401371113677 22.99911567335907 0.784960846749843
26.40331558250045 14.99603777238915 0.9437360467553148
13.98768345172875 51.02271972830534 0.5857848379605979
53.40222014039858 56.95728561326735 0.9507339783388143
24.48613978525909 5.498771753860066 1.113122023773048
22.50880115130395 46.77165427094868 0.9061304215229882
14.97547023742249 6.23080524952654 0.7870775915385989
22.77337922331569 28.34264653937083 0.9951621601755957
9.379976829225187 34.89347571595268 1.150662012676571
6.027356194810642 37.88120266370531 0.9635571479992022
7.682555979901252 38.54136990594741 1.015656943484517
51.1174262348178 30.28363391956483 0.8903713433822191
47.01217101980568 8.105109660003851 0.7319070893487052
32.51106964867146 20.70857373518337 0.8926671234592846
17.98251867340064 56.99720946047325 1.349301198246197
45.74820334219756 48.71614664034738 0.7816424593690166
21.93915741980968 3.723673579620046 0.8834739405262324
21.39070954191997 24.39085241844452 0.7979561166151223
55.61380685568498 44.76016360463582 0.9258879816494304
25.64136626834113 24.78410774273058 0.9645933283446952
43.18253292990035 29.52168460540552 0.9823115016459848
7.837645043543374 20.91613844685077 1.215385202491483
47.82024585493852 25.82016374348671 0.7864094734074411
0.9876668658050088 9.661551196436189 0.8587535477679795
8.743737957786646 22.92682428561469 0.9340943655882019
15.97488728816383 28.39610036527557 0.9543246052641016
27.41102098739288 37.3655968566265 0.9880327843746297
25.12576043471962 12.88850452000671 1.117425043439503
30.66599084048811 50.76712670306075 0.809470273883467
23.28881128192358 37.47285322634171 1.149994323789605
54.14848288202122 26.09412978035125 1.250655633995964
53.20580190010639 35.12291025329517 0.9783342934837084
6.469690073965904 44.02604775504491 0.9947581220347631
4.053639072484168 4.930740836044187 0.8847548938690878
37.04458917772611 12.79737703027082 1.153382978374428
19.48806690447408 43.8324524363654 0.9955066389898223
21.82591431905791 46.89908789186696 0.7368167677060729
15.92391568185944 49.32380972771151 0.8960055590472285
30.5013716227847 46.58990652234755 0.8900264233214722
6.438430239650621 9.379747686153161 1.092613180829332
48.6468371118637 3.586913095129148 0.7727772562194679
46.14046474878698 31.6796793666108 1.16561878289233
54.05501254836796 52.61015484929558 0.7554349078407581
5.928827328108636 3.037781928683529 0.7653964953709382
35.55674319786799 33.7863924763102 0.7885430289361217
44.94389796766634 44.8168941791248 0.8367190663827345
35.90637730430177 3.867813622983086 0.8484522888239439
50.45772014533063 23.2316402845232 1.068586930330382
20.58173278606577 56.89615038498125 0.7883418492291258
3.48306345356771 11.08526541063807 1.053480780086087
31.16067219300227 49.62352822889738 0.9950273612225415
45.23368305165027 4.470671845819183 1.249492099992528
29.21377120689199 11.22687580260768 1.353405554734504
14.26465775783391 5.786781211284353 0.9324343300298095
11.92899101131083 10.73225364029978 1.017588476955019
29.02576384182357 48.77548928129276 0.8928119256037365
20.36473007656854 7.932141119582644 1.141743903467241
23.73707424138536 37.92162283273489 0.9101258178452096
45.99717340804505 56.34846221206173 0.9555805343196209
42.10376509051014 53.19867239994866 0.8084344029716479
52.52654961195148 30.33744811561771 0.9951266761422809
41.5643239182254 27.89938225918421 0.9639256991621321
2.882919300758708 55.8289816760593 0.771002249613711
9.561235289816388 37.5177547575523 1.086763003088739
47.35974623605597 38.58699913163996 0.7942974057661965
46.51914025122259 24.93654691657822 1.009179608660808
11.22991026948668 6.859030271349023 1.093841935355413
44.78065310408392 3.034743321144368 0.7901367438680811
34.31544669639107 37.93084580820559 1.039746905519512
40.94784666595415 0.768260264195623 0.8986214659481863
10.95619336234228 41.61719091172199 1.120302118022042
12.51657314436351 28.39150035725511 0.9850180564309406
51.34949895662698 46.20273661483207 1.365717810808492
42.49773337808332 56.01373538468673 0.8714639855182151
44.28763321800513 32.01687362930592 1.058748285279112
38.87590390065494 37.98785221436427 0.9901068683395368
33.48452797182115 26.65655697819616 0.8719392743383576
7.58740275985906 36.53757574480846 1.090601716041595
55.5491489607604 12.8291134386459 1.160386832940993
13.59737370284152 28.112514380418 0.8345569266174103
24.11418648535115 39.10595475933792 1.270110655352566
10.49745509005033 17.98253059106997 0.8383152291420669
25.83349621800403 53.70086578591767 1.105594948566954
30.26402269129829 7.390998215596657 0.9709969976056264
51.56772294853242 17.55165588276072 0.8359332580500557
16.06919937025253 21.28377571901482 1.179284705158452
56.50585741107625 49.55372734207368 1.074119541661601
3.353701983743208 55.52773545707005 1.119791677187796
20.06602863830795 1.902850917960913 1.08530577482486
41.39984651813276 24.95422257201477 0.8323376328894885
8.334864010258981 8.514033003483915 1.024970957549955
45.14479263319857 17.55763239486033 0.8456202397207619
49.95042626231463 13.9782888512026 0.874091118775708
9.532276415048296 44.52252087207629 0.8686957380563227
22.23468931542462 4.099999337038025 0.7534514914416616
25.92633685279933 22.12386191828356 0.8028719112221592
13.69710344062052 16.86666952346762 0.9556191354779204
15.39440495399498 25.7183434766337 0.9114348162848802
18.95365634232464 26.75125382316823 0.9663668728802713
11.86753583739863 1.765653673450301 1.054868422185533
46.24345278797832 0.01232847059719659 1.191067442362491
13.9906173217998 33.58178424908863 0.8360397329793957
54.03757012357822 23.52289373684809 0.7804473130078355
27.62289307388612 26.17848184945922 0.8240365912710546
23.91482054624465 50.24089760763612 1.00890840925077
15.36475949937699 4.01896136208389 1.007856781632106
9.707826895968909 21.01707431116005 0.8605462346309216
46.73541778779375 40.02342312877226 0.6950427594098048
51.85348567313211 52.67611089426843 1.102842364676077
9.951667984459394 55.24446182662829 1.084721272701296
48.32461571522272 56.19512077243771 0.8370680996873394
44.22968603262198 35.4265698932235 1.099137016949934
35.77030132933068 8.333991127244193 0.7590255400405281
56.63409198431023 24.83433089816679 1.210394824170788
14.45480725097228 14.99885145714453 0.5900915173318269
36.01592579484728 49.92305907324099 1.033388353697605
49.26486602344777 25.75134355609833 1.216399123277981
21.42745445036676 19.32340816470022 1.061607964176704
33.6773137118096 31.37912243482616 0.9128094610861777
30.57424320726387 15.8246602620113 0.7275131298437123
35.64983118402298 11.96324297690915 0.6191942273383699
47.38981287013265 6.842369183824569 0.9710062217788827
31.21350834388915 45.0886421758163 0.9137807033825758
9.702292027744601 12.86965554480891 0.9334435254337469
33.56031219221666 24.15709927871688 0.8624803818887711
48.31973342565807 6.884432770258017 0.9962383614301125
55.33666355225103 40.58459942256314 1.221154485461657
27.70295109260033 54.06323080326581 1.328637297788446
50.60655389242179 4.380264777867247 0.7883544668959932
29.38219417835688 2.016596392270456 0.9992957991610703
26.99908409267621 8.03202536237986 0.8800494924676747
4.91352113099467 5.125050896371273 1.011987633131467
49.45829441512856 18.14908469149335 1.188393110602543
26.31768569504735 1.887247238255687 1.025091463531932
52.82494886164784 17.63741912070542 1.061629329744651
38.47068713813587 19.05131195441415 0.5569271141296609
33.30523438719345 9.91304034968514 0.8597716456218838
11.9296367419556 0.2248198777552787 1.01060805836503
13.71945392793019 25.9094761376779 0.8976342622967054
49.75604740332628 22.73742276557601 1.007201191674886
21.35857764741339 6.607079567204733 1.120761354844737
54.01842394984254 51.21569490349651 0.9817826570906834
54.26456514851403 49.84337278494768 0.9666509032562951
44.00498514576116 13.0751325409278 0.975286473031858
47.44370151844048 12.44974320775352 1.007953734030464
31.50105516216767 18.30533653744745 1.259119614064936
38.82742897971879 4.726790947246734 1.140135904792777
4.951610825002012 37.71221903092797 0.9716213517293679
19.66654185935228 3.247582649927392 1.155265392476506
6.457075605847442 18.09926288812387 0.9771450657781312
15.68309297537575 27.81565325326084 1.257795378315554
23.19297113697649 21.72476637862845 0.9190481657180567
34.79679708732143 20.45753625894782 1.111523651920648
26.49378141597555 1.573124282794597 0.9143945118379132
2.725043599365765 16.93748290787334 1.116426903663472
45.85187153790699 45.52392267925848 0.8961163288044338
6.030482287067213 27.67930051762578 1.010846015407273
21.43636623930017 55.20232445150722 1.154872134789739
