24.6653189443356 42.22586230292258 1.217003790265827
2.078818119167731 18.55351008360903 0.9864739233621012
39.6788593138004 6.85257569879879 0.9305874964210051
47.15949838941894 46.14577108442121 0.8609782316535161
40.48059854073478 15.43303325233657 1.072221509942978
19.94643445496747 42.05203853037769 1.099214367564121
11.73466436180038 51.73403487342132 0.8570718075984251
19.11309012636221 17.48512187063933 0.8601855434940728
6.54046037958025 56.46351754174731 1.046646663746404
8.641740624626046 50.39366909600499 0.9952898085084153
41.17447423384267 36.26069311716626 1.170610453207477
54.81420322731799 18.70749550206004 1.087062874075607
50.10586807835189 51.50743289268922 0.9039808375136208
14.10009865933102 16.39058576030218 0.9911919360835384
49.91172141484531 54.58069720006581 1.233994739595558
39.50395960663629 51.77005346760622 1.068508933925538
24.90397937684505 51.23862399497936 1.075487991813755
11.46063226017199 8.617178440847052 1.097976038034474
2.856804130532222 18.00109266629493 1.00062607660422
16.94970459721503 16.72243660722041 0.8498719241610911
21.97882337820661 1.124178804515013 1.042547231685935
19.7149550685263 37.48333926242 1.030297006701325
45.30476579130849 45.94604246595225 1.026066016553623
56.98556162416263 37.16024721235048 0.8933446990362817
17.01295182761408 39.48952123079892 1.213998253546496
33.7281451992356 21.43438896789885 1.054712835430358
27.28861346435203 45.18877745940759 1.301110796749873
6.189870099159829 38.13226336479758 1.283936243647041
1.73057187708587 23.13957469637486 0.9884214249056269
24.26375352743257 50.83782969640467 1.06369756825645
24.71685482175874 11.64122468495798 1.08734826717527
49.12456394737799 32.93992838633243 1.088463175284181
33.37785235623729 33.37385354022209 1.198033776851724
10.53486452136881 35.33035443459188 1.132703779168425
18.87472774175681 27.54781634898289 1.088330963249171
12.46474755344202 51.54802083808371 0.9577052467395322
15.23941733652699 39.75336101779405 1.12673735775536
12.8987786126783 45.92666839665112 1.084814687410811
26.42324811007047 14.62935051630686 0.953409212805805
38.33874577159935 36.32999659391586 0.8186517640797102
18.11577772540775 6.055600593358093 1.04484867201046
38.69086870676413 26.86526283988043 1.085040050595126
16.46963873993123 17.03566149065069 0.9883968536744856
52.36601592524257 27.45447111104357 0.8454442282977537
54.55231963682562 13.18589153754799 0.8544104340758704
7.733912349089008 36.49891684274139 0.9429667717149766
49.770428181519 47.4707106465803 0.8827430654534394
36.39737901668874 51.21314967154206 0.9809452625738271
20.29855731050417 48.46362208317203 1.289986294843404
7.692903648918915 18.76483995596172 0.9747324473185524
42.35781577292728 1.180314132562053 0.9900659722962972
28.04557697244248 18.33026392214478 0.9405487467856364
41.0843459703421 36.62532034172924 1.072449292418846
7.079791426230125 42.88708679372775 1.153410246045009
49.63625343313267 28.33929093244453 1.040361865110258
47.84087640225928 32.62810931011481 0.9514428668460538
51.343788933169 27.23825539240532 0.7818681338798177
18.70187747557735 45.3323567087447 0.9738899326386291
16.27964927269129 46.49549615266523 0.7415774351956064
8.260336082084262 10.29704790762488 0.7967546049933156
25.15286708071496 10.12096123775512 1.086138810854256
28.4512251598999 18.430078304573 1.020387698613904
32.82376439488668 16.78599234334472 0.939948077737544
44.25181520695417 38.7277357646859 1.123603875998444
51.70916381231936 38.59560411358048 0.9508433344845374
53.23795033071094 27.66786860612588 0.8618294742201035
9.882779449635548 12.51759957685955 1.112302019773002
36.49015252501245 25.42370081433267 0.798619946251257
45.11905951850073 4.643019605727409 0.8207876042545199
0.8414636588848492 6.995887211987696 1.209187610024706
40.89487018384732 33.66522805377153 1.227187677466787
16.56878387488834 26.45495869240489 0.8956820973242779
29.29200393766724 27.81163062844967 0.742520331116727
46.89268513065422 12.28400694079884 0.892696136761209
1.90659901169436 41.60184894297358 0.9967140446867947
6.152271683864422 47.11756135854757 1.004171821189599
38.54045877491146 16.03505116004266 1.041897841595834
24.12752432149254 38.97612226287654 1.088158592027747
43.76833306614697 2.672186373580334 1.060195489095296
21.27502475226066 33.44995316744314 0.9326674064510637
27.11109460383239 37.8438086536917 0.9955671494750021
19.58196181505079 55.54812441279559 0.8437226272392521
40.22111053449154 21.48856082674515 1.100168453649401
32.36115099553072 46.3022450130909 1.208358833850025
24.21828289433303 13.90160977044218 0.991656007275704
12.60543327760204 56.19435891750938 0.8826220229113912
8.978757263617011 36.73295759909458 1.071559492088992
39.40514399921761 42.61139526945138 1.028540113894644
40.35688702825312 49.07321761132833 0.892691364034443
25.52317075222878 1.058274119653867 1.011002284435133
42.47572040766278 28.42808261207681 1.050556041050589
41.53189530294942 32.82925737874082 1.096582364720828
16.6870182760465 16.89304627193745 1.19555791296981
30.79465604237963 27.46879853842258 0.8996066208770296
10.75874500011967 43.40008931998167 0.7261741754084839
23.13304691907626 7.833638583232481 0.9425991370633126
15.48459256695797 5.538190891751177 0.9889117578628597
3.473391322639487 23.1345792287656 1.070483120017305
25.45048746161651 45.94911175684496 0.9868578135461994
40.08027142010642 50.92784804661192 1.117108740798699
45.95519457243159 32.75955546962076 1.123590812978587
8.588812821818895 50.20116303637678 1.311864220776845
47.38013614731847 30.72031518710792 0.7807124416539866
1.189113698987809 44.86520920687597 1.167835216998225
7.574881483137086 27.85227115491977 1.015080585360931
35.68590973815225 23.08730401102794 0.8572674079631427
36.24611929396453 29.13094356429341 1.180900844335957
53.52315690625606 25.40217492887852 0.7781180705599973
56.99210699926694 21.97364436787257 1.050635424868684
47.88550449064257 54.43155807928721 0.9689250360163578
45.48261686017859 36.84069903653148 0.6975304900679784
10.3277888853698 38.77992634418417 1.078654701921223
15.19792460380025 0.7079250061455765 1.059168098588682
21.88271716930099 13.6893552302799 0.9544963663458383
37.16959801743254 29.45759865243807 1.113391916692844
3.165527028108727 20.22753609680922 1.090879233442321
10.85961347253044 39.41164632207325 1.028266550243965
16.2691740660319 45.881636540816 1.137486630207869
1.190571981105288 16.26128106529884 0.9209563199081211
10.8160498788655 1.740785346245759 0.8923685508171126
12.97341669303058 56.29866673904409 1.147033268217791
21.29542830646756 48.90927329468973 1.101081560705762
24.94445653303734 36.49335291026782 1.047272250664227
28.79774172082438 14.4999154435936 1.111603263428922
51.13405326806663 8.967339738256921 1.078505215226868
53.73964922630212 47.12304115068309 1.169112270361927
55.90321572353282 7.599262672289862 1.156819553176956
40.38765975105933 45.80386153878824 1.008210794884508
37.14333189890875 41.57823173216462 0.9561065891551643
15.17985916891129 31.32088253662031 1.060511476013387
56.25803725433445 36.47528747537885 0.8033008904549386
15.96864038564667 15.84735407905996 0.7587964733604546
4.647191798615824 44.76638210647106 1.052792398776392
53.73372184472797 17.30478361868522 1.003574682498875
34.45692469340606 50.4733710444874 1.030700187175713
1.072633716777262 36.96251224212465 0.8668927907806623
24.62183574848894 41.46029346783659 0.8915258970118614
26.03852520000121 30.83151635845728 0.9875066463431158
52.76378040190962 26.15861554590921 1.065044218385369
39.25212261139048 4.892567983778458 1.069671173981279
19.82406103928762 38.51015983918224 1.120585156390233
5.712653600011325 0.336495818261288 1.106613250274831
1.901570896572234 10.35984539862715 1.041113895042611
9.141090438766913 41.83659976946031 1.182085365159911
49.5536240644537 43.59801513217297 1.166989886619194
36.94396104940397 44.57999127105809 0.8190443735639522
20.84289797201887 5.710334803774177 1.027273449804205
36.54185116223146 45.10893926728001 1.030929019444189
16.04003871792929 26.25455995055594 1.053519641023265
31.14712793433439 53.43617883577765 1.010211893918292
36.80232114195932 15.5149833934917 1.140281350469546
15.85147921175299 41.39196657640485 1.110007158524839
52.87482014059779 3.954357136485333 0.934352905890397
45.79095693248834 9.194431060084343 0.9668489782474725
48.61392571153768 24.10092771989337 0.9448028902156784
3.483532224075651 46.11984094331034 0.9369895618282876
56.15207247862223 24.32643019609453 1.041940648293904
36.60617061127265 30.2478920860439 0.7912895945200925
0.6265868067865199 13.21828838121998 1.382436935407737
9.654467190454932 8.342374504237609 1.004679056167231
47.28869816115531 49.14486287028755 1.16045904804883
10.09453450939364 50.17763644232305 1.044328507543674
51.74807996617075 55.88549144188198 0.8306308005916596
54.93408688527256 26.4699513593083 0.9449134097617429
0.667788286538696 54.0861593638948 0.948721133375673
26.86999088985379 25.18956126607468 1.042741361829456
38.25212698301865 27.49657769664031 0.8747106509504585
2.270292437761227 48.06231686429228 1.06635450072228
18.13455487607725 49.55899059891654 0.8759106123982485
55.69916797182484 16.74400912818686 1.08800147341494
1.724073482548852 8.793702454675781 0.955649970784431
39.83415912642803 30.66561300524772 0.9430219048447763
23.84166041614565 37.7682459851579 1.112103803405234
20.00741270976486 23.43779600385474 1.031756184167728
1.936180790390903 46.87740359961866 1.058758655269414
17.37398129625897 30.03520691722408 1.101182863271159
49.98048814524919 19.6442737340202 0.8466414873841498
12.20326433293673 4.304703436468124 0.9347002844890108
23.10694711706925 10.90243227821888 0.8724665426338574
19.69613473289466 30.97035816170758 0.7409937910868478
21.3031740483377 27.37532860290973 0.9952767581939557
1.040941581614754 10.10573162422782 1.002862341745331
41.90557915992363 1.176505919628081 0.7888120270278136
52.10845181304423 54.62259306321972 1.147763185440836
43.19778045974569 54.04463260343514 1.067906916511989
37.2329403768447 4.873977906011966 1.171776565540312
7.860344620356496 30.21342849555119 1.041600113605781
41.32847149033494 36.72151599951159 0.6382340603876173
33.2625718117983 7.435418580861492 0.8333289753766696
28.28164253816085 53.56961325535998 1.034530205877307
37.69541158699217 14.54571374624302 1.204857386954069
39.912859088235 2.266625670840324 0.9441343901989538
5.372509992854908 35.02131087473655 1.189792089312939
26.39542815573301 12.29888382847369 1.04259416511886
49.26319327636771 34.2557727760895 0.8887536925354653
6.21364112487698 26.84078378781713 1.133021348960427
53.50296091591146 39.47621296321797 1.178690549845737
36.78749733967124 9.542641522615515 1.06604970735048
54.44699215118168 8.069139877832095 1.033007996250443
22.61485362407512 6.819201155015826 0.8887489163107321
16.87875685369538 47.26629899454596 1.128264959874743
46.37452713743529 9.878870268295925 1.038701928830743
36.81135874325938 15.7699552666256 1.028836288590656
50.0257280692578 7.690066394251803 0.682691715282479
45.85599693602696 56.23936919413477 1.1898675869968
38.71558213081005 11.80705252420486 1.082622588656009
29.48586699249496 18.5030794704813 0.9351029852860731
26.57221934831339 27.46194882479587 0.7038980249153273
5.075262828765093 49.18707297238851 0.7880594914557509
39.45337194039178 26.71287664524879 1.18717744436366
21.74563562439086 31.98629657923537 1.01932470424585
24.40843995213902 13.89164044097608 0.9972568763242037
9.437432682811018 4.219798668855708 1.357086651251182
33.2943506884828 22.68732375031678 1.133151027750275
39.30525317383243 22.15034759796706 0.803121299535697
7.509305396820095 3.642275048718916 0.8890470151277451
28.64315585356353 36.99517238931506 1.122218044882347
6.928031506448999 48.7175738675136 0.9638646177596987
20.45479869863707 12.00329433521409 0.7939698994819758
24.44882532369756 55.70294964206543 1.218664926216176
55.34431533298656 48.96593865378105 0.9890277798937801
5.857579068214436 7.698944712848842 1.051091125203702
26.97255395398129 35.51917477581612 0.9537609968987717
1.206498526132898 21.61938463971921 1.019816619879741
25.41725221388845 23.13319147058446 1.103584608733618
26.77546651930337 10.09864379609872 1.232965526876789
12.9217300000236 48.92082106504628 0.9794770360911094
40.63839490601718 23.54629239511969 0.9397175166631426
31.8530558416867 24.5430417193766 0.8647925942099888
47.90106044658509 45.73106639726603 0.9504361203448544
7.513319474883992 46.24537575302896 0.9064730285683079
11.99813101161184 43.55458409271882 1.037850897623498
13.47377624431335 38.97068496559313 1.089253771700963
42.23758958151452 23.28025736812514 0.9763846986150864
17.40729237646204 10.65484176886028 0.8984979249213387
8.961424141638645 56.50312937959243 1.124342686012855
8.109736396516551 12.05291783812126 1.118231116076364
35.59921023324095 51.20594670120904 0.9465890009111282
16.29117299536763 56.88145130680942 0.9299366388400819
53.43760919498168 26.30952267549444 1.066718765796343
16.30446751383341 8.435740180050834 1.016368418957587
47.40642514564396 34.93786561020551 0.7997761772766137
25.56615149488959 32.64401470061578 1.083303468892169
41.83622419034887 29.88025584904489 1.064437783331877
6.820487148510519 50.79764833198751 0.776820327349193
5.850566143566075 48.73627608815966 1.014528877530314
6.678354821018108 41.44977640334972 0.9273015079920258
41.33122768361644 45.95853929685361 1.18984415548647
30.16176128488116 29.94374536114919 0.99778424826749
56.25326803664363 15.79264281959862 1.032628582477777
35.03511065991368 12.1173747783142 0.9676837390255084
47.05524038851971 14.13703804609228 1.180373934711156
1.08555047963073 48.27336334030766 1.14778912090881
17.26466277160899 45.72542227931573 1.114357836318274
35.74435441323759 46.64804800024631 1.014698079202902
38.38432406186327 10.33400064536091 0.9721140511326746
26.04469696015338 24.32654679814658 0.8373726472171183
13.28508609500019 6.465289746627812 1.043102067585207
40.31966997837633 12.7732613742227 1.223811557750171
28.56590419382132 11.09977083331895 1.092263111069959
51.69031279333416 17.1367907715667 1.173491481715186
31.27382881765898 37.62685711850732 1.105325778949855
33.01891646907615 31.38431073510289 0.7878715026382164
16.33101681635297 42.2759268392231 0.9454881977680006
3.649273852654395 52.07537122959056 0.8633948614455988
36.67029178639422 13.3082988482473 1.022067977407899
17.63892032235811 5.714988720004907 1.097015709011421
16.09091336377473 50.91993174139407 1.039488717767481
0.4077385307325695 56.41058334215106 1.028454565406368
38.98352133062832 35.25909730943809 0.8752104876531488
44.57216959054217 33.67383409741979 0.9812445811873218
18.41938722618827 26.66971689866377 1.102171425390187
4.740333294840685 51.43830372180711 1.002267364106169
9.36215529514577 17.38504442357693 0.9502795261089703
15.0275241485925 13.01142914780016 1.07683843326799
20.31634882479736 49.1307074395617 0.9332056145633376
3.259797783223818 37.95526914715547 0.7966670333877111
34.81457517101177 32.30545646199279 1.047438683081597
13.34719283894971 41.50776828662854 1.068865173716988
29.00454826699782 15.16275365052873 0.9757984620511571
20.46350095954887 47.42393549318609 0.9466834634292041
41.8622391884505 42.88649815641647 1.215656981012475
54.95543159030165 51.22439448359627 0.9501106982598467
2.934454673870678 27.55217245619379 0.9169132645180577
7.862665619637196 6.194252483637189 1.070876429352506
19.64497127600246 24.90347108426666 1.110667527468909
15.71061599660228 32.99216411495216 0.9670729140224668
28.3228782579875 29.17810496696183 0.8433172757581205
20.83849594594841 0.3274264984426212 1.094727035580511
47.7513620181714 29.17332916668306 1.117212774613351
9.505831133344133 32.61360118007921 0.9202689226809992
26.83799566367548 18.33136987655022 0.9490654104582884
20.44421843599725 34.07381929507191 0.7971644365928141
4.625991724723015 41.9259937028056 1.220341488880792
29.57292562004781 13.13343332807228 0.9401127399253135
53.53859288922445 10.27932670492648 1.129653879002427
44.56529261756935 12.24920885928404 0.831527778591889
26.15463692888368 0.576175967965357 1.099802753632782
14.92179557630876 13.49549554637423 0.9388417757716184
42.66882471305729 51.38400400680676 1.035843121920886
38.28675877455937 0.7286519830714222 0.8625534886203553
42.19857370676407 53.12334994279004 0.7910814011198256
45.66815827631771 46.82456543148708 0.8396703292545418
2.957998759559355 28.68369907451966 1.149240241254566
37.90290540312552 56.49659164878381 0.9290357578231192
11.74580048152516 25.23451659932477 1.244904084726973
22.44472998261672 48.4834805300848 1.104109172390906
49.05965649805016 54.75068125349967 1.058680500592717
5.094862431331939 33.9378293449701 1.227949576386407
48.49233915400335 30.16710000260132 0.9969257243857496
49.83535200768866 10.55236098708229 1.025394759701781
6.675710929872333 41.12474339228344 1.093109678932369
24.85849109285441 44.72505454892528 0.9980028400660933
16.40875359690224 40.2687326386891 0.9236381157832865
27.31308147465488 55.37177940289107 1.06008957473425
23.60629597567315 31.181660615458 0.8875302860052358
30.54236245972215 6.435181626321367 0.7918197633342464
4.185862853278342 27.87588995829033 0.7981382044861993
56.5398482761997 7.609701674715477 0.9827132514540257
49.32029927071198 10.13191620359752 0.7329629775096607
1.028781577492497 42.15565125185794 1.072318301029003
20.18957691322527 27.35998814709484 0.9773779668996542
37.61011011228436 45.04806803262237 1.116968130810182
15.86455785849344 31.49379629292237 0.8632684689461265
23.24466998653704 43.17763935969101 1.344937674745309
25.23652128932835 53.4718716449439 1.135293661606462
6.163261208293616 55.77888377559319 1.001479207478689
21.38090268028011 7.092916098000908 0.91479126635455
56.82017866699965 20.92075095647981 0.8904340160210192
48.78243253137098 7.022917043428364 0.8494335677018172
28.59167194673404 49.81121410886348 0.9277874689721644
19.63593728450869 26.90669091460607 1.079664499953956
0.4162132145912448 34.72097998052881 0.9291404711750089
9.214776246908482 33.12729822244835 0.8920375252874762
2.458410432775696 39.08035191617923 0.9940718693824175
35.55222353458043 14.27216002357759 0.8498498641938048
26.47381547115455 38.45927677930299 1.082487291872732
45.5521928773039 43.03662739928654 1.062719590796261
11.77546910791447 3.254810650020284 1.040970708083732
53.36911574814893 2.456296015277643 0.8372775863195513
25.36400422657095 42.66569655047063 1.106883382851642
12.57238743853401 15.24065446492315 0.9114124143376505
22.72092149160845 22.45501567444532 1.264063009350019
55.58231392343637 33.97983599732623 1.232222619049921
14.01604962815347 6.691212712177641 1.097218796363153
31.02754991549419 7.17982149458482 0.723360840130769
22.00330134201949 19.57974276625539 1.03028109336854
22.83455344281837 54.71283203629443 1.124574050496298
37.33667206267671 33.11228116280971 1.301829344901137
35.56857717808735 56.16489132547979 1.133404447997641
19.37148430821089 50.39301840187657 1.042328759715712
8.633672840257024 9.885754301625189 1.192537061158638
54.39888744773291 40.15509840480755 1.034118527301505
17.13493437559108 55.83750166829559 1.018565605450855
2.67241403026153 21.80970209502135 0.9645512578989801
52.95828528560618 22.43332469343828 1.145066560052478
30.81560828714427 17.96158660108297 0.9319866069659439
51.74035705101693 7.847620902512046 1.20570307348876
21.74488919076737 32.07702908715095 1.05214593672658
8.7828168714339 19.52847921686642 1.027020681590413
51.7106675886133 28.15430117964479 1.093453323862179
3.098172926389693 21.55517045900001 0.8596826397624473
48.76125472679793 0.4970603475799134 1.021615783417712
53.47826169220649 21.84520323939864 0.8988268062749429
32.42020840869295 56.15067572246803 0.9413344778065403
22.78646251502748 39.61319059348348 1.190215498956527
46.25930790661802 53.60207080217175 1.003194780128178
20.63412795664469 52.31513421904069 0.9678200332961284
39.11999626882374 42.37901714741206 0.6738490965283752
37.92479341054558 36.17498015108284 0.9333366848543883
42.60837752446923 32.63546099915889 0.9033945164017106
20.08504557566952 6.272216098044169 0.9252226079010505
10.92451460469724 24.79531441293438 0.9046184266476454
46.64051765233302 15.27513127367717 1.05133615787727
6.553451966286381 33.29542296021032 1.020389005246684
15.90861352715111 28.36042236693223 1.257343079208622
25.94198528348561 16.48339069517487 1.087064796930441
31.95513038754236 39.19068819386451 0.8902789450385544
7.832692309670473 12.87992377154526 1.095836928662704
45.51538477070415 25.6949496491323 0.9557340079697481
48.97094495080921 3.026346141950389 0.8412993380005696
9.29856226653725 47.04691851094687 1.073563600528457
36.85130493941312 49.15348513152147 0.9939564668543052
7.428616378655944 4.003146747594302 1.078094613460979
2.787245525413773 46.52973086551285 0.7718470155925879
17.89015323244508 2.285046485851075 1.112703283129798
35.17924977428245 20.52295096568901 1.033096916155287
5.275744941213981 23.81629011352374 1.036470387234519
29.16846282927714 13.10843725088445 1.134795119519612
6.54950708502415 25.21159865577314 1.058043607041139
16.2290807968141 55.52045203583336 1.109686657661799
10.5764425357694 37.53650706426078 0.9987948775689879
42.3984032140106 47.42774747518252 1.24740056499283
16.91957001384328 37.11860857443819 1.025943091229476
43.85124474291282 19.70681553925705 0.7210017852214402
38.40267461836463 44.53849267239612 0.9378005032179292
22.47935245767206 16.58192436610438 0.945301227147018
6.559699001517006 13.33718855275642 0.9210448875103761
38.15680229717717 35.72816185733684 0.7490409731240361
26.26229300501863 32.99513291520771 0.9515765450538904
43.06461481147661 42.49137380183273 0.7910838631031093
37.84285850489645 42.09202746026778 1.044374502415164
51.83906667346091 23.24126171890705 0.7675651636681775
6.089359687682874 49.43934494929358 1.235293268278522
4.64766741713866 49.94060443059569 1.032229120268443
13.13491034933129 50.54883508037256 0.8114919282174538
18.83449950294313 35.61426280700334 0.9850751242160396
49.95477499065677 16.69045844799395 0.8290842199058036
40.23313166724198 31.11157726129125 0.9566194260506876
42.67389038609056 35.02920822847132 1.130188373629538
7.172287059096753 17.18947531058894 1.04261026018362
2.281502744314029 44.17083451113237 1.053747455193893
11.25640728290026 34.80127767976433 0.915417288167905
27.24062260251521 16.3475607444288 0.8726045459424508
10.28637137463613 39.38678306452314 0.9597798419853449
32.93561814489571 9.47806707791894 1.151604651419804
2.035544530970764 43.06637756482995 1.092263194758794
2.756835986281203 19.60714185964649 1.030926839255876
26.10189678291879 55.17545629161199 0.7404685348199143
19.85636954887601 14.9597897166199 1.019549088335992
53.09569842838482 27.02865663451546 1.179404566102163
15.04380219850866 34.43076777152287 1.038676479900068
32.59830075064595 26.30020948140892 1.086598725202438
43.64597645199205 39.47266802725972 0.9108262551454658
3.645754822364894 53.93234782662817 1.106743628041041
20.3536295240529 54.79506923667857 0.9688961229534316
3.767389501802339 22.38917405502367 1.128274335171229
17.3794935766512 43.61828278778972 1.136208394906529
2.748541527310639 43.48139035956999 1.057018827818065
4.547880532940794 4.650108601735024 1.214459215165412
46.99423060100257 0.6435789347829199 0.7259514406597367
46.07104520083919 46.72256743475914 1.137046398285203
56.57426337319159 21.66934592494245 0.8834936204669208
8.967540002878541 2.66875331507472 0.9129206312959418
51.27897682519582 12.61329482524344 0.9567305481410893
13.93349710057187 10.67000672438648 0.8906404380119145
42.34390472077946 54.79494390208038 1.024117203880802
46.20478863045796 26.20696568964373 1.01242743682233
28.59438883028663 50.75266916339876 0.7434486807796022
51.39624809818168 5.535839501086548 1.061011734252572
40.73211500641523 40.46729329902087 1.030964599954376
5.136639197420626 11.28118379892837 1.062311196767374
52.11268717754292 14.10417920029917 1.092824062651276
26.7174740255426 13.55103822916329 0.9245125578757417
5.530091866632035 33.62009127466943 0.7708850279581336
44.29009799905592 18.84967358915586 1.126919481223792
17.25853284274159 38.10150441764924 0.9577395235319323
34.6614523900959 10.7778604639591 0.9890885396143957
27.87872519571275 6.255841193839833 1.044324986948664
7.271638988178055 8.576575605001569 0.9940922066434582
39.39407097147502 2.530045897481053 1.049394394158715
13.81122972295211 43.99564113560861 1.062804682447643
1.63488936919481 27.7611668369552 0.9895767732782021
41.31220509266118 38.91739697843669 1.345046530342534
4.972454669406849 17.81797396103757 0.820891295433865
30.36405708611201 1.240719383694566 1.14835957197954
20.31127826790851 8.025509449665206 1.064385289041632
14.28135064350504 16.54910944846883 0.9461066117999436
49.92580295071276 39.12581126863407 1.01288124188627
42.40066828783633 16.53871753278129 0.9700521645853097
26.58098199385264 44.03555765703113 1.001958280622311
41.88568405755129 20.3603757211754 0.7709228898659901
46.43006342343524 43.26666997664918 0.970538191776497
4.90618873848868 42.98698547575017 0.8052826996951545
27.33843033078054 25.21746703293988 1.040921295159519
16.40747047001844 8.293845542377721 1.084852130971564
55.90611962690303 9.333273394188506 0.9325117333090207
9.530715306536628 38.12204371119013 1.090441666966904
12.2519648136813 12.2582031429085 1.051923537187581
28.79692067568978 47.28836653674411 0.9845285116452684
41.68819075854876 16.09680504542627 1.068781941671472
20.43648753149271 34.13895790471647 1.167844408981828
21.40900762351649 33.05941592113088 0.9923432557724107
19.04640137033835 30.57509915604028 0.9114635009856535
51.53266339494505 13.05889626921103 0.9142425187722517
21.35274181158875 11.83822890829213 0.9239707704196629
20.27340725915199 11.77239862260055 1.199345863144031
49.89444233379068 38.47220046979943 0.6515192715751157
42.06232573513982 13.60182687668215 0.8295883801943124
3.890193386883565 20.81302430332314 1.088749546214779
29.95605145625586 54.14684702928497 0.8137205358418811
32.28918464960958 41.32562361859047 0.8691517694971678
51.80390386879626 53.69819227312608 1.222578373369681
28.61567185009628 17.5460520035336 0.846030368146351
49.49033715272804 41.54778115802807 0.7879779463514943
53.38601009286289 48.75959315419178 0.9998001694541789
25.61547758691734 22.60624572243832 0.8029151702411786
4.078446165695063 6.626041428477523 0.8631606157652498
32.11174679739016 40.20327973701212 1.173542247608808
4.016304013792567 50.44133926902029 0.8145958068519015
33.148787187016 24.90544012743302 0.9477338059145138
9.231063719480794 5.91018904881095 0.9546853754835547
5.136164083208965 26.61610325920214 0.9985668761235789
6.047544116176453 32.56643356642054 0.8996080113229632
45.69560474841651 55.53788129544719 0.8611351825797294
12.38096023322128 13.5002247907688 0.8603060840939448
8.941383718019996 37.99643782013862 1.075193568764909
56.50635774084663 40.18491667890219 1.285251520588928
37.13114086637792 31.6181045116941 0.9813148687610451
10.62004469596783 27.40450042970688 0.9965745162361984
51.05776794816263 43.76883188298383 0.7820534512388257
28.4925205211586 37.20465165199928 1.042976444198986
47.59143748627577 17.18812524303241 0.8752905082297913
34.36991585994601 48.12349315412505 1.04343548582023
21.20587697495049 43.311299577966 0.9730137282264633
16.81639901586641 28.6262886885676 1.000593509010001
40.4972641670598 53.94753988224433 1.138741670045739
0.6332697526706708 29.5999015432782 1.03992244189935
53.78578963772664 52.84007349882278 0.8657196188657675
53.18304130164117 8.298013329179032 1.036698844525272
22.88503573457013 24.67556179625707 0.9177924669363012
41.86368706583217 24.24519790208209 1.093037218336855
21.18212540502759 19.23360289923549 1.119415412922102
5.544902450658801 44.48862200392811 0.8870909840020641
42.70034986813569 22.36130146652521 0.9570629246228283
19.30884134876953 19.35930389275742 0.7690311202605291
33.08307456508422 16.87280988361352 0.8370136023365224
8.494546366620131 33.85701154165762 1.042472950103016
39.97293706795803 5.280336004346766 0.7530631209962002
13.14036781906167 25.88012628903618 1.025961738771341
25.41185619049326 36.02540355363181 0.9607388974772473
49.50187674793502 35.41937515112542 1.059369366090801
38.15971907375367 13.68400212641992 1.12633345727391
25.55918196754492 0.1319427732992651 1.119143890850574
10.96996835664379 44.86802331631446 1.152755853232649
4.740833173385278 52.71498845504363 0.9115195779363225
54.42607844640784 13.2353795665481 1.277630086092509
18.51571557089487 2.269084984096272 1.033444086430216
54.5128583756801 31.65608338995654 0.6687514855692065
10.68148691704566 21.70489935842571 0.9791583326032171
36.83923573784494 3.183363638437988 0.8878012011901446
0.9751330078463689 55.5443969692776 0.8751883531424449
0.7117246457895845 26.53431497539129 0.8925297074775681
55.73473592416138 19.14317143854833 0.8533663201501014
13.88257481059179 53.16081434402653 1.196939317702625
33.5598298318497 50.8942665759913 1.051077292297606
45.72365979138932 31.0726882075298 0.7655595759891398
53.99740277370317 36.23183685645081 0.9405255404710569
38.57777042294749 33.83663848500542 1.142674308403343
51.83559327006135 56.28256631283209 1.152647699538147
36.47929743932527 9.36295810545001 1.110363290018615
7.907355074727607 15.93366122987758 0.8363479651440332
6.988745396020238 6.583694790761776 0.6968113450000458
24.75128119939532 26.35009012992964 0.9622706826647379
40.53425509973162 38.63385600998711 0.8014510466841277
25.08843079073747 56.07073430580587 0.9055286934341328
9.807072654276654 13.8120905555841 1.298806608866881
30.68496162010588 27.14082523395346 1.071610797147881
14.58925945013261 12.26273201651067 1.007511455971257
8.176015041384852 11.5089628153988 1.095771366875435
10.89850475587813 16.08337011611246 0.7435013306262063
22.66706493341693 55.05797827758732 0.9744443683968516
39.27833381308165 47.41834613281225 0.75000644134247
29.05220211625667 46.91897285493043 0.8201366963734784
38.72539501764131 54.14063293353684 1.051542372076862
10.95272346257825 19.13312959444389 1.044999997373746
26.88989026559977 41.63768508268412 1.077954591509949
53.9004170991948 50.25141852081354 1.106752862527737
38.48360968729649 47.86519402166139 1.040262190272
21.30926833036787 0.2404904715905387 1.132039370635745
46.27959876054879 32.20777311278869 0.8696222645484212
50.09502326468705 38.99092554766262 0.8652124714634112
14.78020105686979 32.3733570777687 1.25608754261388
55.18594599058197 1.461473743646161 1.02178586011513
29.10724229277449 36.9113409816806 0.833854693068488
37.23007899486929 55.33369891919833 0.9995072130271949
51.19251522244537 26.50403379672395 1.10818927038761
19.75545229099479 21.29645829568452 1.06246787462573
38.95812631675886 11.81992772120048 1.081379468449205
35.47516773337274 28.38427880703671 0.9205871188554313
5.06891578066578 28.57019099805979 0.9337427959148059
3.943548049285797 39.78447598208881 0.861182001504496
2.037386275379633 2.129494013325075 1.046758923999083
39.04083499500567 39.84805640291798 1.225357504996955
49.24157796857952 10.48464359551884 1.006710373846523
8.818342488174487 43.59540176512459 1.144357723230433
55.97569073363007 48.63119112310521 0.7914000682819161
12.92764941878973 16.64646035043824 1.132142999140799
30.55107071928264 11.99474363308155 1.164039987991377
0.341436607922165 55.3890227309377 0.9001897578935543
13.99576771911037 5.410352388587945 0.667188070595621
25.25946925266621 30.9027617517406 0.8758080425580986
7.155448029355821 27.29685552804584 1.14647312067883
1.441484096199965 15.07309073352864 1.033357136664865
31.24945418455147 50.68306206477948 0.7175763403538782
23.1547190016856 34.37607684376467 0.8285841914345148
10.2477424392699 22.13040970877298 1.188734694018767
40.86155273339784 38.93491735911692 0.9713760749064619
4.582536823387508 14.41262342613778 0.978384839196289
0.02411233821143971 51.27109762666333 1.121095948457214
22.88541452534749 14.0198800838645 0.9120824258801079
23.74738995300019 45.54630018703001 1.244327058906697
52.23777479596333 56.77964571806586 1.065473033740481
14.85273642505181 11.19715212667228 1.021966350022472
47.36232095694277 40.4104707540993 0.8207911261413523
17.78654757132127 45.09723529317287 1.07594530413263
35.64744964085866 43.79381553819115 0.7631951048134547
25.72873287076537 37.61584861605235 1.119398364802322
33.92162580039428 19.65839386296384 1.02440310637252
13.92949148962716 27.99765493580962 0.895196212055737
47.96561822247022 13.61094150487843 1.033051147422177
38.55186077279591 44.5896730900694 0.704489095402231
17.90277054063174 33.78963554221654 0.9274150564666883
9.047620609424831 20.83121536477991 1.005438480532705
42.63252593420098 43.89711343678511 0.919400271415919
31.99434870341529 12.99570491118157 1.018793874688862
47.2128890437134 8.027660469537443 0.7824808879144135
45.64350908558979 9.426333059289648 1.069364082297726
35.60001577744261 50.75574949605193 1.06753064319508
21.75340440531885 34.33768942036559 1.047757682616253
6.140448745405511 42.59568754238807 1.034011302434949
30.18536060591478 24.59693028805635 0.9541976994174389
21.48194503387527 17.55467936096465 1.10156270849041
19.77673454106633 31.49501938023372 0.9737869266863063
15.78205480649232 5.409260448724618 1.09911364041474
8.828333954246871 50.38648152043413 0.9536840891995152
6.12601501453948 56.04122299796028 1.097720755669926
48.05705535926719 50.58286066333896 0.9288214543549322
40.81340051852791 34.42912653061986 0.9524888610496974
11.76681592444275 49.25281664927156 1.030272722085372
48.16249243969214 18.46097569841006 0.8365726539897498
43.0579059864664 1.427071148262858 1.192972062181172
38.90253238002887 8.505304757275296 0.8732990284670752
7.088527369819827 1.392456927985166 1.089173755067682
5.290275526368188 15.9168613240667 1.024878356812127
50.04701284088521 29.94092920792332 0.9863564770301984
43.25073148740955 41.1040681736097 0.9058724367832653
18.53319467768688 9.636157722042947 0.6737871940531989
32.63093690324153 30.30001062867232 0.9895578160894268
48.76098632708238 38.83410048570209 0.9409597257492381
45.14128236199789 34.81889228700609 0.970073363637618
43.32419704428138 36.63908225048291 1.241708462808862
28.72308163657928 26.3245211817904 1.046484294701596
27.71697810977557 54.08932322640406 1.129053251428569
51.7284703304658 22.49591655819487 0.9655467352384751
18.68899699658574 1.552626555111551 0.9633840655001096
39.62748383387341 4.939728457452603 0.9400690110101563
32.00386043684737 4.189889379865439 1.03796300078628
15.78743137409325 7.634797313546202 0.7921765982373702
31.42822665647987 26.25088630907744 1.115011830973933
56.51050620456716 19.56950899193506 1.026138957086536
46.61332370741913 47.39397564036491 0.9433464548899223
19.41076006247232 18.33640531745572 0.8805490282905761
54.14801432385482 44.43547493193088 0.9186063414176644
8.299130935826865 48.87648465432063 0.9291589187204183
1.563039253728017 28.6203884601688 0.8875253023382331
18.35737123170745 41.19052311414411 0.9078797534860937
47.34179676619442 8.563977354468767 1.019037020053303
8.203955340294147 6.129228140287673 1.126873990227242
23.80563385915273 47.62700132449483 0.8900435784219958
11.94474165790935 23.31614006371989 0.9264827097480379
6.0878178757093 56.80983402384903 0.8922249690827861
6.408495867815099 25.49857793818162 0.8868084426879458
36.70838570068981 15.29425363861688 0.7818803831123113
10.5624675953586 45.00751663651668 0.9567643263507267
4.812261313112574 8.733777520122834 0.8848152928753985
49.11424754565314 23.16963254482003 0.9821151072662245
27.18369850524873 40.26609740046137 1.135605356798682
34.23834179120061 35.38765384554288 1.016459142459094
21.0815091678321 13.20095937335908 1.01342663757191
41.06411778371042 33.02625082574144 1.100033505699577
49.04077107973433 42.60491731278827 1.035235344064524
51.07046209744665 55.44926697409212 0.9248219424093951
21.57625963751984 47.8118809516597 0.9196824017741377
27.51095502428289 32.13872723287844 1.175160985311435
52.63258629182008 40.63165887474625 1.20739833383764
43.41547083734324 44.74683381093053 1.04061199078582
13.42119824766237 33.98498992481501 0.8875952240307698
19.60586881898617 47.65954003886299 0.9309037567181982
41.09665649807856 33.45415291164729 0.9428508724887414
22.2021537330943 25.16077428178898 0.9914090159408997
44.32417048296154 13.49186442629055 0.9971090628654717
56.97044176467249 55.42766573393143 0.7211147847605013
46.23954665904844 53.21952086278215 0.8880402286142109
53.68542860852807 25.05894419413942 1.143222066985515
8.690603068885673 17.31668493771771 1.016519675491545
37.06484868473599 15.49189448845195 0.947590352111908
41.14558697126134 4.849528130539473 1.089836602460433
25.26351956150658 25.24224344279721 1.124136456700007
50.40301772458619 47.78408477957551 1.064168258531615
49.18492643823145 12.8244200534301 1.046290832358492
26.31628447972065 49.27570133482837 1.120249860481644
34.93676260203904 52.02485031821991 0.9420585818001248
48.24437115445937 10.50783129246339 0.803306746746027
49.2352534552269 22.14558525483384 1.14381520634987
16.41775098602183 36.11872660187945 1.138406056045767
33.3767417834032 8.8946353727461 0.9690997476234419
13.74416350328557 20.64457133861471 1.067221044379499
42.76457219746177 52.04784454547234 1.066771747497198
42.83192932504785 3.295171044904353 0.848564624349311
48.99200997547806 35.13718889520373 0.8621121544401791
27.4128902034894 17.74103054159369 1.152940166972523
13.33314472033323 41.23529291396741 0.9556034995826971
51.74312423297349 34.15259320482267 1.024900546581691
26.72310112962644 54.56897039924235 0.8577277573222258
37.45966525024719 51.49620068841437 1.048457094781066
45.30409792405744 13.83640703365039 1.016423088078142
31.35873576177225 17.13499953790335 0.9661579856230633
4.329721039780286 17.12330793269133 0.9095194079866891
53.29089785473928 55.01477340842354 0.886953901701743
18.73513669135754 45.28290780367465 0.9482100265604927
6.591202205787972 3.564852454031283 1.008936190001503
19.28043517250588 19.9243469526639 1.230179518213508
38.35036815346702 51.22496393054023 0.9166651428888281
37.11223997367185 16.42881782931686 0.9790820059075673
10.92501851773123 48.71443315023297 0.9519746607003542
31.40831225756943 14.31585455234901 0.8821250517141725
31.45085411679505 36.72930389117883 1.02022012481262
22.89035595203301 43.63369820017074 0.9678866850942868
41.64847158205158 13.90440622898955 1.081566627990961
7.464161557361559 17.80043383259346 0.8809436609223551
21.36528628662475 34.72424603240762 0.8923875924711877
33.97971071581343 9.165431654623445 0.9493305342970842
52.70653744726746 28.82094122926748 1.124454608428335
36.70120693729315 56.11687269998568 1.055189076380765
47.83130582367596 20.80115868421325 1.051630138518251
4.942079980830699 23.23088864853181 1.282901935976891
2.960192513167948 49.45856262904525 0.9307598335142744
23.0266322712538 55.12946207734265 0.9498018217620295
12.03386827978951 19.10397794009372 0.9593587168308579
25.47553765935616 27.47767913969125 1.161258360402022
5.201925145556184 10.13905241905668 1.040966415087109
56.00625562714704 44.12394610006546 1.064268888377038
7.396335181499056 7.327163383051364 0.9435430110914445
19.53589808546747 44.09754211879221 1.067887898272764
29.72990319632455 39.6658475281046 1.016392352818711
20.50623052870214 56.29810987333679 0.8789258821120168
48.75667250238204 42.08541389698415 0.7729075772634659
21.59588509267004 3.396488858571504 1.031378695966967
22.50046682520791 18.23605538310299 1.130050564646692
4.10743248560812 55.65980855499385 0.976911274505036
8.798860947507835 7.083134956230938 0.9754284500821577
53.43330375777246 20.41948690983443 0.7491945562633022
47.92718103152103 34.19068634938015 0.9830786282786788
26.26273441000969 25.65094855225223 1.044922452091464
8.316796053814141 51.97225873170991 1.004846434225752
55.29074745312833 27.37557767954449 1.125301525102109
12.46099157652864 40.03456686625004 0.9320283617270618
50.44390881408188 5.221509300275478 0.8659784591595321
23.45756468337847 20.77175272431772 0.8736633090017485
14.60418414119826 31.53444403900506 0.6785805687663331
38.617578995236 26.51441411325448 1.099706512722322
43.82253199854052 36.41567080766692 0.7832563078936762
53.74966070556532 21.27123403096163 1.02869083989836
48.75986861426377 23.01239508903231 0.9549133115754698
22.00503266882386 55.23897863702801 1.15748558142533
18.19815552243877 20.2957800954095 1.267796301808428
10.34320002437718 38.07554789310114 0.9050354432088192
19.67140416226881 3.787108811916368 1.088737816399597
19.73148442466347 9.754621850212395 1.167573344503571
0.1074770987534323 34.33566856586172 1.030300654229953
0.7387136280251265 22.90664485791076 1.229491849160629
56.70300159403263 44.56124565310834 1.004425802057948
2.130427891449271 56.07197634460031 0.9251110789458451
51.31828862443486 50.89029653225573 1.193191909496843
17.11619332298459 44.08940407591378 0.9027157221371118
39.47944981813405 35.31434884542336 0.8857392508922073
46.169554001265 34.62259030371094 0.8562799073855814
21.51549300761684 32.46661116809892 1.106735048701275
42.22123301831132 14.06579177690008 0.8782372135455346
18.58264597159934 26.51029890752877 0.9125258666310669
49.41694376543953 43.95738085171086 1.150142135930754
6.882605226190111 51.73925943101722 0.8924046196215882
50.81123574907483 11.32272404307626 0.9365283653381525
2.903329649895118 15.89560715616476 0.9712486223666037
2.985011205535853 35.04264504231636 1.081581497303422
55.33387181830307 10.37019537685914 0.8973620855409541
28.0985795725596 32.30620512520252 1.098736843173935
47.90764823691345 49.61407258017644 1.126627175944992
18.93175469196018 52.44369595751338 1.031583375045472
19.50434816605614 6.186133949638407 0.8939615570056511
50.14351480134926 21.64766078332796 0.9121504451784231
6.660551335970196 10.14795021999066 0.9696247772746643
21.47067428960962 33.56402357740515 1.002341624827326
16.3673942146671 17.03386951379192 0.977243812786455
52.07651455610828 51.91741836858793 1.062399560666458
29.72260082360478 38.2131656800458 0.9627574977413061
3.976087400678586 27.29630296225487 1.113338638734005
14.28623630399175 22.90784209263876 1.200000039540948
29.09397604227717 37.50505445036341 0.782254597794785
45.71187642808626 22.23749084362643 1.243678440881177
52.84421482255878 53.85611535322671 1.219501138225943
9.377432738606554 12.21160903722588 0.9468866519902993
31.56401448397153 8.966499370041536 0.9655714048703756
0.878397604393958 4.286615281033616 0.9556153486899074
5.107795677198002 3.699035802250279 1.042694527850123
8.190998418345581 55.54304868008152 0.8142140437413238
25.8393516157937 39.2774591782491 0.9600878623794386
35.07492793820562 48.57935050901926 0.9148973462407508
29.08440495938268 4.779920049840547 0.9504014010970382
29.40639479756653 31.23712019307405 0.9425316976873301
22.38894135523072 39.77218610456781 0.910034626219848
24.50443542492782 23.26733895962468 0.9031719566502877
32.34821286580907 49.16659708934212 1.10904308437393
18.38313627726544 40.53921128415466 1.063597715083623
52.70629712972152 16.54899733213195 1.082133930233089
25.6518183032292 30.78122504138445 1.056620246324493
37.95012899532455 37.2127528005339 0.9127488647385049
46.49978200136674 10.35652379289108 1.069598974899351
15.1483596540747 18.50040229479801 0.9346263288546275
42.64869237209144 16.79631084194235 1.112597472193799
32.33424689682864 0.3173057163680464 1.032375631026373
33.62905009725552 56.83868234829916 0.7663320809313975
14.52278279677163 55.9328575683445 0.8529775966850678
12.85444857219907 32.90591907403707 0.9494581139552719
19.28027819901718 35.17836592913529 1.022238977749322
20.11309164721197 44.93209650224638 0.9978868726044091
29.65195842722988 46.90971996584428 0.8403028620420805
8.454192262354397 19.15174040205392 0.9378357023753163
38.40446752421766 51.4525625628664 0.9064303426706898
32.21091422820972 16.33283188535498 0.950685068557259
16.65013760172303 21.93847662626695 1.039559154958211
7.383843446794825 40.23478230425845 0.9145860239028993
39.16763984606025 55.48077670786566 1.182999765869831
54.81254531760353 21.63970864547403 1.033492115385005
55.68738548443065 1.853594341247154 1.118742388826079
53.82861884815088 55.95362921662332 0.894634198737291
14.368232576348 3.162127094884462 0.9689335624630354
0.08505154870685727 46.57914683110041 1.144727752641843
54.12430795613877 36.14509660850516 0.9228576733063536
10.33295470398523 4.5081513763909 1.072188021429282
26.41477761995736 1.547518705738484 0.9730832869174793
51.44005952097478 24.22732291101819 1.084162117449848
41.3201464276389 23.00530192582184 0.9821038447419096
18.64289310790733 46.34506644650598 0.8144443675449315
24.02194486606025 30.47035292883886 1.037014463031053
13.89588955458994 20.85056368766844 1.302257735185296
26.4830527000516 43.79221472181018 1.039040865549767
38.81567624668389 26.56810424875846 0.9547363765366124
14.96258232647673 30.49566945596396 1.008109622108077
37.45573180888581 25.29553705700465 0.9119252730323002
1.383129374302518 15.69487939108856 0.9735016560475291
28.64592136333041 24.57035675205773 0.9131016282040673
47.57565867787956 30.82270298983096 0.9087032229088028
2.311134184389903 22.35862612228777 0.9681646403849481
52.82897907766932 56.76088778430638 1.211043639484225
47.18364276466129 25.2529611965888 0.8079209885939207
12.04517589185628 17.23011312970431 1.112235614242757
43.23479971347135 45.41653744476686 1.086516040507472
55.83209083407749 47.74773896706651 0.9931679058258134
1.334626132312522 0.2152202083800082 1.008775871145811
24.78557696043773 18.62242821353601 0.8692559746273623
42.94661528661224 15.3612356117746 1.03998938506603
37.71986176060506 35.31012940654072 1.049981825924736
14.5908285214523 33.54884081173169 0.9041276015725506
1.801801981777792 13.48545404732481 1.026552798150133
21.4411666977411 13.84697787363407 0.856476510930291
2.263515291858239 49.25631550711408 1.015270141097038
8.873348424617829 21.17572219258906 1.047498154900496
18.09174989913206 47.08488648016233 1.136642120044839
26.11400643555168 19.42637603144458 1.034391485504617
49.40692355363021 15.08568362243738 1.159384619917966
51.17905298070006 35.35353881369976 1.203929663616191
23.6112882581592 11.16678096827435 1.026251636431339
21.93431356406506 38.2021167796115 1.092774131214828
13.49078474915157 7.417754736923499 1.074541893227756
3.364401635417902 44.20635192618069 0.939676249812047
36.46266740675208 23.96706954621108 0.9646417418369962
26.80363911986521 27.71546305283693 0.9987335355655155
7.321765050441849 8.100456168456216 0.7426581554272476
4.003968243954689 56.72868860407205 1.054944784709225
35.08222739122912 53.63305902510558 0.9890578768158946
41.8072053821791 1.693515622845625 1.062000985945424
6.746849621528224 25.87222044163953 1.029420231546521
42.0328855351698 20.2376343706798 1.174043946127725
7.443986270317802 48.38369632669897 1.049337279618594
51.02520409786385 43.90665370361258 0.8962506042765775
14.62211672990681 17.6841028876063 0.8221617499960269
8.724232210183624 32.42246623636338 0.9209315357571803
40.5229224048196 50.13541463489431 1.111939222889653
15.77468583815484 6.709062169170502 1.015459067038291
52.55042887877227 11.14196116111333 0.915921422065237
39.86716013488693 35.4460612812294 1.010945399756013
4.31828169632623 48.69030846966911 0.9868016115400159
9.851644127094952 37.60825690143195 0.8270349487525898
28.99195320158822 31.11279968503527 1.132569164676061
4.202284101025334 44.34271904795557 0.9661079273241664
5.026821935561868 3.66587511294795 1.082112316872462
51.24686706729553 51.15826832650149 1.148780716471832
44.2936829348531 35.48655823827095 0.7914596756308987
41.47885161474294 35.61211874131678 1.193632482101119
11.73775992995955 24.89390029334179 1.010006969002444
55.96293397013235 51.60492009138918 0.9127197475709745
54.31066534775806 51.07057397489928 1.053263811787675
45.26650017232937 34.39826093492948 0.9180849483733388
8.511060593422064 15.56848847333737 0.8751492301928956
4.601172368787775 3.45270349618639 0.8499154244039383
7.11857860913434 28.63975634502236 1.046864747951497
3.786262604308437 26.83045098270776 1.304572337496749
35.70937016127136 38.42982421043786 0.9106161940370914
2.554380928890026 34.67230410486101 0.8826315800738518
40.29266098294997 17.25367409654599 1.023544361425487
13.55258577435863 37.60332630416534 0.9163475298839943
19.0775392675202 23.51264780597419 0.8056345074407509
38.25894094363737 23.67871163630798 0.7705932802828994
33.30670596720032 34.08392991129492 0.9725985311717416
44.29158659292924 37.09296857150876 0.8373866852248097
41.58952973577637 54.8649783911486 0.9972396285500501
43.89187075052963 20.29889987050504 1.146253018184445
54.97120397536606 12.32954685032812 1.063523760918459
52.34059420942356 38.26386493177333 0.8415557974354833
18.86719120939597 40.90746901831938 1.008753590778838
10.71226587738482 33.86877842194809 1.007817577868981
0.3814262013795908 44.85686240571405 0.8672503322388565
53.468516781213 27.34677753008286 1.004778637753502
4.43070741483509 47.8002791934648 0.906350159073961
9.868191293379381 8.345088308837772 1.116077361708808
17.57647842381917 26.09094125967982 1.158175545427436
35.90608376865558 4.468349147806107 0.9231125144726604
50.91460085376846 44.36104507900823 1.1034283136295
27.53043316748479 46.25519503664933 0.9015091449947131
21.36087958904024 47.61904459475495 1.062793093869007
38.65044598963598 21.74230579041983 1.186533391789512
49.0890833205027 38.98459960100455 1.196592673762339
7.894185466176917 53.51979076188048 0.7458691857782263
4.864879044175558 14.2862902918301 1.030409642819241
55.80348216360597 22.44135746799473 1.104632603162069
26.90970664234353 29.7670726551521 1.200134063227931
49.91045224941822 20.82430746956929 0.8728555034984278
10.07950250621862 42.7530276918565 0.8205916755904349
20.55453950471922 8.227877473564762 0.8923454611493457
17.08851834483841 51.60600844798889 1.007852716658258
52.19470723215244 55.7389643344744 1.041820785955524
33.85792707878068 8.437397532368729 0.765875922210812
12.65521378054061 41.75211257150029 1.02676030008322
2.514489304513898 9.822067338424766 0.9548057012843726
56.72638286684005 1.317971468119869 1.227824568180141
36.02753737383873 2.173131422220325 1.073890824225107
12.87068704695938 28.93798959671426 1.08667179232434
49.37887501361728 33.07694142455092 0.681801895900118
15.75183244643353 12.9334144917938 1.109712426572582
17.50907712919129 1.393337216411409 1.080290956161776
40.60296975337107 12.70378436134373 1.068942448388139
8.388681497605836 56.02961234796309 1.186782286259986
18.74234117462409 13.34586979185504 0.8976709084820077
23.16793713027981 41.19608771018502 1.183231680224101
22.57480197380055 55.4313619366993 0.9450128475395855
0.6044933589196267 37.17038914895169 0.9914132896665598
30.54032894435354 23.60193227725193 0.9522871962325726
56.67887370180286 25.92102632341954 0.8432814701165142
35.85261842322192 40.98369257337585 1.0176614917629
42.37702981632996 55.52095738217279 0.990351478689146
9.06547991375694 42.50933136721576 0.8938228541994739
51.46949080259981 38.24190117150633 0.95583725566107
20.20679261032808 35.93919564594477 0.8943873055569129
41.80609167730719 44.43498545812209 0.7421774603380007
26.67587294554146 42.41058503622682 1.045832295532048
23.13540579478043 8.69139096219623 0.8576545824739885
3.695594780936649 1.988024218002346 0.9509968248370189
55.34971979695825 35.05211332535935 1.104956756895086
17.13453976536847 7.415199684172496 0.8239241920050038
2.855078138809222 40.06100466291467 0.8915873875957305
22.46770390470871 54.32456894140903 1.177128406742672
33.26376456081111 23.80163745852263 0.9100631317882844
29.04922625564468 53.3990479169409 0.9458477988782907
40.8340333485203 18.55104400196627 1.07534204944312
56.265902942636 8.439407902508698 0.8854738784449827
43.2139763865685 41.90265168664169 0.9448779674365118
16.9698111652256 46.90957116750515 0.9199825470837235
8.523153550700822 42.2403956750596 1.065315078595802
44.69700802615704 25.65769331606929 1.049746696228029
48.31945735510413 6.732178280470976 1.026446173225991
49.83524241290765 12.62236313643975 0.9836635023209643
36.42400059496239 21.45590107769515 1.142250244364839
22.49805486411697 28.2991716513872 0.8871560658214898
46.85021565335347 34.57712192674033 1.034671950794925
14.77149611514597 8.617461518672044 1.058365772074345
12.470247995793 56.41819719337774 1.127037760926857
22.65118478501736 0.1672559954073541 0.7838621586170584
8.425708687596819 9.340364858666605 0.9439045474655424
10.81745361574807 56.74516604270095 0.9628509785111562
12.36752915259801 8.479217961188041 0.9814198006741865
29.75170297583179 48.7915297475604 1.11026350602807
20.09070137240491 8.246338022987516 1.006662857688253
1.581846052586029 9.940917025758381 0.8913971547926325
18.55837854443043 28.67900205295486 1.128065557228574
17.33881466944647 12.07849174974416 0.8522373814814548
49.48928088624463 43.97460334374318 1.021905077909203
7.652055478958439 15.1404656447193 1.050981159012253
30.44724576242605 52.56756805329005 1.18861171045298
42.06831084707208 41.26469937817412 0.9451299395549093
9.620071947397697 17.66909835611894 1.043267765002563
56.47179299614941 39.55519101282358 0.9121048954898149
47.80152903581109 14.50070224865372 0.84676862701499
29.50341136777001 33.62498895899625 1.156835780890303
5.303990985408421 48.19285911237488 1.018873446633119
3.140281661944595 36.80834635990129 0.8700685323630022
10.77002816636582 10.92480901625231 0.9713885078996343
39.8067188387768 41.21727395533457 0.9790786109542741
25.481973306966 1.805111138990666 0.8729837769619887
26.01588364551584 13.39936868725315 1.05317470586935
31.06846706991478 8.957167330643706 0.8583094986505038
18.19114657919442 43.98732326598248 0.8399123629726328
1.488025514636201 1.023073040425346 1.000161354519879
42.61766454745906 32.34206995756462 1.014941866719634
23.53492904339681 52.22514466765576 1.015836769328742
27.73000189276878 22.9616464148097 0.9379961493210777
5.437760586122871 12.84713810395782 1.00355389719919
42.84200931100268 11.93013765566523 0.8588413797861505
13.7352487946559 6.738051382237138 1.075791054810713
24.72335130522184 23.22062315569288 0.90983560522896
42.7791416145764 3.697452185534617 1.013298889023085
12.5578291428079 44.2671671292126 1.060430403000349
46.09714924967715 43.14416610363133 0.9787684590130822
49.0305328727842 16.82715111590323 1.064062436488883
11.3401026592311 39.14623181016474 0.8908728406329547
41.50997539121191 16.77786324535397 0.9944396656626208
28.7080009010192 32.71553765084386 1.113788543293794
38.67596729364058 42.4432496956751 0.9114545587735641
8.66387285136798 24.82759598168898 1.043885089114603
5.191136920913652 40.84166336424726 1.160483034622363
44.53911554978188 40.95057870538466 0.9991159921060947
35.23744566470265 49.25964077574184 1.013649574431632
46.06502898087028 28.22322161878609 1.005505109223602
40.99084882856852 38.09556182711179 1.044432265897963
20.98080186265558 56.39047539392043 1.034050196474463
32.2428931306316 5.490777227324796 0.975815633382409
32.84276192953939 44.8763395402936 0.7640067326907778
2.951800642512646 14.51872919663728 1.217096164136129
20.918047768957 38.98346208733668 1.028408110282989
10.23298563073994 26.10918468987066 1.214960578470079
17.07946319881802 10.36424094828043 0.8795273332662863
22.57631387215867 52.31690886352067 1.240393237659637
29.78447250546164 20.97598056820034 1.188150573464485
27.25110171095054 50.76527436811723 0.9474098920929459
56.25605162198472 36.53479457485247 0.9835521081776106
29.73025783325092 32.09881352498141 1.233953147315188
46.61754272161868 54.73072335111477 0.7712602422335522
18.08744812481452 10.535590464033 0.9936626815201683
36.64477515390365 2.539310810407303 1.289898077271649
9.94616892232847 53.72423835272167 1.04905091157789
49.04114721624234 15.52743345616732 0.8098139774116098
37.22486903575476 42.20473877815751 0.9562979571517252
19.35917914209849 37.00081666652152 0.9394027271935989
34.12645743746612 46.61028085304903 1.076965367629518
49.10427566808848 30.02214260353806 1.006709926080192
34.02770794789666 21.8345334747967 1.031161773189313
43.92447380438655 41.91886441498942 0.9019792806103777
38.42306158338816 53.87064275325771 1.086284589087283
29.39312552120217 30.68424995741074 1.038340924309118
9.854046798243209 9.617994556956923 0.8746351188058292
22.76847142622269 35.24816785112404 0.8616769897438686
54.0712075992819 56.8949288902315 0.9334921330915991
54.38784226327569 16.96272431917615 0.634538551775169
0.8594411843733123 31.41555018462965 0.9113423109974398
32.85439224767237 36.31384971799042 1.040539395466328
0.7188961099455581 32.02395760874448 1.076154285567655
47.91184981256344 49.3307699651135 0.8704620666348115
35.7130062713814 29.55495255373183 0.9293051840892957
3.239202484599875 53.5114301054326 1.052542676636503
17.72412634954049 19.12819119362542 1.10277963664404
54.37635904474946 10.65302861093219 0.872147382536911
40.38752663945198 22.23480769583714 1.151916950812588
39.19753201501329 39.34976840268344 1.163626920814164
12.19091906081462 20.99478978244345 1.079161439847983
0.3086394738911835 46.04906185206448 1.080524332609067
20.06926889068879 52.2265292407137 1.011720947759935
34.06889278538008 42.95389703565925 1.111399934528267
23.30774723752763 12.78189903021878 0.8977948616109073
20.88803082280235 18.74805207399095 0.9283640854956255
6.476560597064235 38.61215717234283 0.8429584298016211
22.10475494810601 35.25260231236583 1.174428634560977
30.71141021964672 5.492281561015305 1.10302991332959
51.55150584064028 55.4585695245576 1.13603197443518
3.679731805659705 39.88167152967382 0.8669424281824988
56.21490054680729 23.97278057829141 1.002613796942209
37.55012696960481 33.28379330564467 0.9693998237828545
13.82300469876407 9.953723158665804 1.17540155077889
44.18357927733268 20.29956529582831 0.9745180661265783
40.35794690454283 13.67063525257196 1.14863112219866
3.312424857314874 14.06935712418955 0.9328163462514071
26.2710945356037 5.430567277330238 0.9746034344864035
43.48477688873409 20.82260034970129 1.021559134097352
53.96616725249503 50.36778052075197 1.118107825726233
56.60778583940481 34.51629419555715 0.8358154581044891
38.37416837614689 15.71726610917471 0.9839981849325743
34.96999063015449 52.19717307491096 0.7178755915181143
15.49673834419657 17.23686959884915 0.8742390659903492
47.21339245243622 55.8546852752821 1.129681974473655
12.92404237292895 50.07042169155107 1.014174728605824
54.32565217526893 39.19513690853265 0.8676193938713957
49.78314329953079 25.12781770579881 1.015044260012029
39.35701437217975 46.74931055202583 1.154667892425642
24.26560472104028 45.14717199986203 0.852136714125148
48.49926361185464 5.639773097187175 0.991941768877875
0.8369461455554451 29.53542737687725 0.9022432776831881
48.62282412295361 16.33368451629471 1.070779623166651
15.18836976503412 20.67980180060482 1.125123761505878
32.36203383205553 28.11241213796307 1.01689484311011
10.30754901995303 12.2512124344945 0.7901843045708168
13.4981149916994 13.32528627818697 1.107277688803706
20.04729541579601 7.424481451709048 0.9069229134950091
12.60087040280964 2.404309787975769 1.008245758945528
41.36910997301764 21.43939672477515 1.081533780092964
19.24364057613706 32.86837358487229 0.6788702682321237
2.337627773796035 27.91611596751777 0.9153788070485502
52.64350606205105 50.96045189674965 1.095009546595411
32.79666841905409 2.438170222303909 1.107531085466439
6.095604785296882 8.158702224566929 0.7269822336129148
37.8463882053487 40.85813140676269 1.064690814296445
32.09704073848997 51.34450322359078 0.8485862601691571
54.16286036891996 51.41842634995395 1.13862631609419
19.63502288872144 51.33665237265483 0.9020515532375682
15.77604907088729 44.75853552890873 0.988063847528589
36.87250642006868 42.85521889284962 1.076721319516742
13.7713348338247 6.510120223048199 0.8736844376327265
33.17058609061436 1.021135317637182 0.9835482030154939
3.459305539941092 55.02152801957984 1.017204091582408
17.12595673423538 34.00988792675076 1.097129433915726
49.31684816317486 15.05143696537774 0.9518887828804219
39.70277592619079 31.13440405723378 1.252151236988761
25.55283038064504 51.91717295484486 1.113998958003153
31.20228861468019 51.0677253334167 1.135238596125284
32.83355655187441 49.69287502332259 1.191464899071444
18.00394640397464 46.6048914122418 1.036838709780753
3.141787004257453 51.08533226982007 1.035894904225524
46.1504464471482 20.26774373849283 0.8618321313276144
18.2400886780769 45.96323947699891 0.9973965621089095
56.98219975316068 10.55693681470907 1.025807954552345
41.69134089848555 36.29682650850007 0.9435031298064633
19.55061192137683 10.24417125258789 1.126449542753757
4.311896559461903 30.13530525338617 1.015421989174752
40.73123822162451 43.13815739524465 0.9368289894470445
35.83103239202455 26.93306386747075 0.8964146487044637
6.169686132655333 35.03402761185264 1.069829572015444
26.16294603942099 24.2493833663172 0.9795930486320732
47.88104513235439 15.31339248656919 0.9133848964236008
22.3311952042073 5.757215782886937 1.145670282022877
7.939504752838753 22.31339495736798 0.8802683739444512
4.998370583634065 1.005493469538863 0.9118187294585444
48.25100770371547 24.5489825050109 0.9427681119084356
18.30188304106792 15.56156130813135 0.8364092088203711
52.60031239390388 2.033121236149744 1.152185435050888
31.46249369832803 24.767602142304 0.8331309380468954
15.56477870725318 52.57009006038778 1.185085895363531
19.81947340016229 12.44436008410731 0.902940030679142
0.04111720670066644 7.336600478429627 0.7188712051305748
13.09381626131656 39.3601301393286 1.133993759764629
44.68570739481864 29.40796888545526 1.215087333892169
17.2330604834636 41.66312710366358 1.029260731028985
8.03032615223449 35.53494352453153 0.9700209066968253
8.160068350452962 56.16598074378724 1.01022939961181
39.45515821057146 39.62256204878099 1.061387347109254
35.19265208262608 45.49689786438686 0.9894298302852248
39.74766166449881 55.01212548278837 1.018848887513252
5.161091282107444 18.44254222253456 0.8870044159046325
14.72201342122723 49.84679867692608 0.9642051773243665
42.53087665537879 21.26397346298396 1.035586707246063
51.60164376748802 2.763937112299696 0.9061819319771682
6.262608412775494 18.8669453709698 1.041135822825156
8.076196067070679 14.42267678977115 1.118744306531116
54.04523883855214 41.96650897430559 0.9346916980684017
45.55129119546678 32.23789092117822 0.9567234836357089
30.2500163774239 31.40466473410123 1.422634193171659
11.08773170462238 35.59874233864189 0.9534232606955634
54.04128458771915 21.48856146376979 0.917373381764746
9.09562166365591 44.89179566916628 1.117301814535232
9.155769105607536 25.12652996048636 1.010270591963508
54.3904354313344 15.08286967225506 1.302939144955733
21.23465862415482 34.02110826644167 0.9687551056297404
54.55626141259273 29.31085471776819 0.9397255836323029
19.84220899541034 45.48902389476496 1.093108005559668
0.5556964220272826 8.39350016433443 1.089592755253202
36.69245302430003 50.97693116682439 0.7235476055974183
5.42376796827827 47.78018472892241 0.8065545919382956
7.029007689109541 26.61695806664273 1.012758315878109
33.67887747459061 16.12462935276545 0.9272879286091571
10.75112764525745 23.66452284141654 0.9522294698810042
32.3302936280753 8.141563050049154 0.9521516624043257
43.83087909167207 2.982051111283736 1.019295451225627
37.10990174818314 41.38714047772211 1.005225678717681
56.97632797852919 52.13511482446227 1.369187871978795
17.04271064607553 0.532024374013778 1.023529866111552
31.55112763473351 40.22106801309673 0.9366130433183498
31.74655660230041 36.97489560301178 0.8968279974542739
49.1652116138326 38.03026040458598 1.010673410012403
30.93918814786672 25.84408906188052 0.8606884613652218
12.11246467200688 8.378146357544766 1.030764732461449
16.04758047920073 50.85985718567849 1.00804355913935
20.13052833877994 44.24192800058142 1.199761680091187
24.26992895047643 37.17323901139816 0.9916258080239553
17.94286442033149 19.32507998278601 1.19428330443485
11.01961192582716 49.68942102263189 0.9665157963521991
17.30927623496823 20.20601477669832 0.6677635259667488
16.39878108231294 50.35712899098039 1.015614642896072
1.735275321982463 44.15961268505063 0.4613097184463276
22.37110293999831 13.2022151612687 0.9343167579006574
4.77905672219538 34.30367225143298 1.131112540067186
48.3478253629747 24.90958508751801 0.8132618745829879
5.082824072373484 9.319552600066901 0.8991905909715608
43.41629822618156 23.02568849270497 1.079823432720309
15.71510951533686 27.9446081686507 1.000445138388391
39.45677476676962 12.72676059265005 0.9088434378021523
40.67759984437264 36.71907155016394 0.9639601514853711
25.71391456281483 0.07638090014289176 1.088435769960413
28.58762665446271 31.81147586312679 1.005503940578966
40.98555942717267 50.95872959446103 1.028706651847093
13.17174080487887 49.79274777313357 1.187845471710088
8.327303881443713 4.51956616785357 1.032174662037358
20.137320454762 22.78515690648237 0.7469515289612003
39.19245673352501 6.553618680943558 0.9300691274605396
3.989528806409579 4.525954887981506 1.068536978022779
38.78169745848593 43.44630359972189 0.8374082897890428
1.006696225147087 10.98676483844722 1.141257053618368
14.49406469077527 29.5943228796098 1.141503218292428
29.50325574795867 36.7247932789497 0.6972189983742638
23.60467944601769 37.83055965594508 1.124422815802116
10.7034637628605 4.381679901565276 1.123814130359364
7.092169160066251 49.89592049638551 0.9881150618466067
0.4289694472350969 42.51470724470667 0.9783167289518193
1.371130962097613 17.68168495440934 1.056029913675878
18.61200027941354 24.6167643156912 1.039037297701192
10.99345227004655 19.61869650456062 0.8839658472234674
49.21301941071312 21.40176982916974 1.273612158609434
23.96714105222707 15.76607185824126 0.9697287239364469
34.30095645613081 36.73522458399424 1.075011637998474
3.125393254740812 45.00442021899131 0.893174361541089
37.90034068883413 52.05220306806834 1.073721508456651
6.120576974060655 41.63335044851217 0.8158609652081302
24.23123140224779 13.85425765852177 0.9854857917897201
4.673495740477692 42.84323170820402 0.8461230284260108
5.461928186221946 17.07455112835139 1.119559296590723
41.15446497134607 54.67494759693506 0.8884941573856632
13.44101942863363 33.69002251266037 1.054588113214709
4.592002823758872 8.931884565824589 1.030223218400218
45.66710914981883 55.63379674201543 1.06981757577368
26.8973794723383 29.78401360883564 0.7885758139871054
49.43107058314191 34.81324708080536 0.9427403344691979
21.52148257872159 19.57912824981805 1.068828407167327
33.43338590833982 50.83490426691012 1.070458863159131
31.59594568917339 14.90440788255278 1.059760555191279
31.97895903744686 50.65631724878043 0.8673338876427166
34.7328214723304 13.45527999496799 1.076692635016371
41.2875027103757 15.16026479525504 1.074428423500728
18.5568481723577 50.13886186719819 1.186242723314908
8.11079797153864 15.38905548648399 0.9306952604049649
21.20631190352436 29.63228057680292 0.8466149335427002
18.38499455777229 11.40156964464186 1.054715833467802
4.20262461723882 49.98094024694569 0.7934952046875111
30.03881409579833 1.284936538098816 0.9693774827404007
7.360794116910917 7.771635541586035 0.9095355700732087
55.94547646909276 4.885519014152474 0.9357082384172463
15.50864343229152 56.05120190933869 1.038043572017042
18.9317935504633 6.380884645218441 1.186677334457356
24.96558953354396 41.88977848034808 1.028401941695201
0.2788339402893716 13.9802613714618 1.132030225259078
5.708668055342821 35.24701770313411 0.7644800006935446
46.64858734777597 28.55060639211471 0.778073431538958
17.07460283351811 15.95456484842792 1.095399323048869
17.23950141306943 49.6158774036988 1.070498911465437
54.88505249744517 31.97971794613624 0.8242408376894401
52.88173084933391 27.40446196934416 1.130844372058623
21.03476692737768 40.70576732219465 0.988144388323177
24.85633893164636 39.86060143535053 1.169085793363485
3.273166647773779 25.13517287193573 0.9787324716219951
33.07549734277441 50.03077789630311 0.9269344320016503
49.73945094726023 50.15010020283521 1.046892572937467
40.26351713215165 26.22484415780047 0.8590980570038661
27.61041158466153 38.14856960305412 1.001701414421081
34.97909854304935 38.06979906422542 0.9463115466398817
46.62824449670885 30.86082936584057 0.9573443274550513
14.56659666149253 10.70545064271682 0.9521101132039044
50.62957187538481 4.653248602362931 0.8380654996066988
44.51385006425616 41.17539648626717 1.152040325765692
43.6210836524242 41.35471284452579 1.003848711661096
5.543557373128626 26.23272853215818 1.004504739934294
40.03405209725446 55.28300832038885 1.116023989292009
33.27754250135158 2.64634581405965 0.9484482562741227
18.24423897324327 3.887954059470423 0.8782194071289194
33.25296038400985 18.77401396016312 1.165423620096706
0.5186001148627141 22.88120485417601 0.8700110103980566
19.69831179114911 27.17378810056196 1.030785770150315
11.85468856331645 0.600541603099807 1.060633627202448
40.7232514720984 34.93316927875074 1.212910495048672
22.28405673442597 46.26680884522703 0.9442678383956313
54.33750367366593 20.82735964042477 1.180658775462951
26.19507233341927 15.58174262036651 0.8366718906275507
35.03054369754649 0.9682740839050497 0.9666047949997136
28.76400171069615 35.5491438389519 0.7606234470876876
44.5420049873842 0.3936951898009028 0.8432331506231218
28.60028497111066 7.240316751990615 1.241182507612866
7.840858355090422 16.22718217141329 0.9811871844908283
39.82351216199972 49.61679644445739 0.9644338329771021
27.54996569666544 13.79202141277121 1.143664981458939
12.81357245278245 31.71586350757436 0.8606450850203623
32.02937651194137 45.90606295871831 0.7478973037763296
34.44965011088627 10.05992020948786 0.9182040956172344
27.61249683173955 33.15106900928126 1.094709931039784
14.11751119704801 56.21278180285021 1.132818639860284
39.66775533727731 48.23224414290499 1.11978751156814
0.9121766853668618 22.49126749927703 1.089480599361636
46.03803110683245 11.39900625748514 1.052819889230674
6.212162803025992 1.851603533072212 0.9556428495649938
2.214993124927857 41.37945976545078 1.20400684721484
41.7699269390525 23.40574238375097 0.9376785874850916
12.31180531592658 43.2887721836049 0.8952802787594818
26.85922363393904 2.186142358549937 0.9482681479444102
15.90995836579705 20.11492081038417 1.083373102686056
48.61935666511737 30.02746958938775 1.095930088505458
14.71246407679863 1.995457923969002 0.7493694507340956
23.24298654275154 15.62464076216549 0.867491213830363
8.044782152420273 13.52475650353579 0.9751590613158662
18.49103333451368 14.25694495544627 0.9519538276776068
39.57923800292389 17.59135318807855 0.9736110275341185
45.98536283848126 24.3491649154337 1.035260278927026
41.11325709480478 11.00769197382391 1.01797695606124
55.49504327284873 33.6156810734494 0.7856206396167436
53.73060188383358 18.09533629477738 0.9692154492485887
44.43247122803352 16.05830447052526 0.8503925129343249
17.76957606699764 42.54048781774029 0.8713814708101433
23.44109231440401 25.81435821941791 0.8656296137421966
46.53802874849086 22.65054115124538 1.110598713871352
32.03295757250532 35.52339158697212 0.9280879110219223
33.347876498172 31.14817438002125 1.106684697320841
12.33895400554824 17.46113356643409 0.8983817789589859
51.07681466642619 11.63184598350518 1.0785511509038
25.23899891704274 47.80741652371707 0.8017173543304735
6.865720967699644 22.83326097290649 1.015372807877852
14.81640539682303 24.91948336219391 1.088756241347183
10.45997115339151 5.623418498143283 1.232042933053974
1.400339656695882 9.525215474667593 1.067391748725592
23.96681983255167 37.09357292209452 1.098999522377572
7.122183956262742 55.999777405057 1.084455499262703
28.27006440296307 27.36878452839739 0.9444105190253324
9.425974520587351 13.42593073026553 0.940150831604103
25.05777671377071 6.441780697294408 1.023230728659743
51.31020571073061 54.78495899205327 1.154076107948529
26.09541004062417 2.800546122156338 0.7763405375778717
9.515637676471675 36.55538119401567 0.9560927066911654
46.08059666868327 55.97950882044598 0.9498701525377983
52.38762019127031 13.04741650123495 0.9433859047975983
12.04719387974925 51.69004619852176 1.016496342377673
56.63169417047487 27.0770244025984 0.9918547254527851
54.44580895753848 53.08086169980506 1.206339289846873
41.32768930370346 35.64859073779014 1.064547319658006
7.170424982984748 4.203622250912535 1.039172442194712
52.06978322289408 27.78864492140181 0.8542710092767778
30.58919107010085 47.64891619312061 1.191395356016175
0.7205744044485383 39.01315571694316 1.05335650157153
2.848587574366754 17.06574622684426 1.019899620701965
56.46231786509152 14.895781454116 1.251049936560608
51.49154125130342 11.3234598330797 0.9654134967728513
18.06720552550033 51.07519208503663 0.9331905060904457
44.96904862950046 27.87935083353862 0.979460617474235
7.361199238040111 40.03883182585185 1.003230555783444
36.14339389472426 4.92459944073325 0.8963406353767936
11.27034248889906 37.70828742101243 1.062897550353609
9.328753226589763 34.12311897711974 1.01486131693544
12.47013956889051 21.08454562541309 1.071324043637927
19.49522517691144 3.212901542062359 1.012968645249711
36.86156023985779 13.98676640167216 1.043180821162875
1.086342725943002 53.03100711620925 0.8691632563632163
6.12463803269185 8.447541963983113 0.9088026595163463
53.94201969212946 40.27386395180312 1.029119606572948
34.04982058613087 33.08541358685373 1.079227207557348
13.79370098132347 39.92423393294413 1.078653971254629
37.58317010131812 48.45450211989437 1.134150481739591
25.57762109701411 49.96873159006645 1.065564332042869
10.99646892677828 1.794752056614846 1.017321628286397
5.007653598677206 27.27323722898645 1.164473567786048
44.47846053190457 19.54401500036196 1.103306707492019
54.78930222605788 26.28834572028757 0.9858278172394163
48.57142610827993 3.913940258749733 0.9564116232756368
8.706574046382016 31.67790734985746 1.316526309890883
10.91512892251608 42.75639463251289 0.717025969434526
39.03782624799657 11.65972778231824 1.105012418429174
13.01152401138634 19.53641824262981 0.9114256455660105
40.38389719155798 2.916826821824921 0.9110755584947969
43.05981416723682 45.39155079023519 1.308523863287247
7.935565764054454 55.39206707169864 1.255816895219269
26.07869369121208 5.724867990112337 0.7663924768547702
9.63880824886207 2.416300423171511 0.9177609066063924
45.29138479674765 18.34538229524409 1.023158868010513
4.101776901214279 41.85752870974016 1.004675994993513
55.32010603431617 35.17833463529978 1.041108552089164
46.83806241761803 19.42607461261846 0.8975042006637112
56.89435052494255 48.40971352784415 1.020322206483884
15.31632715292104 47.03764770554269 0.9613659963201955
29.79066767626939 45.50639123027511 1.1820149875921
43.89845827543105 46.65461604281078 0.8436739217545031
43.45110145697887 11.57887101433187 1.025638033605183
14.43529197454233 48.08937923707505 0.9845670061126075
51.80263430522877 18.53706887575661 1.128714433577316
53.7154035110564 39.36145852150464 1.026471262436684
30.4806725687723 43.55346592867443 1.004544638280871
34.96317942997589 2.802752828599304 0.9352549300639335
42.77452339826828 38.94101296828175 0.7527293295644981
46.59724178146443 49.55458299888046 1.010285389877686
54.71877088431211 33.49570005689547 1.146070690412358
45.07457107122735 46.51393485745132 1.123466129643808
37.25978199404654 2.069742508730731 1.054019773027204
50.15912174580578 36.91268972210246 1.031696907150917
13.23214281780279 26.1060296395356 0.8309016886770805
8.467488134497538 3.516102603877011 1.013994840288677
53.50101225753362 10.25502124207794 1.155104797203907
13.05777409721994 19.66564906931745 1.28209695915416
13.40520460270588 0.2596438118534367 1.173490865846854
17.25218122929902 10.3537413754285 0.9032382869370672
34.93844822232539 14.97095208706844 0.9021382127855366
56.14082440181674 31.92401250355132 1.132318278222418
6.661582068382568 36.40060636932058 1.138646113858859
31.09568031136677 27.15287673154514 1.037574062899566
28.6843272339014 44.32782315571225 1.114215470143234
25.24057334998649 28.03918981833346 0.8547065437606101
1.792634586707053 38.64577795269237 0.6748430965015735
24.0296431761373 45.5510148860286 0.9890082170320155
32.90287558264233 1.968091371920002 0.9766126565809286
19.11573863593663 2.662791348371092 0.9332200495454012
51.67632951851763 25.7773207043192 1.004169817680334
17.54895821611814 13.15907802905844 1.258973872256782
55.82296123580214 46.23328545001954 0.9412281117941411
35.31588808275568 16.77922565526293 1.085899471471632
42.82886759882275 37.10852266946273 0.9841916579878395
2.678716088495551 35.56053243277619 0.932423370062139
24.4227381560126 6.200683061592599 1.069110850004707
21.65926341743174 29.86475568584388 0.9424249059184916
4.085950183256506 20.48222462669118 0.9222999050978575
15.56409218048867 10.05108380180368 0.9694684431769006
2.335121984283962 15.37235421332175 1.226708483771132
10.65299997136602 15.99089956609108 1.028860323029852
21.66439706630278 9.078003579321319 0.6702290449293999
31.53265033687123 32.79731688359627 1.127758357672043
2.882586322670144 55.95538849288383 1.088522445772532
51.18461471013008 54.8096627545588 1.063981241942404
38.78834656243601 15.84387812756183 1.214491451972614
36.32610275425301 46.77245954972341 0.9876807751874129
47.44714811371972 51.89019496128438 1.100476171566501
47.61940408899421 54.3090444120155 1.127704386709287
56.41548070796555 12.2838011287543 1.006104713391049
36.60585504519094 37.91969832820804 0.8694559012324974
5.331398360119852 39.48844136786109 1.156651644784051
40.68387713827374 22.36895205283954 1.082881932343279
35.19087271354667 34.86849184840381 0.824183014373467
50.71236997596564 47.85303319471564 0.8730085315271685
2.853515968589818 30.03847270367596 1.103779428069366
24.92866763841764 37.44903604288075 1.043440805765633
43.08293420685592 35.19121681302377 1.017076153956219
18.61579792835554 34.13196977094373 1.206909852178786
27.04802300643549 18.03127863632109 1.045153986622202
47.56536011284467 26.02162591834628 1.163922358948141
14.35476929943765 52.89675847296452 1.096194125592697
16.59880812028367 18.41702946527723 1.054508090613912
27.06243624634223 36.77742290113932 0.8048433648264216
27.63045609585496 38.24976470984974 1.174215525019781
50.81327892598383 8.255948787208622 0.7487363350285942
45.70498485663207 17.6333629724725 1.078546599588321
53.93316335088255 32.21755053858158 0.9311134519759088
9.349520309525319 17.42036457332799 1.100381945690511
33.58023991555918 55.76529120922335 0.9764622071927521
24.78691712756963 8.210204843995257 1.120842736269806
20.04235847482568 33.296984413777 0.7455633602688091
21.68554471837615 52.55336508460034 0.9190775429941643
55.81629198594778 0.08179340655067628 0.9604392115453491
38.33155811640041 10.14145015326396 0.7654807324705881
34.70269684246867 12.88198688201699 0.6600403263723569
30.51534985448949 25.81656004200529 1.02559530151622
55.62523223768232 20.88769142138198 0.9111791132910867
38.30805602125267 17.94576121025987 1.055674213569204
6.740043703345602 32.16349156581028 1.047834577858248
40.37369643634823 5.133719686946701 1.214782107759836
7.823945218149547 42.81375737433031 1.034340682881866
4.852626406053373 30.08777963187908 0.8566585606634616
28.8682391144653 3.668918365458454 1.188296568920788
30.1156664207185 11.50113115483016 1.018828890328066
55.33786054809478 7.818363263187168 0.8940072725176482
31.22604493574521 54.89846791787933 0.6587589321583929
53.03781728122281 29.85127714688484 1.154301088954338
37.82602966754978 0.0942153339712952 0.8316523431484766
55.34909981272607 44.56607339743807 1.224958185258613
19.09303420181062 15.63140330958711 1.070795166380057
45.5741807117938 26.91697944650286 1.341119739250708
9.966705455429249 0.233768295605559 0.8639531270017211
20.29650293257856 40.08237190269044 0.9185080776417498
47.90073516587761 36.11801754036826 0.8615172712071621
45.85562069334817 22.12678007508012 1.197775736847136
51.97805724850765 52.80264477096621 1.081459814360836
22.2967765504945 32.80408688951474 0.9740421610611266
20.37016026041012 28.15456700471908 1.080631499116265
4.08633736152497 39.46319448876343 1.062453641914299
9.380173908723599 45.23113099822361 1.045115365938324
46.63693369861549 12.61202738509142 0.9631510904304722
44.71211997592454 4.495623517080966 1.071921331874583
16.93489725139686 8.008622881960413 1.002077280388256
26.64298636263376 35.47873055910632 1.196696985198358
7.78781424220084 15.49860702943923 0.8622495597705578
28.38765474566615 33.50380454980945 1.215874561840163
43.33469789118259 48.75781503261896 1.15191284710947
40.08155329948364 40.6011834035633 1.020725492104055
36.67547281397296 29.71848699809913 1.010453856452386
46.41961595389043 40.92533073803658 1.09552922263964
35.70001441924833 6.354513178744592 0.9646771208051145
35.02430993366256 18.57693995608806 1.138220496261681
1.756740371583374 42.8121241758634 0.9355340872518253
27.61642384976913 34.46759198953751 1.013751479795861
54.94581888846393 8.223368294641082 0.9989914364449981
41.72717284445054 43.49111140868212 0.986805464985607
18.09128861366365 46.38554437243638 1.133540567176294
37.82988618818572 16.99369990778793 1.034726637466501
32.91348148552397 17.50535900215868 1.005979569205327
48.70974987778335 36.1318028332348 1.173771149068601
13.0520229591299 27.409764270489 0.9548354654930306
50.68777410950874 20.51062594564195 1.026864201078684
23.56291653521495 52.44451448109211 1.01280315122209
35.10605553682244 52.75258434878317 1.061922913014205
42.16254226591556 35.26246905432198 0.9234784957163922
21.75358043646141 40.17734657003421 0.695206425479759
16.27525942971709 55.6657270713084 1.079230590464432
15.65942695255365 8.403126137518848 1.01234524912445
14.6105045935188 5.371613858440711 0.8995383388396558
41.50341669167551 50.58184137082745 1.040899953237747
33.73001874179115 26.9897327036549 0.9976598462300257
47.50035864929686 22.13073445862659 1.058531173761949
22.86230727930661 53.8231087708022 0.7822167546920782
30.76228271553399 0.875253516191269 0.8406226216906441
16.42165706186632 15.92482495490686 1.186825313663371
42.81454003873027 0.8913029804319623 1.142581989226282
21.68506156172839 2.089799441904668 0.9700150820734983
20.58807083619203 43.10765073639697 0.9532262437280375
20.12570412462843 5.091487527867541 1.064178038485864
32.08122023152244 35.25731000409336 1.020728477776106
24.27351569117676 22.5815788808193 0.8687113744239593
10.80489571010922 50.1669703406128 0.7764991115645902
24.03249595828005 27.22655277197554 1.007901830764726
53.9961347496119 3.618551507880237 0.8993873959846995
27.59403553912138 53.19107978287669 1.111809760962958
9.996529409660273 39.42307934836628 0.7686920051118412
19.27951857367508 30.1222335342887 0.7252892697817573
34.22632063190747 51.25147209188503 0.953042260596706
42.17736598857556 34.61436509462742 0.9499417278677683
0.7716075101735105 52.19219074593493 1.026972036428851
54.74902392772447 24.80410349499625 0.8782569147904014
27.97432199724685 31.1530112815802 0.9658181474222506
1.747154451323279 32.03584350647211 1.13339708406735
51.93436895726918 54.4894035265266 1.260304833751401
8.338243983377817 4.93089836692945 0.9701119745235993
35.05313190121815 24.427049724584 1.284994149884625
26.5867732114097 5.031088275383733 1.001039437701458
38.42745893794459 40.66985540309449 1.04124268129297
33.7822563814848 39.1990664481181 1.111787853592321
7.003169916571663 1.280789613854508 1.271498263880928
38.37209945282531 34.97749194036121 1.226109544931666
10.01333542029063 37.00614152895572 1.076551381324277
38.86254307854108 45.66773043464298 1.057129442522291
43.15713396116958 20.51076163189056 0.8239011789837427
38.72781040273971 23.06961680951976 0.9374163531763039
47.49666653410377 17.71529742689584 1.104822815643697
21.81203057934159 34.51950336644403 0.8078359400782283
6.719706134274465 2.955850181614911 0.8190926897836985
4.764446296619459 40.50196254230196 1.115177890344648
15.03324279842584 49.15808657284737 1.129694921865804
41.90728205950339 53.40534227779384 0.7510857966099679
36.52459615539973 37.14891390695652 0.9695647980258018
54.34722448389383 18.38713923394081 0.8378721482401215
52.18405126975107 11.97377824968369 0.9770789893828628
30.03050376429712 33.91186164594808 0.7997903850778081
50.69280392336324 25.54006159330721 1.178457375500455
38.87432538013641 15.50483447616214 0.861993051417512
6.358566805421638 41.36387171939196 1.059707984229542
50.28123360978497 48.51348346169735 0.8528385152309055
40.67157000800202 9.897646198001526 0.9744131866568196
4.71981865946195 10.80714846812521 1.23141149581452
47.95606237508174 24.58595363683344 0.9770980011569361
2.631554022259802 16.77270666359584 1.061005957182095
28.74648493982222 7.136199480451737 1.012995362662575
31.72746691141625 6.789879972482976 0.6132135918193402
32.32994156579019 10.16955281382871 0.9742824024774056
40.92510531094163 35.38950649899873 0.911553229749678
45.16877759302444 19.93083626959978 0.8344536848448835
4.888402426563391 38.45001117626671 1.01496357918398
46.76448758447751 52.11588971275645 0.8148968584662803
39.77641276306306 51.48430624393946 1.069376342492417
34.60109555283612 38.36027508106095 1.019760441366949
13.65180719301654 11.70679126899074 1.174081375924077
18.84299077598517 10.90334725794538 1.096143310559412
49.18817210532174 47.13821823622017 0.872023254518361
0.307771023506192 20.24872340366651 1.251448961296138
2.907620143567966 13.88004048768433 1.10090730008899
33.8108767838268 45.66165653740133 1.063262963508134
29.52640891285911 45.25519648858123 0.8479067769006239
40.37108620133768 1.316835838983225 0.8355123116763243
13.77520271473341 46.29412435567664 1.044721829182438
43.17322488509734 45.93307330782203 0.9634456225170062
30.86419882805282 56.82503207811389 0.8939842950376663
20.94342645907003 34.41149626318901 1.161346850334524
9.621073562475422 0.2670445252522102 0.9104646943161009
23.80888510020863 4.289022039756655 0.9697892232613539
52.91362781446131 0.6197618574927384 0.9807775377500101
45.87495834607396 11.49110165307815 1.134751570154742
44.73093319811436 29.24604452086894 0.8976447955066692
51.01005965983963 4.713393735100233 0.7661879033714106
13.072988581412 24.87425846134976 0.9849752207371613
34.91433766247441 46.76174997108139 0.9756533584742457
33.19570851102272 55.85776412154443 1.199846830067076
56.12480864679664 26.10285614202864 0.9396031855882652
52.74562665947975 19.64057657571536 0.7342004032708274
23.92959861547202 26.85371400781614 1.07250291028119
20.17427359063843 16.88027716608731 1.247374375970704
38.29527645758133 41.17931636431223 0.9972391800037954
41.53081979301331 56.83544533412692 1.045943047365444
4.548839042684454 21.39222019277151 0.8683167340594217
3.415137861117319 9.087264829355881 1.202235520139413
55.84901480043727 11.3007818354763 1.135895393552962
37.18723961859347 23.02226100816497 1.018908915704885
49.1251171501936 49.86319056845419 1.062006830995317
55.95262484110548 23.06520334354844 0.9384918872178857
49.91891735136458 32.59197589223831 0.82391756419258
39.76250059612212 45.21266805995845 0.8924655594688289
28.23735194012399 22.93648425998934 1.081372948258464
52.31319577959981 12.76817170659461 0.9157811364867401
48.30905113290486 27.32076863680071 0.9806007772736096
25.02464758373082 51.72418902056486 0.9343441294704865
33.0536645176139 35.25704826659386 1.020465238943722
14.4305027702034 13.24090413620738 0.8680981731336737
14.3878006196524 9.388547066780061 0.8640371595068037
49.42093538838482 54.15030121577452 1.013891537564739
8.2841806310621 25.83856706686251 1.065188183399991
56.99862747732486 3.597376384119213 0.8785358647623658
7.229803775078525 29.91578990636197 1.214262764253121
50.09132568169913 32.25445138535204 1.091389513163328
35.38417232007914 0.6936433914553576 0.6470083354407861
7.756407414449568 49.81467509028254 0.9169967898559749
4.362741742917682 6.487499902717536 0.9378872937959506
2.440143061075426 8.773998964007012 0.9905289783642681
25.60295848669622 12.38087771198753 1.026163770757685
28.29831984327096 18.02389384853835 0.9777273492600047
52.08603706587387 17.81535955882415 0.8375344710199929
51.73810203687199 52.08466451665604 1.16072544543746
17.85522153501176 28.64253974456458 0.7648831564670986
6.260630663605701 10.9465471901682 1.009524621716349
40.4459063645666 39.28116342345307 0.9023854789469129
31.5942529819879 48.20231377901617 1.178651193364202
0.2380304151391752 36.45858025665329 1.037724373864024
52.01630043891086 2.678173476214601 1.043437994250739
21.5879462792482 13.83553768081383 1.033791293073509
5.390255243233524 49.88626612251916 0.787076724806947
18.78580106598595 26.94546859522605 1.052678698080184
32.73679372981973 13.52390307631525 1.068828021403636
46.86874388664437 39.88535462035116 0.9826387405865845
25.79206939078498 53.12937455025007 1.006807191273809
27.02998411423992 34.27780814854326 1.127846756223835
11.97022389106928 1.624237069685122 1.195444944500465
47.15303757933575 25.71815234269861 0.9620829023997897
23.52464263491549 42.16933799170393 0.8103786096092329
35.17871552294991 49.98427209816141 0.9988258315218325
25.59275953638961 40.56897076618344 1.363260184747676
18.18024236298178 49.42779274630723 0.85316934774334
28.37672828667645 8.048986223083448 1.078729223341531
4.178360746790823 26.14504912409235 1.011695371635084
26.85785817162034 31.20834486103074 1.022052752528442
32.83258193071586 28.90297917365235 0.9464547223861117
25.89414446749452 22.98561951005162 0.9819180007044326
4.176008904900406 43.33367299816277 0.8518136063370989
19.00172940688288 29.76876844129002 0.8883632748448413
30.22095950703181 25.39304864843984 0.9924527830683657
9.52860688768728 0.6186191414569594 0.9991656968464041
50.04641188776419 27.99697557557234 1.029654033713375
35.75783547375251 25.35955920133719 1.233130205286769
51.50460835197224 52.02363142465411 0.9320308124307484
14.14454108157407 54.92746562460785 1.1565768403069
26.83044477171751 2.745857928295554 1.045350912450967
12.96274249579885 24.45157628806847 0.9710819974657142
50.46903362333264 56.34065396214866 1.09269933011991
7.451372969174465 12.47076300367283 1.324789311876818
17.34303063123628 2.330381883927799 1.033811634548462
2.747065355417815 26.87163751892356 1.316711538744413
21.35497211448614 55.5300614729198 1.122034367354187
16.27451841080306 15.85958043991569 1.011329323894244
13.78704603798084 27.40540635837494 1.130195770684839
20.39618250466705 40.61749083624105 1.322330267427177
8.069067097766823 25.31590931737605 1.109541196677127
54.4766249980203 1.538100694556767 0.8921239396639892
14.0088636982296 53.765985629878 0.9824107085243785
39.28201470071544 31.35189432946587 0.7506545137475068
16.2907423401674 48.41685921904485 1.099755783191535
35.25533403328403 9.844435211198608 1.130252186613871
37.24984156957355 42.23210118954633 0.9577453459601156
32.65987088096322 10.40110582970134 1.155654369221586
35.71701514707739 16.06765116148985 0.8738749782925113
42.26703867328681 3.373578373516713 1.040362391526148
45.3067438855333 31.85132854937172 1.003096451384005
1.281300029848376 32.70313655943756 1.03763859335678
50.46381747977055 5.79768789596748 1.002915821864414
18.71783507555622 9.75455979339525 0.8321698259184216
46.01554915356243 56.8488365741674 0.8419120792571133
4.282566962895247 21.67542003452565 0.9515339873074815
5.404357986712995 45.96695755094614 0.8427935364200749
38.94124431439733 47.6713966865425 1.027584011683268
6.214557245939298 20.57509573249849 1.024253960364736
48.71603144505808 51.5213011314726 0.6479055890463408
49.31941298363703 20.68825514413801 0.8142779557166219
31.87945929210608 11.03724803265056 1.123543140675693
8.010417114948117 50.04180996866981 1.404072190103207
48.14447215392462 54.02596629505324 0.9473217344177728
18.30063224318467 24.10574428974918 0.9796456639903417
49.1075464711094 0.2418765575820005 1.114597306493769
3.178770000663945 4.724439981265198 0.8785455145782682
33.92818232342982 9.393327246603242 0.7617836317805283
3.91462837807584 20.7259599956339 0.7330322007082772
18.64154521685166 31.139066068986 0.9384785465997639
51.827321213124 21.68719065733589 1.06421777521018
21.99820623313925 25.27013612411457 1.008673715413581
18.31194606624168 41.92566919183623 1.128104048651738
27.0345896431406 11.20259258253621 1.143660879108813
14.34318147615678 55.65334055184076 1.073786819978963
12.84172020938328 6.450727920723486 0.9983489715778594
47.89881031629574 2.073987083544017 1.051331619198974
32.34330116694016 24.82699261318287 0.9562535410132735
21.36879690288044 12.11275157197972 1.073270184562098
46.5210087772091 11.17652826811025 1.202475527756035
32.86371895198884 45.07191603215035 0.9144876430887717
9.618466087904975 26.64491596335774 0.9857745160375382
11.57058512865127 45.11512902337831 0.7397734677398706
39.13300473668287 48.92329343730737 1.084142745941226
47.57663396260544 46.69282515239568 1.018027438593277
2.926914133563132 46.47185104548551 1.084495082709125
48.54583812902953 49.65498750501079 0.9576561337804591
18.65271706304174 3.0131524326341 0.9671153515337688
18.39509516739989 14.66662126205239 1.043772010265767
24.23667501669222 7.916103918066296 1.163961809815306
49.2644339083994 1.706868482151473 0.9768414090421895
35.38230079476828 1.882899969761679 1.094639094289736
29.81331212390834 39.92236960070318 0.9994380853405174
41.57796917184162 11.94631686059121 0.7547556903725788
8.422503073430855 22.42229694753061 1.08147262949687
8.121899240707 11.34941720699399 0.9658435967567313
5.175141656852859 3.439986068960273 0.815029511529798
18.08857303070304 23.82785874643729 0.9769312368437293
35.9517821646071 24.84823366899427 0.9702813113859653
26.05301867847006 3.188457154756625 1.10881919177056
50.49884197045995 25.02877149545996 1.019834092825997
53.60303671732687 28.88114273868554 0.6650431469814246
25.34398291369154 56.72498358912998 0.8499309761212014
7.877190736996565 9.921952058990463 1.084466773863076
28.35102617384448 20.09380349660935 0.8733418439352363
5.145150669452339 36.47292541455148 0.7638920777075263
4.906510940243728 36.61836238699889 1.060634834585366
20.47928470488604 22.99508399748946 0.9942156373908
34.38148141390713 39.39800329804328 0.9075514881008995
51.78065690201738 3.434500065834494 0.9852608336585319
55.33066832755258 36.08530239671715 1.21740469704292
52.5737659845379 51.93370501833675 0.9608671229894696
19.88852615463013 33.31042804909424 0.8664014104355648
22.21042098580413 27.7657168916267 1.068943161253782
10.48857061354843 14.58340625538649 1.188730849341063
53.97552493213468 15.63372128300076 0.9995470534473834
32.67301991892653 55.9628426367244 1.125738632778355
8.037108022736902 53.15230462381258 0.8377855473981123
23.08472783029299 56.33940802157829 0.9376365176066341
50.88133242767366 17.86538470576768 1.018300076723313
45.41037919484562 1.104576361879975 0.9409134419858187
15.55309525064803 40.98414515284083 0.9813901887226775
6.469582549514985 15.92680753484685 1.091688884449666
56.82996843514497 28.68000353531912 1.099076860875562
5.561724944301753 54.18109506656467 1.103364345875369
0.6457547720734751 2.537249876436428 1.028469170386126
30.95599551217444 45.48783626849197 0.9807541375002155
50.66492907873585 38.99310353491134 0.8796087625435834
50.47643269108442 7.724868696054848 1.122850049715257
14.96226365489991 44.35776509221539 0.7568562311556079
23.82555794614626 14.00063257012546 0.9342718282398139
18.84074810419267 39.37865322333698 0.8788686047974659
33.1343637812577 17.49836144572979 1.012265556055371
48.79051056121966 38.69608875210215 1.077501539639349
41.23333862853858 27.49427286185989 0.9488393282231449
44.13835177530458 15.18933411417032 1.120418511088495
54.18243767562436 0.622249969571014 0.8379726666712949
53.42613648736204 47.65887034016609 0.9538774287771222
35.01663540583878 33.93737206744839 0.9456799649958654
29.12457185803194 1.842193351985045 1.034613913670386
41.22084657532202 45.92278233399744 1.034565340603456
5.8443494200913 47.11904015816703 1.040539417628613
52.84720217615701 26.51150636119372 1.108817954800029
54.14854791162002 44.63771271083397 0.9528089280452554
37.0739780441271 49.44093371529176 0.9425611448550957
39.32227725923168 24.21232979288899 1.025141735079347
41.21112709222879 41.95471908149995 0.8018483712217945
32.33040454999097 32.14913170325995 0.7811921119903746
21.07191403725739 38.76438843727316 1.080940641590532
6.670291230394641 14.44905659065072 0.9637979678656263
40.96056295184444 15.56312273515534 0.9859477420296946
47.15520611738563 49.16815803859762 0.6705984745068019
41.60909172734669 9.713404365216105 0.712574870856707
51.44151395440172 49.23935955680877 0.8930775690917405
23.01185197244019 55.4293091513353 0.8966184658402749
55.68373793441976 55.34225652243116 1.307957818162838
14.89350759465876 51.65035489185264 1.206223619227888
13.3681653357894 21.5637988250534 1.026402861909435
24.08129223160506 50.05997443434781 0.8439623524415402
47.34586294756544 14.23649834899069 0.8876053701555844
41.46568248396073 26.83722417374944 1.143358444919265
27.45039444530867 35.90719641181975 1.145722076280418
35.3643209600655 16.12864868628264 0.802932936754475
42.4126122344344 36.26319261606 1.019731966000972
55.0601034448762 48.67594940339958 1.134028012005921
30.00639792904556 28.63854427292875 1.175951122777962
23.2888991382387 36.64789166424791 0.9439927859914459
9.463704348757725 32.38831062074206 1.050561948416771
25.44828502854718 1.776494771138064 0.828927433715071
47.78149492935347 10.67641744840723 1.103701143666394
37.51364162215667 46.96387932308199 0.7513029686847597
11.15437379859126 56.59022532617218 1.170828276784157
15.71887401245482 10.8446767045393 0.9709140897215621
25.78188737471676 24.37116347317172 0.9290309106805761
56.03530493287151 8.535574416413706 0.8684765159927872
10.45004819401076 29.04170283537437 1.136544244374057
16.94160835907869 3.463017827581157 1.22647266733637
13.37766616017449 26.40531270783642 0.8699347109576747
2.95030926165651 4.299613450327708 1.259000499536879
26.58479278142787 50.73180421755268 1.103090392613907
25.97898160432418 52.4896725474343 0.9207768334713987
36.06215695574049 37.13335540291544 0.8225561634212063
15.338898103842 52.43393753628896 0.9814754486788466
35.16993533269034 25.8143691019222 1.075671886880444
34.3499435448786 24.6580845474536 0.8104374555579412
6.246943074393525 14.52406223422106 0.9911861096302547
17.98708006180221 14.76552520355467 0.9550097426177385
49.59386414130864 53.83840853666813 1.064166629207998
1.138021960453141 9.158615995272349 1.029552686056991
46.27597759397513 16.11405288573077 1.057842275194399
52.38831460121475 6.683623280228871 0.8320483815697661
38.81327198297404 22.04036473624425 1.034311620374039
17.47430227253321 52.65233047243782 0.9852631619966029
22.96653918873823 31.68233862597604 0.9740197342616069
56.34042317342964 36.10451378585049 1.001251442375901
14.84054494129519 0.7282822168098214 1.011241853862758
15.49380742036449 51.88692933408866 0.9319223524968615
29.66603353976553 55.06763066075166 1.019910085395293
7.226246629481318 36.70708030448625 1.163589753613818
46.91810841249214 5.483140257412168 1.11366318495655
8.205457099343397 21.61546279751484 1.068149542683096
12.39071878715917 25.68785223909088 1.037263102073327
21.340182684986 41.7341720996118 0.734320443870661
4.54735965912573 51.19775339644298 0.9727834482460517
30.30226715575078 56.89119977452383 1.014984513379646
4.616065022822499 32.5953323485308 0.7552544661144753
27.48226165607677 5.384858290844066 1.123065891292253
18.17750310393865 17.91336436658789 0.8920699586677961
54.62044467107413 26.10702217701218 1.268022514919565
30.88688999083214 49.58248412077431 0.7902907003141538
39.93283817168923 35.83431309547011 0.9876653841279436
35.3045436028878 52.32355695884841 0.7763085883270618
38.80634858683047 29.73593765112382 0.7191681582315635
20.06010138944728 23.85700336697372 1.123599687714465
23.74820311495485 38.2397855065017 1.028967138046372
25.95770089372886 56.46702789257608 0.9681326615411004
14.35332691639351 41.04079997448288 0.9160129305499211
44.93091078704731 11.97377156092495 0.931652367923441
4.556255655156567 37.77667814762177 0.8704501044656254
32.50688155670971 44.4890938268458 0.883675205568647
39.81265075915151 21.13315655111017 0.9218147016856701
7.883601620273479 8.001228724606907 1.055913860034062
37.73716637573073 10.05560593356174 1.056853099763803
13.54695357407767 14.36088683286723 1.022724952609098
52.60067233936893 29.37567539903134 0.9351929861555357
36.7621845816086 53.95033028905761 1.22142871155478
16.47749131614226 40.16896486523047 0.9546750324755227
25.65487068642623 4.408402076646873 1.028841713631746
23.22620282798363 56.69899208131199 1.093376107773982
16.57937095900037 55.73308438469333 1.055443427831746
9.544509491205453 27.00073664076661 1.1854443700321
54.32351872665971 17.42811113802162 1.171844621565903
7.118061318582884 15.73913174110424 1.070631907108495
54.37462923087861 20.66501489266055 0.9577134941953451
0.9601715816930736 25.70069088679771 1.002441918177441
30.16827908212705 37.72235616330167 1.030256830098384
22.33642687524502 39.12851246545488 0.9935609047598669
39.15288186965179 47.99129758821395 1.070604317155579
26.79399039959255 9.763117343542687 1.183185129531767
33.99461035057652 43.37336135859292 0.9518016755389667
19.56372350759978 18.04071121944148 0.8682370458533493
48.18343287295821 16.88724223425949 0.9045625560198023
4.206265478490976 42.58688367604599 1.287343855155872
41.92453000597867 1.580894682826891 0.9592798706245367
2.373498392465291 7.212070150399613 0.9327706702642767
40.72523946674784 32.54177747459234 0.9617755891499296
31.52569450555634 10.27085316240362 1.028394669266557
45.50477308151535 13.67857634866544 1.006441145758381
47.97419464447265 28.05614112366743 0.9504634577380641
41.80480496715978 24.96880496850647 1.066917983031555
46.15150120069809 33.99322598986012 0.9568107413471402
11.34171786175189 37.33493404711361 1.148395206368722
56.66762841198017 38.64932246396752 1.028997895036474
6.469410818288759 2.04112677790277 1.063393389356079
34.5829042524951 33.79581890152573 1.058872324701749
53.57091090109707 9.108598731508758 1.09696454091777
22.78717510671689 45.32882281454691 1.111185205488046
17.11737152660143 13.76136972464685 1.057360868118275
52.22318316261433 27.88167586730871 1.25354081741665
7.807692357249414 6.564900997823524 0.9937145843276874
56.77489425743692 28.7728651122995 1.011360301628978
6.181804438206276 56.4425226428744 0.9293044052680834
1.483649394234479 56.28358016409147 0.9193615330482423
2.845865541531642 36.06655367327228 1.022070992737774
45.17515240478104 20.14607107646115 1.003620471122176
41.49246037215575 10.96232748495523 0.7652443236023383
3.532008365975697 6.453871876212709 0.7564632182515161
55.67432419661169 55.75519152859002 0.8810254261151529
5.320092526413544 42.55215765794374 1.03153248829674
8.170177082144738 1.695533743452064 0.8695962646321012
7.38759395591337 40.89058640547589 1.011652160698009
19.12211955251271 8.871243350147848 0.8895897229866978
44.93779702342012 16.25356555555647 1.197327774120595
21.38476153667306 33.11294942820116 0.8977791297636267
44.07527691315639 44.87453052302568 1.035694454804544
7.487053781043297 11.79897412275848 0.915575147344053
18.25284599897119 11.40871246923167 0.9238593799663863
9.774253675609014 52.5883937690353 0.8542495194073469
38.14055140043634 26.06090607869481 0.8846526718656704
16.78987994547462 38.42965120516236 1.153167748609453
44.90055547463734 41.39357134764715 1.044958184592676
31.14886518015939 7.02267500060735 0.9567766570970659
28.9906601211944 38.20261172121512 1.066357491243456
30.57659725219784 50.37542165786746 0.9076523145607187
56.25264354015358 1.39083803602999 0.9292854330285791
54.85076440724114 6.739697321196877 0.913819560554192
17.75875949475856 31.44265815775965 0.9263494300244336
21.9938651490928 27.53301317036758 1.245902163038741
42.62735939893283 8.171603274145911 0.9682713752902765
8.945500197794987 2.417239317864757 1.073870951283638
49.67551814563364 34.5018099539456 1.092527347566405
27.34504893717591 23.82438329925034 0.8933479117345369
38.14741502243439 13.51514507574734 1.176053804085411
1.812475329643337 11.72401224808954 0.9525321193927807
21.70024613230501 6.143210220682998 0.9170904442288232
17.51887451508961 19.55101051300345 1.02800490425007
30.13616319286458 30.64166703663844 0.8019840549921835
5.151344805095039 52.13002834195738 1.0063166789
35.01462246105756 43.80203960593884 0.953126921529834
40.3540000060359 43.96012265885255 1.014619304524552
29.91160024838131 38.89479704289455 1.178005659595204
7.457064439289767 0.2566491590145273 1.165870275336179
5.496694469590063 22.67898812362877 0.9176025271313246
55.59060761266882 12.38726117666218 0.8577275217666664
18.53047139734517 56.32589911777801 1.178630747690552
39.84186425797728 31.41337896576774 0.7991175266387902
5.055045975863489 35.18593059675113 1.019860322720233
8.108055766256552 6.229726182869508 1.07330946399846
50.03176578880836 50.72232730813433 0.9090985123379789
30.08280088616666 39.25104471261196 0.9219052900457252
21.14584172896382 31.13464623276826 0.985234404700267
3.251050267019798 26.8650220711087 0.8049384528853936
13.73161740914528 28.61289009620105 0.7603677531349642
46.7965512111767 12.3222250218141 1.001955685501974
32.61307876678793 2.5306226436657 1.236023932318505
27.92947490510041 15.45494299822252 0.9685117219568912
28.43297044906438 38.99904761183963 1.006225399980973
36.14999124042224 36.54102624186363 1.07322613172971
22.66370446917773 38.26053958351749 1.067985444406319
40.24064585065499 52.74650535534439 0.8872410745180367
55.74090648989235 41.65742599855057 0.9582626876929347
38.05287385035906 1.991956730369458 0.707216311190995
32.78195954662839 15.90607100255139 0.7843783966790538
37.57629050061865 16.78211079294892 0.9097980272488879
19.31273343661462 15.4391216684315 1.094320197920873
28.64431226562909 53.25673507259075 1.090830594778604
36.6183089300144 23.48455642605413 1.025511467540605
42.0714921215882 2.282013372649445 0.9856085026728651
55.02851875453653 25.25668025261568 0.8927592750741821
32.23036556329129 53.76942521788619 0.931890790289141
55.76138194825565 21.43655432082552 0.91681077417157
17.452308837535 24.87090173963034 1.01485928524828
40.77697274218173 27.26691030024872 1.012436563479756
10.01637915056962 28.28661953205551 1.016740576782744
43.72574120048701 12.10059178019901 1.241408728787606
25.58584763323229 3.128923512589616 1.237139989994727
51.07819682409903 32.07128270020303 0.9772835480853135
9.065727132403165 49.10671555209287 0.9339818565731755
54.57933208280212 44.63752266514931 1.062829712995475
31.67862352481048 15.03164089379443 0.9260943599529644
8.265909251415129 53.28539714696137 0.834257754246909
48.63615359814658 18.28228840198474 1.227290540653669
47.61140098916898 11.2977578529612 0.7514794502419448
44.19302491945821 16.19724862240127 0.8414781502341053
48.16708283925759 47.36506560415265 0.9128547031695762
53.86236767045332 42.24527963681393 0.8881678017117818
34.35199516236409 22.76431125717438 0.9699577199151803
47.22418747200825 23.22813587925776 1.18100974131095
10.86565851786437 7.685003959427124 1.050032065782415
2.835160395519417 23.37408292264402 0.8175384390503604
19.65948006960539 20.69040085547157 1.005812358442239
29.38335804891929 44.23149672207958 0.9725136387142282
55.52925457504077 39.97585888764628 1.078474760587096
36.19200766048953 12.95593594059159 1.245720621378431
46.59595215162074 22.92708206825288 0.7028564532548768
15.7591207249831 12.03230042943372 1.136713173391525
34.79661168660811 19.07936431657493 1.002246869332848
16.33925174006226 10.80299212122475 0.9918516575516598
18.48799608065188 9.718044240362032 0.8639911508278549
50.57899320711335 47.54224333797686 0.8338706692360822
11.23264416690573 50.20247196275856 0.9163897236171336
0.4699699457129324 7.015478135093804 1.028449254728233
11.9551604613453 29.33809532473706 1.025183529528187
48.62012515571906 38.01987485914486 1.018045856827818
3.94695690085504 18.61105713788935 0.9523633592007109
50.24837771023083 32.80213377196441 0.9948711073687219
51.88149808853935 28.06142473875611 0.8108798615718407
38.84798149152099 1.764381880296572 1.053457185508847
47.87822091014973 32.30154003449788 0.955286462039204
5.083801400886756 2.110865050512769 0.8823353578116243
9.126343212149266 38.70124294501787 0.9846370457995868
4.55299589389609 56.11768026143204 0.7666807234766699
28.45577555962641 22.71060668244521 1.050401698000782
54.52803121438624 31.30771197253266 0.9023747310657669
25.22005104376937 29.15861994920234 1.023638530903282
32.70236682132928 7.068032508747668 1.269466762732911
7.404010080920537 42.40542797670021 1.264478464489786
22.81402996872274 55.28223099107026 0.9857394691269267
0.3930960150403418 43.21097995536913 0.7443998931510634
33.45160274275187 9.519439227189608 1.247051081818973
8.637119462078958 56.00270442711315 0.9067436454471129
54.51275499188935 37.09289502170537 1.097159045030634
11.40060696769534 25.63999504625797 0.9719895415422275
53.51577432151687 4.319376051574655 1.120559207041119
8.960318134147823 48.03510776350047 0.7010888415840226
2.951516104839517 41.6626849554771 1.011382252527163
15.63138674694644 5.50715032662598 1.056340617762128
19.27994588449595 38.44541671566918 1.024899044959819
9.343248058735973 4.182477332736588 0.9275035877937998
23.19789379797778 42.79485082803054 1.07997620142278
23.79944943813581 22.33903604854785 0.9396487781444455
47.11282107239255 21.31220443002517 0.8728575190172339
37.46612720166618 12.86876490473224 0.8947056474806557
18.15191408952322 3.28118389485459 0.9812348305379771
51.31629165835506 46.61317719175162 1.205013511565952
11.77491717914814 49.4194319306032 0.9274173473439079
54.92658225722917 42.767641010586 0.6673606184788758
8.851720615221057 1.715963548382727 0.7867371174632847
5.898440881119315 45.95244867771513 0.8810978678421182
3.989819501987574 19.60035744104551 0.9764491669735708
41.93939348959336 27.17538639538706 1.283729750371043
49.10147337014855 44.37132455984658 0.8893942838117032
1.203862571252446 19.46764572591877 1.057944470912282
21.32322885809617 19.35577666077566 0.8649705433381005
46.46800891098939 17.06512127912842 0.9621460764867193
54.59806711021721 1.242926090137533 0.9454236552661071
28.64923001623211 7.411135440418094 0.8600269359973772
6.853403193807883 37.50095065799586 1.009204122804885
55.69591935849559 15.02553986992014 0.8390637980595387
18.56040669817497 2.685738833940466 1.039815220197838
30.47500777406385 19.565290800559 1.008992523013938
25.79835841655655 22.57648114421241 0.8520772416392064
27.2675226667279 52.35417398221519 1.018388662481782
27.496254565891 50.01635231404396 0.9814780633713136
10.08147359317237 0.9371309843552909 0.9596012561913462
18.20718956701792 19.56602677636129 1.151390811810509
26.97716221677939 28.87629638792775 0.9465813878856679
27.3573702147032 36.10426120558021 0.9947877178475972
51.12980107550035 20.04466113310524 0.9424477512700509
28.73902838059656 28.75569838646599 0.9697880878172835
48.32098918702499 44.46599157083127 0.9886991169340754
24.79051729887282 55.25760452088788 0.9682835377655467
51.17563635212166 33.89433696535152 0.8825137271901116
15.54974346586957 54.51470025280243 0.9839757182689394
55.45183123715773 12.06578998270714 1.124889376426259
45.19724383540323 20.4747244047349 1.00542429401691
51.27866725776283 50.83527520105023 1.145080811660217
55.33286935385916 45.40846833326317 0.9794221592600342
17.16416669318647 32.54756946188751 0.7893362793848252
29.28593386257344 8.485155853668767 1.058401192256287
6.742760348013956 15.27942949127379 0.9806220905269044
52.89791355789542 13.14084274747448 1.130659302861794
47.03517971282601 53.36256413551167 1.065512875244973
44.58825010973413 40.89378015505792 1.181011360803619
52.95957013776506 10.19102497687145 0.9190032367414438
6.514805698541368 54.88177970372223 1.047694345573982
27.16135948438261 19.6440982868169 0.9945369376739333
49.70110169225423 25.49422881169907 0.985947181256808
39.12860746175451 24.85206038218553 1.103006226226857
33.7018891403926 2.142168441387903 1.19561818700652
17.42159795920439 17.82642504844182 0.8923783687240915
53.58549223588104 55.23441862884649 1.050820507968202
51.59698273781547 52.48822504165034 0.9307634116058613
27.51445205067957 16.59076387928369 0.8875087388742287
26.78178885615514 45.04311206054087 1.22445320530928
21.35580186562417 52.1472199117519 1.071559652634453
14.79131817202611 36.61004021745643 1.055085647307735
17.01139013516316 22.84388476556348 0.8999334930756545
48.06061805228732 25.31968562599257 1.092327612824588
37.42957703696079 24.76250716613722 0.9240009660290519
8.207156628001089 44.88345205312756 0.9969819312537359
20.18451360249171 4.792648837339435 0.9939654771436133
48.41332075950378 37.71485336670413 1.212297088977334
23.57271354951557 18.92777281018336 0.9356195780424993
50.14413197205594 6.75759683770947 1.202829320647286
19.23462596080947 37.05307049725813 1.010717170782014
16.66311068817187 15.28614832287941 1.051927715795077
56.86982889839906 2.85418885240992 1.160720597815318
28.17387450494518 8.293241988072751 0.9947365006270089
15.69295406373821 55.63572859886835 0.9571642748270199
43.51918062545321 30.83584414461434 0.8337871526108328
28.69275952907873 29.63705125434187 0.9883275127738422
10.3519045945033 25.49304620199513 0.9630386234017165
39.03385309876588 7.657521813948416 0.6873440277535541
31.74492788954867 23.73819805902345 1.161088972628653
31.19324490856065 50.97955387690084 1.003835139041318
28.00549798319372 20.45437921791076 0.9021062834535118
44.75415144569899 27.87532688159278 0.7955424571017191
18.80577377919376 51.48244257526586 0.9176050078805619
23.9110584114264 34.49872786947467 1.03428633516804
1.398838534671272 36.63735174650203 1.122263330077567
8.398233071620684 30.0915980902927 0.9513276237932663
50.19767837887522 19.6263075688045 0.9485323612519253
35.81161192609538 32.23153145109841 0.8362043858358056
56.66717952194958 2.028757272301594 0.9895674005436427
33.14387607208634 30.86042440396754 1.026068445162365
3.328427500244429 24.01380910585346 1.075741862810141
0.3895237931932899 48.08257894594342 0.9780020851166855
6.700395316211691 13.69490976664001 1.107147452817913
18.18053443877983 30.61145372763809 0.9498046179963644
8.173842654644439 49.59247617078595 1.057468330023044
47.93605733287337 16.57207572626512 0.7683547890480862
19.83676787597908 5.702253376460752 0.970455469089993
48.11328403796688 47.12059728527469 1.094045677742339
49.14935455757629 48.25180748815266 0.9346765617608693
21.6408879373413 45.15766568023603 0.6260844233205761
12.1714747595468 28.57647588317118 0.9668467976507961
16.05189435698646 7.060610746993036 0.9761106113765347
20.75552051363304 13.45510218546498 1.098814981374606
53.36374342737894 11.94915812320502 0.8968174373267401
4.541634267448277 15.68986510470969 0.9838688324446967
21.1096618082885 27.22570852852692 1.098884318358848
43.1074611153954 35.73709328786335 0.9361081611571243
53.70255663511463 34.22074515336228 0.8143296597513563
25.00120866019335 18.00704507762894 0.9706043834007785
3.062295486248236 46.64209659753465 1.015437829692627
14.61141200857768 18.33618551741177 0.8745808132464834
2.825723406311927 30.66330636556414 1.064418909075101
53.41559606530499 46.15231677803784 0.9924848567282383
11.55539336500475 49.77933946614123 1.001355199660396
54.31692552162191 5.643109142148452 0.9952452918942022
51.99906624155076 18.42658730336772 0.830333577994212
9.426890562021589 18.97627878607078 1.042114547796638
46.63648494129837 6.129447170593519 0.9825118633514922
17.93993519523178 21.19823257308371 1.033208577294027
33.50122056552266 21.00223068148001 1.077421105467955
52.25147825770615 25.45174117919604 0.8775533180830828
1.002116787714007 55.07720166401807 0.9966608595472487
53.17749284355784 52.53064361006517 1.043887056907844
15.55122980361396 7.732886182019899 0.9144416832360234
44.04208731886096 42.62690854474292 1.121397653684516
22.29581384700528 39.04115356041172 0.9565119181731196
17.14091027720874 39.57703010205972 1.062079372278086
19.60983358072575 13.3379341900991 1.01033490505759
34.5361667897255 31.5724261289334 1.030344519625961
1.551999457437545 45.37649596034386 0.8946129954119676
51.88067937916176 12.9432846577574 0.8833885036627442
41.63938726561116 48.05817219617691 1.132809544839388
39.4108198356865 39.13913559454453 0.8919903440154686
24.87429920438412 43.46431568379715 0.8294963446362685
56.94470209392938 54.44467738943392 1.14048222867599
0.3918744672051978 19.55453564811243 0.9373568395482105
33.69527430305968 44.27386358532769 1.003583297858755
55.45978162319389 47.5235114160569 0.886562507408499
44.34434210711361 40.18969149710131 1.088360664422713
8.724635606037749 4.187663854652859 1.155774263175367
43.32679944919739 50.89713637200051 0.9803478856843835
34.59977109897871 23.63056653487988 1.060272864191772
21.0752439243138 12.10385523089387 0.8325971549167619
54.09900881447783 31.85785550384682 1.174413848998437
55.85961717314069 53.87190814962234 0.8800481428702149
27.87630500638685 54.31939876979189 1.02332337389306
47.65985974560486 47.86221561295083 1.196089296868795
17.54436779001 32.05849286450934 0.891499208984015
9.076373751776467 41.27102152922704 0.9152842022039578
2.663030949264313 52.40317320097385 1.201770480997582
19.03373973585374 46.88013863837353 1.153539634278597
14.80727518806573 40.10898366016754 0.8897367614541426
9.109597214548661 35.14347298403433 0.9064390550260449
53.15337055183638 7.969214361146657 0.7405363944009351
5.288613130938547 19.41080061970781 1.204037416874466
54.42031831034474 52.9484728765434 0.9260806051545437
28.00696571451005 13.07595616070365 0.9004583403141364
19.85339599747834 43.2551500761207 1.040147624408277
27.52617157880504 27.26656264405072 0.6360052183577019
24.33294292368597 5.694329453489897 1.048303014564345
52.57446809186342 22.33663985381678 0.9318647658545534
26.47566629316456 54.55846193458813 1.198768110077694
10.10939101227996 43.352521070909 1.08819854255351
19.58597838812786 6.262761564116349 1.028111219067102
14.01216011494964 27.71275540614163 1.001792492602894
52.55882141299491 24.2851763476083 0.9315735848442463
37.36113250831195 5.530837477432023 1.196609170183488
9.820937177082961 4.96466417655566 1.213751795415736
32.23122682060638 1.793550123830116 1.144012075334997
43.04143823592059 39.76059148635743 1.083178959684059
5.097231313631512 14.63589907653439 1.136990279660132
36.17436820928676 39.34015514344915 0.7469114939565562
52.54652078568308 20.01441161987112 0.9277623984298511
13.26574239054031 25.83895788147997 0.9618465792859056
53.5517132876216 15.18358156931753 0.7229183749942355
51.56307885309825 39.22915476757528 1.081132732611298
44.7599922450073 48.57030587390545 1.242846953237507
36.88887551142316 22.22059944515144 0.8066247603965545
24.01414956898156 14.95885283917135 1.004927848485728
51.88069379184427 12.17438235235139 1.326808750005618
39.31808022238225 25.88868596259909 0.8700404192636704
22.03288654472348 8.010756410197708 0.9093968139558537
28.02516803006882 0.8188112218951858 1.133185004219248
43.41836518534383 47.64992818639145 1.247808997492315
5.833509729166287 22.65979255394069 0.9912870720644226
22.19923318745533 44.58287842598878 1.16600517627383
32.17982485107138 8.070598903144989 1.212706155486185
46.59298167917551 56.19397444659563 1.201177852475443
11.36835677240433 19.60421088272902 0.9151702885034957
41.45160052341018 38.1786382278328 0.9798526300960692
7.067324163889197 17.38622475060924 1.101596108631535
31.78043715599013 51.62039304832946 0.9319069301744048
52.43920427022465 21.38399723981693 1.01713466060147
50.45553334590771 23.53591799760979 0.9804970172394334
43.87192150106277 43.77971444035867 1.177285000768423
36.51253427961493 23.02510577441431 0.8411268098135403
31.09570470410199 10.84557546668014 0.9314943391217686
10.88633355073926 54.12515647296102 0.9747892371863801
16.72936732914735 36.77085143456741 1.096152395347919
3.433328550976388 12.08270553503312 1.306737013483145
5.121045736652355 7.434562340115459 1.043572514197356
38.12657446932354 0.5602500068770023 1.38524972468645
24.09616800448679 33.17263523962937 1.039818526436872
30.87115086376255 13.29187852949457 0.9857502568562834
0.07159294331054807 39.23847839293931 0.965857009641472
40.76817813923963 21.32418675735788 0.9612725864154942
32.16976222403802 4.817171047822186 1.063704961621661
11.98903926321726 27.48901310865256 1.067873537696377
7.259864516677272 30.50518992194216 0.5561818521876095
40.80111215394042 10.80039667049441 0.8779472668181026
46.12136598030169 46.1268884000028 1.100221702637685
20.70460477969824 27.24794042308253 1.031046151497238
1.830048211771086 13.78330638482389 1.026858024064421
25.69579957271731 32.70119907553364 0.9753264357510576
50.44427144035896 27.1467778841717 0.5507676745004287
10.66022205243829 34.21244957959859 0.9673444923884633
9.408230597343403 4.065371659614785 1.138278001036113
51.12973997422016 36.48009196830917 0.9501647845245553
9.98528189025134 16.58489040591982 1.007874581294046
12.19000116139185 50.99112455360178 0.9443871690303005
40.11801292706188 50.55953762520083 1.002771439506773
28.55930756477607 29.80515133394168 1.027175622201034
43.58845771876558 11.77850153100607 1.209750860059276
6.090554825538097 13.66364263308404 1.075622051159749
33.74727584549564 32.28138515878533 1.041633264678308
55.45152681900725 25.82360821535048 1.13664788064341
44.33984935811714 5.672758126944657 1.008806721409217
51.44145643638515 54.32513124836848 0.8812265851139141
48.31625577542756 52.11258140490976 0.9660962590472868
7.942824712927838 31.43426870248945 1.070178565505378
4.239420009888438 31.75482096185667 1.150599195114349
9.891488027708366 47.82787772865402 0.8979454978265876
4.491520361738056 26.73356768336779 1.122561391210654
15.51686911914352 45.3019409055365 1.121245074450012
20.58332603777914 19.04556171877569 0.9538358393475384
18.08775317998964 19.50543803558938 1.159180758448816
12.55728998107709 14.24516846670078 0.9869668843813151
53.64949120844225 6.998746417462242 0.9208188573072753
13.63020398869654 2.886555463954134 0.8602592991081008
14.01972111967379 21.57302870162438 0.930817096541247
1.075160952785593 38.56024417633202 1.01560365087168
34.44666111164105 10.96664898049396 0.7027371330439289
26.94869186028312 33.8796422401814 1.035107058412633
47.71355128787157 42.46556097942663 0.8377372743912143
34.7297059440658 42.76490918349703 0.9403665153826087
30.35314793295839 52.81745912405544 0.9031092171694677
14.50363548170013 40.4436833343672 1.138850812908635
24.82638361762575 26.07393519676939 1.012547470949251
28.96049066072353 16.37054419534772 0.9670463364446764
3.029616307946675 6.281314800624417 0.9289790041599129
44.84155897695643 53.50904543023047 0.97252458519385
15.07142626776892 17.22968082885709 1.141312232058551
51.10932309558118 8.202580269520441 0.8849133659005544
27.48567908093598 16.29090618821369 0.9116642335198923
2.055815345168028 49.86331439011884 0.9658949123065698
1.032844095971828 7.326162564254441 1.035243897479575
25.15379976441795 7.625416886818324 1.046673250139764
28.27071958280668 49.9801833820437 1.125191931279475
31.4367709618233 5.659842717768552 1.30681302878561
46.99208685382832 34.46638726976997 0.9344559703220003
38.57116455704494 56.7827164953494 0.9441859734857485
5.563516576105504 53.64259082481386 0.899910501704466
38.6627089263232 11.12172039324498 0.7889310674864568
31.2551258538175 9.148387980716484 1.128719518943961
14.36377300571826 29.46844195316939 0.993713705556065
43.6286067010968 15.39661710169009 1.173015447970503
3.223653350129562 4.948404255299086 1.173942691888542
44.37580499303332 31.49437295947893 0.9863869086437074
5.115915591416841 29.36535857262339 1.048455540627276
26.73499979438959 52.10800244524516 1.046156252201075
4.162473564577509 45.4029103994383 0.9017187558814026
38.45887380813196 9.725990140683013 0.7632754014998648
9.592991499040737 7.033661552254884 1.211368752026013
32.85659807820646 37.0056181070421 1.062121762707525
5.616988185614808 46.26866455109262 0.9257937257182363
24.17794864400194 8.84064153574437 0.9883901956152101
40.33501449522331 49.1456564171918 1.015563371319876
32.6289106871136 45.45093008664014 0.9426935835337328
40.55893250534261 28.34276080566587 0.9846758373356592
41.04006782082844 44.72140609646281 0.8962676873211379
54.44739623714583 1.791172349728259 0.7968185556856348
20.97021273475616 30.2259319621259 1.211303242422943
37.25959351438079 1.355980525424695 0.6926914903585843
10.5688223142963 38.05854737761363 0.9476806476704804
25.48610791540058 54.19333979496422 1.12420091058898
9.31154687251502 49.66405655940252 1.027925300128422
34.81992591257204 17.18528703282833 1.08087892413002
39.21063133851189 18.37885839137196 0.9475091491501418
6.100264461292077 5.273719017055686 1.17027347869108
45.74964076175803 3.547660698437905 0.9987090676855239
33.77359266056381 32.56427384054487 0.9985265677051731
40.28305770376839 14.0331861484019 1.117004217913122
52.09173355255822 25.49660594877629 1.028373122158619
13.89476236602979 20.57784144141611 0.8012598196821067
13.24189800081863 28.7239270744491 0.7818740670038706
26.73492491745154 17.45970817071372 0.8782011626664413
54.30642902772242 52.91284878641034 0.7918878855048761
39.5944840198357 36.5170603662343 0.9942405960120811
2.767759472489245 20.39197163907437 0.7832100684694827
33.3962508488429 48.51740023424728 1.217345093610255
1.237253677676084 0.713224971533392 0.9171338726324858
16.02541605617172 41.52031140798717 1.073285979514537
35.37219142605187 9.838144672493518 0.9530000596330188
18.44227634437488 49.26695379208166 1.230248961704432
15.47326303062647 43.65788411472825 1.03492289878143
12.8561491360218 42.2081879746207 1.010098107388063
7.617384935085376 1.4240212866217 0.8994655248643435
26.86192079627045 47.21186895492108 1.160157817659283
18.3344007601656 40.70884112534525 1.119496403479312
4.545599613127112 51.7306516355512 0.9985302261016096
35.19179385117804 33.46349503726861 1.370850080176466
29.19845694871547 51.21720990734976 1.13963939803827
44.16288030294836 53.35599784476496 0.9049214967525798
53.78301276768698 5.605156620780544 0.9859796890049293
46.73737873543863 4.096214640930395 1.184526437993329
13.85688296978217 2.593527844917741 0.9250823953983361
33.54259988132054 53.92178755063647 1.12672652663888
19.39849651530315 3.404520677590985 0.9739285609835169
41.0484192935044 49.10374826477084 1.018177322149356
0.1987088481889613 16.27466062655424 1.170713402531133
49.73815566382285 49.7874371641257 0.80400310922997
29.60771258017407 10.72196208253594 0.8235371544210643
7.07795990075821 33.51531797392076 1.123850761533587
22.37574947736028 52.70091153760483 1.100783841079312
35.54567502743829 48.24925593903719 0.9210212817253446
43.02331634472279 54.94417154274144 1.008406938558215
55.28374971090059 39.21192526827191 1.117474697071765
35.62503003637541 39.3321689778623 1.275619074433734
55.60682960441654 51.90465372191027 1.105964089927448
14.21424155738868 48.3449852416967 1.088573340777859
2.066947297689946 24.42439606572706 1.093603437833556
3.592546967599796 9.144907224990851 0.9959270411918886
4.845818736052988 4.654030842079796 0.9556615107966357
38.08142465775899 4.642944914588213 1.089927170456609
50.74447373521723 0.7709056151895345 0.9767675238428879
44.03733665451283 36.76779005339732 1.154499907915666
36.33099582015117 52.21871201937027 0.9311587030949554
24.37353174498935 34.93782539802502 1.067469606474106
26.28281061317903 34.81545657423113 1.124557830060913
25.40972743994078 28.34975793741166 1.001420907190497
37.49466516240251 3.179566653063319 0.9257114642651294
54.97057090558604 42.3404838984555 1.045391185716918
46.98342883958641 30.05882810943706 0.8757848161287807
31.84007625227797 40.72790254826094 0.7401607717444585
20.49569257511557 29.54481090910025 1.062909923538351
0.5685260983037418 30.42045539916514 0.7076132270185911
18.97024825959012 5.874633544997607 0.9186142558038752
16.69027660400154 43.34378003112217 0.917382417445272
24.93155333350019 10.09526952965896 1.046906244325706
41.62909886642783 50.34128077344097 1.145234119561633
22.34355518098155 18.93969260293045 1.093978909855764
47.04851815944934 20.31412606002489 1.388954702086886
34.9915078626906 1.770677462113405 0.919648313183191
50.08361072935332 55.48720043780617 1.127394568710145
28.90765581042862 0.8591260960600926 1.016191572377405
15.12370141228833 47.87790409656144 1.019881323883927
34.22168410114091 47.54621858408033 0.8694192682678028
38.62762033502926 2.15323740809841 0.9964790916048172
52.49451818153938 39.08651558080992 0.9812927684688652
10.12567065475773 17.83807336252093 0.9147372893724317
55.05630444225683 37.51832101937305 1.035482725530778
56.56999002609867 25.99724817974365 1.060484792898132
27.76792564185705 4.808129544746191 0.8326054835502371
33.04869827351006 2.083414013070713 1.0171660368607
0.2225183342688337 27.02556613601072 1.186427719244217
32.20917963665406 0.8640064480081231 0.9950814395109762
39.95052205536073 3.407955965682844 1.134543757807995
45.54177118071438 40.97673023910109 0.9931790922103635
46.28311492422741 1.638449195604049 0.9058916810757052
7.212291596090557 45.85310492378338 0.7299125602053371
23.41460275948728 55.40362301720475 0.9755900182060214
23.74494000931501 56.46330103299734 0.9466674320392493
30.30985544636373 13.3283952504063 0.8096380818945099
51.21268610340203 5.519035083017794 1.103216137936833
33.22273290121124 54.14292378031785 0.9076725428981492
47.90292738000998 21.76450405538292 1.087913926431956
48.45847463210043 27.40276889056096 1.03679351313426
53.12352132896125 55.67076622819098 0.9173548454539692
17.6075766662171 39.67047654728893 0.7865504366669569
22.16284169497101 41.35251667553211 0.8842079400621548
6.557723030707669 43.55343261759423 1.2104754661405
26.07945583811004 42.34689719711751 1.096802329445627
9.534017164508819 17.11720128176604 1.138674832930002
52.51372803119651 3.746703241368152 0.8490410839724091
48.24167465569529 55.85896926599506 0.9529002068504799
6.849053483386084 39.14460200916259 1.156545256421775
33.62967414251979 12.08194790039302 0.9251287391830698
15.3714763402806 29.75319544493835 1.030548596421696
53.51241414924731 28.3602907948011 0.8266408775921699
14.29782664882849 18.67525581767562 0.8833629949340414
39.9850367936236 10.40459035448944 1.162077059296343
4.617427645073006 26.79238262902591 0.951294286643262
43.90958391079194 45.10365111339076 1.071589071932186
17.89814807749267 9.545820249033078 1.004190684076957
49.62754177610741 24.91409885832765 1.156948920797193
41.11021068371377 7.999018089845319 1.081063943533335
23.22321558055618 53.92419486675607 1.039768910076302
12.85496421710354 35.93602302434669 1.010247229217737
7.584689087972365 2.82398114391788 1.056533248506404
3.133218438892261 0.1746121701666211 1.114000369807213
45.27826331010007 34.87357403099238 0.9291474029439772
56.58862259871728 43.08804412655907 0.9334903255343802
47.74687845294684 35.2978214799882 1.050315097357676
37.02167484398078 40.37442020251156 0.9795795968297418
48.37343831889957 0.8792145884964683 0.9299152065679848
15.99481031344962 30.99980651028445 1.033418604718287
27.92400137704052 7.913887231570616 1.073456282386514
18.15404891835248 21.27980039328327 0.9666110777280373
54.62063622969232 12.67867505302591 0.9356227048113436
19.18458353457255 0.7538546420418912 1.080205963018713
47.7966569917261 1.131550533292606 0.836167349163503
14.03358351906463 47.38527956390068 1.010610079435611
36.34480173669048 35.4003664419988 1.044102101633735
18.34089328876738 39.55672204846363 0.8673850537992948
40.71413809140871 35.49485967796988 1.122014275393465
54.74508815060607 11.63813944190654 0.8967530593818206
32.91793986173251 48.50273290113673 1.122156911954537
32.25973945961321 30.53857606488214 0.7627880750533291
30.60433248225801 22.08908769865012 1.057774117636855
18.16624571064778 44.63791602786533 0.9754502820339555
45.68489628456761 10.85305886056882 0.9829790582812424
40.35231345675528 25.02969802125809 1.036730628501554
11.40753830010422 48.02235670668183 0.9555603796176244
4.312739502318548 52.12167641805563 0.9303622155914387
6.759815833419475 12.92596326764951 0.99477816505271
17.95696469534047 39.67775569515198 0.9263327125644212
44.66102712259676 44.50876249350084 0.9433930481457342
25.64479927376136 18.26535960485477 1.065130020748147
5.90327560617741 22.07221742815907 0.9195941614597749
49.19688535490859 51.58817189074502 1.219109794938244
19.61786988546041 22.17870161783821 1.239460058911154
34.24240553064384 27.20428995518214 1.070429494775419
18.22664663532127 15.27711836587503 0.927986648382651
40.77162024880369 44.74386301997298 1.113448645335221
0.6698262610797893 35.29191068759743 0.9334437902215805
30.20919177737515 5.098522403323335 1.209107086158987
13.70862647318683 16.16964193860518 1.000120693861679
30.93428600436742 39.35342574694819 1.202398352782983
26.16447073135733 40.33827714963736 1.09983551708451
5.604353598134757 18.36135605972324 1.204469326421695
50.91055487138711 54.54431892584279 1.131012979789702
3.70833150470086 28.15296040203095 0.791902993115047
16.80290423277901 42.9752554898035 0.9435425676450102
29.94982873413238 0.5745244550400062 1.165317024368218
48.10596053726317 31.38894474431358 1.019529542925705
25.57668541398676 21.31515228809563 1.061491133203442
7.740675798962207 50.19609364736643 1.019196898293874
13.25494214205767 38.67496180332962 1.155522764583746
22.20709797330531 1.713990072586569 1.032818879389761
31.02822080861229 27.81145157144007 0.870986746760636
9.341081458302718 13.98590100369691 0.9443912182813637
6.498988721752069 13.04941296300358 1.043480720987984
27.72212333126092 1.941765611964169 1.215834928850462
17.22285303949511 0.6719520388506129 0.7998702358533947
14.93740289236298 1.818383414679385 0.8968279606325403
13.61871238267921 22.67807871786788 0.9921823000066642
4.353040494654812 27.56399640327506 1.113032027922301
17.5635982102545 26.56013846796012 1.153448465675389
54.3715900394002 49.35333266125681 1.005941763411168
0.5464888147760596 6.712671471160218 1.123260874121906
38.29307511276243 47.48420776542472 0.9460887984145708
50.41986068264575 55.51592817880024 1.073900111225355
46.55840138045996 11.78881594202892 1.125045224654407
55.6462987221993 4.495804246280251 0.9027849652649846
27.17388296414813 8.621676392211429 0.9108219821507058
39.13866562961539 31.52692348534564 0.9940443139182162
55.63432064169753 37.17912432280328 1.045730688414073
15.41761563691199 49.05418132434328 0.8864999865984923
44.9903320739932 25.15295215004727 1.037244832102923
45.68666201070261 34.54873342791048 1.156062764782124
39.04453767419073 50.54896747532718 1.083209053097048
56.59797181123773 9.218420638338859 1.008855720640329
40.7453441236845 38.3563166630251 0.9772224595492732
38.43890122763761 41.83240605044757 1.011576551499128
40.29105801661083 47.63696789352082 1.172007211325045
21.57355568025892 45.462381480477 0.9855946935161326
13.39578935196427 53.42751410623431 1.047107325636482
0.6387291865603668 28.81340498887627 1.070691022727105
35.38718043006359 33.47202745148541 1.153240601743166
4.486733785125769 24.07384241422352 1.080443508189405
11.40680312058274 50.06529855358661 0.8912409704671538
34.97746932598644 11.00477490527778 1.014542086360654
49.7414123195882 43.02906328906727 0.9559164627681345
18.50442983000746 31.18031352068312 0.8473765223378429
3.913297527429321 11.15252732958297 0.9951696701946773
55.96137368444418 25.48685323423094 0.9227725642352931
50.18208125521526 46.58518731109108 1.086985535947248
41.8241031243578 38.66377663270746 0.7293427021503256
15.13580408419287 30.40570273129535 0.9157197745534562
44.28512596864492 26.15656493704606 1.107636593647471
9.696703967962742 21.50558262947276 0.9531399074895947
29.95978710146611 2.43811626100825 1.228659240729226
56.78862272239692 37.53172733566338 1.16971530032725
46.54864256109514 55.74999640684109 1.116173618448962
27.35042139065937 10.46919487205762 1.097822782315033
7.209636105787771 42.48622547485224 1.067710980435979
11.64279038535561 55.70910218530759 1.036439448507377
50.18669116366035 30.86465387598828 0.9729689581108493
5.321511392631341 2.904882397458368 1.091921528513139
12.94478009964562 38.93994120086541 0.8554311102242222
19.4716685099861 27.84964016352298 1.089868430552084
11.48339917579824 25.49024905333773 0.9094533030378745
20.45528769467738 19.18744093514394 0.9516506709374437
52.6746074630295 5.005513620565419 0.9712422794444593
15.47470849262304 13.39542961884077 0.8827928595285968
8.511254275455723 56.34960609597601 0.9513801787545197
55.05870825474091 1.076882830391118 0.879936429295477
51.0186985633423 46.57948434798954 0.9410733133389196
49.29381743971902 24.00482758926453 0.9465257907020019
48.22173058205365 30.59481504214686 0.8558159032885428
1.444455179127145 48.2216295871053 1.066706824886134
36.18364811883478 18.45764666071983 1.097580229913533
4.644449407534883 43.83088110891678 1.039866502262427
16.90922855581587 20.11915790015792 0.9987173734427478
19.46876396959124 8.116502394488315 0.9882239380098469
45.57452754516831 17.52747219778945 1.064351621089296
7.106956519236302 13.15366321343634 0.8880026468995247
28.98216109768588 18.1670040353979 0.790599907286614
42.17183162466242 13.65718315013553 0.8242091616801284
51.87079357955176 21.9100620094268 1.090540871650551
13.1316915965321 3.534230307924668 0.984860441807754
14.77289541939874 11.34128386217229 0.8796830257713318
27.93677340258694 39.47517482539414 1.203175542568765
47.55519503101483 47.40553737217818 1.055137831537863
7.933009543424943 56.78506244476189 1.13797011299903
18.72294860506567 15.03996608920394 1.07622082853259
33.20697012460184 35.37417822628011 0.9382407471898883
11.98108821361376 18.37880172272157 0.8653268081456471
3.16713055184443 53.42055535522316 1.131014731553795
19.9161738734302 17.94002597124317 0.9649589572388614
13.35800898650568 12.98732280823743 0.8656935058853357
30.90695547075335 52.60687311068497 0.9515044045353315
35.08204790953642 25.67722998591011 1.012047428830799
49.24926621897578 25.67372510287618 0.7205766874565679
15.22224185160466 38.3975131792936 0.8290203722115888
14.2350107902824 48.4292119762065 0.9536643768191782
9.808013672385371 8.803052755446663 0.7620568952759129
33.06798082360438 50.09687743107643 1.2639411085948
46.51743275975689 45.10117022092508 0.8868838861434957
54.17513734669198 54.27927197715233 0.9316912118997315
10.26659475884707 42.09746566000277 0.9341904657580063
6.140019417339945 45.38862974028505 1.098342110522699
14.06585969965247 36.19046072577613 1.119361076876583
9.895792429752552 18.87281220866032 1.171104446187283
42.40271332273386 51.59497833978151 1.196519731512522
16.75209315668423 56.63772411301626 1.066791530881146
25.85382311691242 52.83220398837337 1.193100020954147
42.32683731770462 1.921803913974112 0.932894124011473
38.15691528942293 35.446514152664 1.065020177768638
55.61300388612459 35.3320526361149 0.8402790412190834
45.86519896931257 42.99238086212072 1.036100185338612
51.90097970883408 52.00521838665252 1.247478375666708
36.22728571352888 45.44687027551554 1.068939838251358
18.03263494141057 46.12307816982413 1.134495235717411
49.00034976936893 41.22975127735629 0.9745087300795373
49.3601198668406 35.02454003227155 0.8550377916487227
30.85674399410223 3.080373130776162 0.8485492372787313
20.13574689772713 19.78582538700934 1.082862549007667
22.00872467784617 25.48991376603484 1.273881275929628
16.95050645198231 16.90970438668025 1.129199146952303
55.75187860231468 56.72241786621623 0.9478495720062234
36.77838727681822 16.78451351718256 1.077802568263825
14.18988494676998 13.32315410362703 1.086518662906614
36.82046548827573 6.190234689596219 1.00203049642446
41.21477472186776 15.30644119405488 1.077727698579156
47.39452831232666 15.07151871596999 0.871099415486472
34.85734410297933 31.9790211208067 0.9274560094792069
11.82293739720384 33.08968361610998 1.069650701055357
7.04780920597157 9.192956427667735 1.054764226126261
16.93756595996095 23.99831565795388 1.266394925312868
15.32983265925657 24.85453939011997 0.9285054764915034
37.15511592577916 52.10821993607479 0.9577389162803382
39.20628964398349 55.82893788061521 1.222162623713659
39.32376603890386 19.02675510571653 1.031958130037896
48.20734043429016 46.2339472655365 0.9104174797324287
52.18311261394206 38.60186874661682 0.9932441429121324
49.1321439566706 39.16281005794313 0.9890519749203169
45.5489480595798 3.955081327331756 1.06703460421483
52.40273354780057 22.30030285348198 0.7902188447633336
41.9261362105264 12.34029948121882 0.9334760023577734
49.77299756732443 4.628451144149737 1.067770677026453
35.88333641499436 29.92811349310359 1.164956108569176
0.9697157768391612 24.37049972003815 0.8452570319250422
18.12916280754337 49.17705623767202 0.8996148548698611
30.77892495774614 17.90991294053845 0.901545998804417
26.88220236025853 22.91106888787405 0.7744738735977776
48.16433017615431 22.26888373646367 0.9720317364478224
37.62551949947398 33.09046638668071 0.9202543935625878
44.1192633850124 27.38218075846423 1.30915176830468
31.55258915505958 23.00259977346407 1.001995539458063
43.52498909576097 56.23901965340553 0.9798320466934074
13.23222090640674 5.87631624558769 0.8408037283271514
30.24681596562584 55.62067387514779 1.100112512120592
6.378992920917921 43.85126295120048 1.078205985627677
4.761175865196239 38.81515163034906 0.8503517185732169
3.068986739995418 4.833898837135126 1.004577334245943
20.15911548312712 45.41063217325631 1.082117201102034
52.2040206916649 0.7846349826011039 1.056464744377244
27.70877299351095 8.620361918406729 0.6990633462114285
0.195384614726242 2.261362122027838 0.9720281869987409
33.55062235731195 18.14795078763177 1.003120450752775
56.7446985196996 46.78284329026138 1.238901649813666
3.984779973507291 54.27108302538799 0.877605958774097
35.85688338282373 10.36377289442521 1.100202804334252
47.52169077308928 45.88352181524202 1.065567933337182
29.60498425672063 50.59067751308469 0.9904512094883435
23.52581444174322 13.87653613550427 1.128675760732135
15.26191842707895 18.72983510686543 1.100629367991222
48.54303898967013 42.36994411161633 0.8314668103931898
45.38337887888 48.73842360439637 0.9190315085239928
49.24410247069043 21.18192859095611 1.153776772209377
38.15429135838258 48.98880096384734 0.7763490793214521
2.449641363904644 8.081893854347008 1.011966339661835
25.31332472260731 43.57198731395043 0.9978488150410768
9.425692955695881 26.17292975502691 1.365363281126534
55.32799704434723 32.9515073974391 0.8679276217902493
51.68134250430452 54.71063700863655 1.102304277455717
50.35293240535675 43.22438146743196 1.134696333432701
34.96280504528563 27.71188730081165 1.152385148226677
1.742651828444866 27.20690751597607 1.056549872154331
19.19570845328072 2.858587719899876 1.101190965201211
45.07550155188679 48.42071895134669 1.117099721740689
56.50261283223639 43.12146427068927 0.9341916175029658
34.09713022974186 55.37433933949766 0.8160565061628573
35.72556908741853 25.17904709474139 0.9822808348194187
44.33368006643545 18.77503495140701 1.151370776512339
16.48567193350087 32.12189494498163 1.14782857830932
25.23940398508655 56.56625302721106 0.7701878058265321
30.40911654634826 19.17195619324779 0.9782312452280576
55.49780121794799 49.60482499962897 1.177582890949654
41.02554395097566 39.83868348777233 0.9237814874191165
34.09844565908352 40.52815675666935 0.8202447061077618
38.90249606962432 27.91662747176207 0.9736164643238859
20.748215221217 8.753546120018488 0.8930306388100053
18.24881923349985 15.70155575438475 1.311172620962709
8.647502724848456 34.73449116700073 1.041374256950217
34.30074416766909 4.681656875499365 1.148414192691815
37.08911576684989 4.578884442606421 0.8571444708436975
23.75084063585421 18.78031609802522 0.9347890051664967
3.103057259741731 45.78138457554457 1.02070507957285
28.62006803677421 39.45206450040082 0.969335217064379
27.65675794084406 54.58021576869312 0.7901045154632844
18.31280013048686 7.79564335467091 0.9553075301727599
13.86963986599335 52.24539337178943 1.160955746356966
10.94694909963149 43.07562628671323 1.263693889072809
9.852950239951234 1.770399798997864 1.156318535882379
6.452056674497229 0.05164873695543443 0.9147444489871738
48.73257887676944 26.73457160765984 0.9235262224605162
45.51488770568506 13.65293830989531 0.8945411658661226
4.264804035082834 50.86850654700235 1.005049108278744
33.32057104740318 28.43829746145676 0.9680826473107903
30.46508784055015 26.9682114100867 1.035396153005851
30.35216598601647 5.50269402074753 1.064331082015742
27.26132423116887 40.2051162259677 1.014256679699209
27.35881063358803 13.72515049424262 0.983837454070764
47.27550599131524 19.09138948381478 1.025153491758299
14.47832529827874 38.83961303152126 1.321954276786284
22.84311632804718 15.25986481889145 1.092825188791742
26.13189878553706 24.69571369918795 1.084530160834208
44.15150397184841 10.49596577952428 1.119766589072962
8.729672639504853 18.5618101696306 0.9759819112142865
35.09477629889491 39.08183862552132 0.8886540139192709
22.28695485148903 31.33759801012352 0.9786606982650254
52.5799577313382 49.64576548507706 1.087262309152216
11.73715494234914 28.5224706062686 1.100679693342553
43.68085071103687 46.31196391224487 0.6611028055814503
16.41904080166437 42.87606202060174 0.9771154830296387
22.50388409081096 3.117203055469879 1.150245787955558
27.81291678120052 18.21713885675051 1.019143821784506
2.131748629329609 51.81898205625777 0.9216500016860495
13.38079219934567 47.22099351008469 0.9272681843940156
49.94325992089848 37.44529641626649 0.9761819171632172
11.78289439984732 48.15705171840128 1.043216239652823
7.875980204379177 56.84564293075616 0.7787720289654239
28.36811353702476 20.6933660990062 1.137227539811225
8.925099058973183 28.86519392433818 1.201939337668104
52.20539066624147 38.27158290998618 0.8434844393203473
22.95273797025566 17.70927475705243 0.9404239146585788
15.23551173845097 11.47680626273007 0.9299818586489899
7.020684749828971 27.36172894964075 0.7900161932103147
17.58272243318275 15.28148745246301 0.8402335302325048
0.8467733654411386 13.15981642024583 0.8039885402794185
4.316868138647111 38.38768242922969 1.024846152165211
12.47531069604462 38.32938355315913 0.9458408294608883
47.00259261112781 7.914008797106337 0.8150698185510349
5.146874590845255 12.95533058138347 1.171275050969557
9.973703463083927 34.96834116101653 0.9726813579340089
1.737363276415208 25.2092152015349 0.9505637511265019
52.57094417771834 11.78337495531113 1.044936831802854
29.15952502850421 13.1536665843584 1.304535973066786
26.31348303114692 0.5765646326246506 0.7098509718879247
42.63596615923381 30.63035116979403 1.087367650483534
38.9547010618051 13.98248432203312 0.873957612660728
49.89098127274354 51.66331921921266 1.163113595616324
2.577327989776306 43.00465064682283 1.133968543206105
52.84890446525482 28.20061154393508 0.881890001997244
6.168952678408917 34.27767447953936 1.021043034669286
31.03182310333095 52.61410012869821 0.9725621206141798
7.397475057466642 15.19524753428774 1.210216380976491
39.75643386540769 34.46233749178347 0.9356652473926007
35.03890212440812 30.8375120874669 1.055300320552702
39.70026803980594 17.00314918626247 1.118353358085554
56.96821382407482 10.90348997800773 1.00229342266964
8.642487031706835 49.85919509681835 0.8571199825503325
32.50491368142185 28.60167339285914 1.029850648295657
36.34474870438908 8.045224858003307 1.18972702758005
42.32289936408536 8.456104371443439 1.08020695245888
38.12780148495352 28.35862186986889 1.162031354734259
43.55386943069932 17.81530549135772 1.062421474040481
22.98761403420363 31.75541533238972 0.9514710882265331
5.592927393313929 9.585490374632874 0.9971476714780232
18.02966534487422 34.54171633605925 0.9716352816383412
45.44520631406699 12.88798011601343 0.9344920643179321
10.857074212682 51.01201548474469 1.013718753187526
15.21151653314546 38.50090132304509 0.9434700652229946
42.93838171658031 49.63579782780064 0.9812173673065733
1.091902199244081 5.142404164253922 0.6470846917940959
56.61990295053455 36.15077385173681 1.037856517767782
53.96607934309453 16.65529474087772 1.057189874509622
17.92918766053821 23.85130167792146 0.8984730917838349
33.43679205255434 35.71147624436369 0.779356632463137
1.063831389911394 37.68228513686093 1.049356598128232
51.17627279282374 42.67720578083638 1.024258155085176
30.85166523552111 9.387789299426503 0.7783691105211074
2.023587127227144 48.19270975663918 0.9182007845152008
45.0513280062244 3.115489326471225 1.120218443063494
30.84500325836474 36.23234249475987 1.069951778796032
6.658089368444909 48.77419094544565 0.9866337079557017
15.29630599929779 36.52043619869297 0.9183379108856513
3.05137651229807 16.36013738920919 1.027969858141183
6.731494912286985 1.503434264801179 0.9668980584396123
32.06743398311894 37.58316017435079 1.067597804002513
16.03030004446874 43.77336471144732 1.091937300264077
30.09576603635017 55.29656322267678 0.9096762598793842
34.52890569089395 40.43424868091673 1.019404616039421
52.71496021361787 37.61254983703259 0.9626251430062928
17.13298600918287 10.82552546114918 0.9557071582560204
27.37140357558215 34.33570731819407 1.043641815872104
45.10869385353694 17.91341885873742 0.8350859005055156
22.63080684450958 51.84018876582393 1.040703985617898
32.42334891363203 30.30807674085166 0.9858875914158921
53.94378186154356 29.79655601354155 1.099917673108926
15.22109111967547 2.25318747677523 1.092625212940769
31.1553973370024 45.31685715602565 1.040750544437703
48.36580533039095 44.97258663781573 1.128580143306266
15.69120617429316 56.13995427924206 1.006270596764447
9.96547971384855 26.35525639977085 1.039854879543156
10.15989947512741 20.55173707406583 0.9188776247439252
50.10878206794559 0.8820090563418386 1.246962627075239
22.92488268759329 25.53213098157762 0.7340234795664754
55.32868699511918 17.41297322949999 1.082895591774691
7.25069717469192 13.54977808825196 1.169633937315071
1.866635217734908 20.21591137918453 0.8487275748041682
46.33765113462584 51.12426166847547 1.006511329310267
39.09684827974851 13.98577389073827 1.018956818611267
36.84341069117347 38.08070107739452 1.056936061314696
7.435957450622673 56.96986554934171 1.056939406376343
10.36062745254516 10.03179249262055 1.136366412021409
49.70779246823294 1.183317040178607 1.046435847224616
16.87937187444389 23.89787826542644 0.8205099367741022
41.31085149492642 28.30267876400737 0.8994243745399489
28.75783695781503 3.977012201201642 1.018706385164452
24.19292358038618 56.04642441032753 0.8345396426654561
24.74873381748271 22.48749132337397 0.8894767386706555
36.47326521411225 16.59329151343242 1.042107053490468
44.92628317462573 26.28323128832655 0.7619302696145441
5.39403309132626 24.49155566258894 0.9544252408190532
8.588592756348007 40.65246747045427 1.066152220809657
25.19426346346469 5.887766099948327 1.209140952532888
47.92622727291948 9.505114958391113 0.7816411418483695
13.48212715959276 43.89921813965739 1.140944657203019
50.30853640628445 37.67505073997893 0.8956508411357281
3.162542036810211 22.69552334570118 1.144348333725393
24.90285229445568 39.63580727746515 0.8638615014481459
8.919038539249001 45.69099675104534 1.093726357642282
8.191376041244425 35.17213535037457 0.9726479313631274
2.663690986420815 14.04239885185026 0.9577352751933069
54.23787662956764 18.50248754187603 1.117834140391798
51.22065597177514 40.53304753989589 0.8533298406009665
44.96142726669154 42.14688324469462 0.9641079298871533
4.830947422343748 6.520289631337063 1.121775939993663
9.051090243761935 55.13948382862819 1.020019500903117
16.19675402585266 47.35788243466889 1.013372620101177
17.69225611290534 41.09960632030834 1.018827216467613
45.67206769654158 5.120117777548785 1.045977616560284
17.08486357521492 51.12587381858652 0.8475292590585444
8.168272643894085 15.94340356622981 0.8293572672519141
38.25104213005446 23.50705672032528 1.00951376216511
7.040104260221172 42.97849194657918 1.063518687007847
17.61858129343883 0.07826673196547979 0.9598870615503692
6.598556389845236 17.18145432098837 0.8649549897390427
20.58901254441077 50.79389678770392 1.07831228286137
41.15177919583012 29.87044320109787 0.8457356457340799
20.88537286402908 14.14546888142148 0.7455550427870293
53.05819710626183 18.52358181659299 1.032181325771432
22.93423240442492 13.14306065493406 1.094620126653677
32.89161524311249 20.8177282790736 0.8858593617349748
0.5831628807741975 14.14265734662426 0.9194265341215291
51.44315601812823 49.70908361101015 1.049550694799033
29.68246545767526 1.041712381430768 0.9720827243193435
30.05724457234947 35.98738833842211 1.101296653261972
51.93916819474621 50.94261743637855 0.9775431049519245
11.75673203671199 46.19105432610542 1.130969317110277
43.31426413139062 34.69096444113691 1.147402183753621
19.78144801910103 19.91388666299818 0.7990446684386467
49.36838754423353 7.106232991957214 1.154929411473063
1.471122251577267 3.092833757443742 0.8524138760961792
46.21567968149468 52.91427826970549 0.971848930992001
53.95599065113626 5.692455247367013 1.071249249326369
12.1696230881706 48.79159979372825 1.221686653816726
27.77898810560768 22.70034840921888 0.9880681824729721
36.16948509689862 20.91184532545127 1.040693210711449
10.102899625014 33.80529485540711 1.039781600790558
25.61718154820482 12.43701457951079 1.180970640687476
47.66274480366276 52.55046261453557 1.046970498198177
7.861791940341607 40.0311323213536 0.9934533188821169
22.0138752609556 4.127817831527357 0.9203482104616634
29.46873997453076 11.22955491590758 1.085769983486738
30.96311259035166 42.29732314324813 1.00547522667367
45.78968649301198 1.724292804824325 0.7586561196731112
24.4246412405859 6.693675847581437 0.9802615739357913
37.48051992407093 14.9156719380597 0.9635132946221368
3.020434102053025 24.48998136235866 1.140187517047106
11.18497980674029 50.68317890571578 0.8256881201155815
33.71431122706938 22.69713955684432 0.8440108417411123
45.42267796416892 55.72818648802497 0.7462915091774347
9.957741403932562 26.86705348960452 0.9599406848586569
43.16207522859894 40.0854414324674 0.77909913567555
25.38276454917284 12.65482668190022 0.9099902029491194
18.84948062377492 52.90695535294104 1.210304534277671
2.600631173979785 9.704021178048114 1.010298791443982
1.189793775877819 0.2205241551718321 0.91788931342916
17.40074193170329 34.6425784647663 0.9835649024085251
53.99105373490185 37.44118590859752 1.007844438619786
3.13832543889914 42.11202817601712 1.089598011033464
29.43355139691082 29.96328282727081 1.016954848970213
56.83033631687534 46.16552129023034 0.9603086401962813
22.47673423331079 23.69547650576358 0.8876903663304654
43.76645410888197 8.573804441640993 1.262415016968135
11.41431154423128 46.36708530940445 0.8598374601691355
46.58760946457629 18.56526632027946 0.9098656632677059
5.514865889453732 13.0452080960596 0.8171941845818853
47.6877865873686 18.86419483128199 0.783068898521774
3.356793729754534 44.3771367992168 0.6886632531796038
36.45840199592449 32.49261101032263 1.047401672546694
4.394403937922047 36.28873831279983 0.9287699134668863
2.984214792020719 27.94884135664853 0.7008052975621488
17.73063695371646 39.33451797968453 1.173986055697728
27.75141433475139 25.62231381685581 0.8778268738412528
53.49699390609609 49.62455545767423 1.053948190655323
11.48875028895622 51.89471539431005 1.068920927556215
31.5619172395961 4.058310029124054 1.261668539149663
36.54369317206726 30.45582515721015 0.9317412059401795
17.13697484514535 1.201825419534848 0.7402319540390097
2.455707590307904 25.23969783924506 1.016186168701955
22.55469131821519 50.36403001163342 0.7805738627717522
2.550177999562667 52.85048837394011 1.077065124966985
56.87065344716918 30.30159233431406 1.078295120867038
22.92614776544559 13.01072382880874 0.977875056024494
40.55242776710188 34.41489805440181 0.9453640180880668
38.47320811006855 9.295273759539832 0.9159395599339801
19.16542714189991 7.534629276271271 0.8928512146903975
56.91094573350202 38.3174177619244 1.047922427593209
27.40167477419678 29.06161250968539 1.001832069541565
54.30131037547314 21.92970930921366 1.03762312876309
23.22141234959541 30.04435079546848 0.929702144810964
25.89483914286589 38.21923039351554 1.253749959301233
56.07318268347214 47.36764130711911 0.7953067505015953
3.378365109385161 18.13930543425461 1.191663760101014
56.41422850331954 11.28380433250396 1.231537412654833
20.57907809204379 52.41907755630979 1.117246908400998
45.42206586311668 10.72258838392915 0.9886339141279249
18.00307352095986 51.03914355069359 1.123207923604261
7.729938031979808 45.40474829515664 0.8724793075556123
18.26213063311862 20.40206640930943 0.9678189338336438
29.03466535873463 41.48354298271403 0.9936494307906837
10.25513330532943 19.3412563211011 1.007693001347286
48.60247269859653 9.328315962258873 0.979706026995132
31.32764638463391 13.08726273760538 0.8349615107584567
44.32865580000387 30.74187486141076 0.7516478677755989
11.62931142171347 44.95014516215313 0.8704888921848611
16.00138371763815 0.05137728483014613 0.7616732687770463
4.168725058980624 34.19383561340805 0.9589606127441062
5.080555309113373 27.2694811193596 0.9172398964525735
47.67154752866903 13.33345696857826 1.205383908996941
7.826228898403341 41.11796470690424 0.7745127555204107
3.459221001462648 15.31917194571307 0.8964765527518171
27.40967816599164 13.16811862968286 1.061436021940673
32.47919941203632 50.62644843739758 0.5910160068706481
49.41948427279456 44.10851083374978 0.886653911331625
44.15988811857993 37.24932709254759 1.056882063753918
18.55044949871975 13.62378567346548 0.9828065845298793
47.81762128687353 2.005689415617701 1.075619805666763
49.98865570360267 32.11641292325985 1.227802746512949
45.44986989183811 33.17460425625304 0.9409591488113964
24.77816791263324 12.16656916549735 0.9985768089902228
27.48574111121043 21.66564459943475 1.123323393018532
41.40550757032144 11.99426342267276 0.8362055187092727
40.83144150759626 55.88216853555393 0.9532002730195348
4.287337321921875 33.25092578039082 1.105814293110515
41.67179374428084 30.15056746134095 1.106748006891012
23.11325796093478 3.222243243000583 0.9118139441909558
25.94141782724365 34.59197442167996 1.159187824710063
22.04408148305681 18.93007350430362 1.047799182564132
2.590276710032614 55.15825723677793 0.9524559599205998
23.56706107061685 27.36844464920854 0.9276742613603227
55.60583358984712 37.81056748694301 0.8768814982168983
39.48867210349472 40.01134113362587 1.027827993820148
4.773809736023568 54.95956736661473 1.120127717251714
9.88719817106016 47.76448910532729 1.06733509536507
20.91505654012554 6.936756169394011 1.035986132088154
54.78123515834158 7.689409674931974 0.673509715825926
42.28138412315463 49.01922971988992 0.8957895917521798
42.65272648988884 51.98977144155175 1.129771241137012
50.14802865178698 5.978747578327892 1.084574021012836
15.61144782258731 3.472855000976871 0.8024950805439643
41.28342251446257 6.290447159339882 0.9350317989865923
54.22862251951761 34.08825339753565 1.068086633169757
10.72452578820499 16.95589809583309 0.9427328432199032
45.86041987773982 20.61172395926515 1.00829151308528
15.17071587460615 28.63544374128591 0.8544709860782151
36.62067425559307 12.95195100640503 0.8896358651063445
36.67460399199026 21.60623751282982 1.039425501213433
55.61505218577341 22.32733045533641 1.128489150099113
10.57033362871517 9.744037579625862 0.8394483420349244
44.00548627181234 26.18178147784517 0.9124397267707992
40.39906286373691 54.500315121608 0.9243648434596818
17.09770848699739 37.62768538325452 1.094217053981346
28.5285378943796 42.31309430734864 1.373168749885468
46.2356949691827 17.38895777211942 0.9426761995932081
25.59152588508628 26.69355011391153 1.14378725557947
34.04748514762497 4.916379274761481 0.8073274582245269
26.522616814134 31.90442476556843 1.06244323676868
36.04941956840894 43.11862576851557 1.08283984788152
52.86266334814144 56.93664973086521 0.9288224271648576
15.80153464842659 9.079555928744169 0.9960042188633914
36.82828289541801 38.16843954295313 0.8669644013896466
0.1214163923270145 8.35682076325492 1.164038240089977
25.74577853537434 29.40635206383017 0.9538995785580384
43.31319350531007 15.81865439369281 0.9713082389499929
42.51220450760434 27.54937132613238 1.038039300177291
16.82109866515784 18.80157706085666 1.120741269208525
50.70600182642509 20.32087998107117 1.103885199445336
29.46234122126472 6.637165258935264 0.9717736141787406
6.573814963257785 25.74216782662187 0.8350032759630446
34.40456049815032 17.31772599523781 1.221739164396871
45.15934554075792 4.771048207660693 0.9368190501943259
22.15287103837024 45.28076193308493 1.089437295972331
34.63787329459464 38.87364753283264 0.9197613314476786
18.04075692595949 20.95106677336202 1.221337810342181
39.09201443059929 49.67688482891623 1.082369998206853
2.00608344190106 23.36347484326152 1.084930664516873
43.68435482433269 8.48294147638741 1.026380610001526
2.349250527261407 53.62498797598527 0.8536601143570302
22.36715577606445 11.21250649085851 1.039677520149033
26.240791485757 47.30992111484982 0.9758437100702743
52.08096932251051 17.34980905118855 1.040598274380539
2.68089893305716 8.20883829342613 1.038437826460473
47.08248582625878 24.02497083927736 0.9018618628671082
1.269839001013822 44.77478772624153 1.173564766443446
27.97929410728593 17.65962834780087 1.218053767808771
26.80250996714575 29.98537754918699 0.9296763334630911
25.69746281751313 27.70745798885238 1.038835596126607
14.30605169865585 28.04671334477454 1.150798770969524
36.96977883529373 46.6996017409021 0.9679584937505927
2.326504208765227 6.210570321050738 1.049494596986015
20.61070734756566 32.09049215171974 1.016184461646512
14.87325127277209 23.29160628062282 0.8811774406311084
3.61037850827462 30.38181624486196 1.183450475067475
44.88243602536732 4.880217509288442 0.8913838679590971
39.00584267406065 46.13589805184672 0.7775305381375512
41.10967829036977 8.808352614663706 0.9099381337964753
14.63146283693214 44.81873841854685 0.7491504002327263
52.84023944374185 28.93751453558799 0.8861539451938666
20.05151222695201 52.83523059861513 0.8272680281680949
9.872287096396223 22.37801643571724 0.8532425036050343
21.97230205078251 34.77470995661556 0.7840502815645458
45.94811452131165 5.271632469385692 1.172260626794858
54.43871053887471 53.81005265880844 1.082070560833533
9.964661084099049 36.44455318639267 1.054296411877012
45.25290580105637 5.067226258603496 1.034745791421229
19.20712082935829 2.884368611445822 0.9519488318212377
31.82188314703381 8.751416387386348 1.07638802541571
35.22004565513695 51.87339540052852 0.911197981132856
34.97414265059593 37.15287049354654 0.9543205689429933
