56.79861986860568 53.94401838348434 1.089468713321691
3.717365310395772 5.40089429793921 0.9594605031368281
35.06806784638579 7.519653145465838 1.025933430359328
10.98932912805552 0.3535484901413082 1.078228091039751
36.47066142897618 35.97729532000483 0.9939559294541466
1.600007465854291 51.17582740642867 0.9949150747517594
36.8074590376613 20.89832447743897 1.023173631609687
25.58082742783279 21.67892635086501 1.076090968934091
51.00037529272976 6.081678152588046 1.000538431477733
6.361939797812114 53.83032158847448 1.046411873249819
25.74021566460851 27.67207387121025 1.009449363868005
33.07296816914946 19.26607653091945 1.125303350674357
36.97723414701281 13.51949884720123 0.9871156513820892
48.36111677594535 29.57457771691241 0.8569964428080687
27.96024823838857 27.83177817837884 1.030611152956139
34.59255196414541 10.15188047622884 0.9368582488125667
32.34668947446472 14.40001100180671 0.8409326155376781
48.91251585628489 56.63103240804329 1.082598494421606
45.26776617917594 42.91289114901465 1.018840231258314
14.70908843013881 12.07465033190076 0.9688888146681631
39.1297894875192 40.44930409474732 0.9465837120051181
12.90688506975159 15.81969234571778 1.11615135662075
42.59387472951499 49.8841192167644 0.9443887679088239
20.49081893846897 20.70030794232167 1.001918864058984
33.75370100874161 48.45106720340022 1.031604067190592
29.62192924489357 26.12463808484592 1.045857955261383
52.45745452188768 4.968618692815592 0.9789090802799383
28.55745852112652 32.43716491639482 1.127292952904832
26.13869185705608 16.82522470030246 1.043469771819831
2.124692572804491 33.05914446900559 0.8683489199488654
43.92605274958818 41.2544820603237 0.9805084553568453
7.58228023237655 29.4153336335045 0.872082469348463
42.49246929841696 50.17615496189154 0.8979044665061749
54.35527825372074 42.79027176219517 0.9536850711445944
35.53196843365765 31.10897923591965 0.9574120873136595
16.41455322849311 6.863268183946269 1.170279199799105
53.18869263920406 11.8720077238381 1.040470481977234
38.37966719939358 40.38934542443107 0.9178694133954218
12.15050658916612 7.518359056449662 1.000702760749078
39.36976147413709 2.339262670995324 0.9900638503571382
6.559707097038491 26.29581419718257 0.9640609839030895
52.96859114988176 51.17602499023826 1.09986558928058
52.48348929429589 38.46106044829872 0.9505087596001216
53.29272093963471 41.70745815276516 1.073205170136816
3.573213853674575 31.82468934674966 1.063863457128201
1.888743874565113 32.23099059063522 0.9130375685467003
44.67782097667354 55.07743651376918 0.928174970717204
39.89905327786647 46.9412848022493 1.149746516183858
33.00102457031655 40.1136233760573 0.9064111777548743
42.45288604705263 27.00155452732069 0.9425591654229841
41.6666002416362 29.04663077837165 1.024179226335267
23.22265574206722 45.55319948240798 1.057091185551499
19.0962517867313 10.57483564111164 0.9773006636897317
52.28229379387679 9.909355427561959 0.961627348885108
47.21366207311566 11.09873112947621 1.010905636402692
43.32972174665412 35.40172919696278 1.010175945169782
47.17984246144995 30.43272006112743 0.9212810533639844
55.91538557499432 17.81049030172196 1.143000090638455
14.91190539715435 31.91641014531088 1.001847216353228
47.28719616322182 43.3769996982892 0.9925677757134357
5.355307354757239 31.95379637831533 1.048333127045526
43.9782170252773 31.6852395300219 0.9242058660431858
49.2211218863824 50.31435859916469 1.035452980285875
3.223714000183956 37.28787430296087 1.041148164566884
55.6021468097354 50.94762224701588 1.120984734339945
29.34935141743596 19.57012265900621 1.008019012109996
15.36458856443157 7.260788441291446 0.9504363751217442
25.0712787430134 2.452648677608301 1.055909700189553
46.19638425819407 25.99539239424998 1.083715125648377
12.37239206599649 43.16170888634478 1.097586112048324
11.43737677318853 27.79602254265734 0.9614928384001419
9.442308761385414 28.56494342794872 1.112645004555953
55.71160407304373 1.663430621225122 1.085887689633818
46.16684627494162 25.10301602729737 0.9671038704397491
26.07369057930712 44.76899305813433 1.083540335774195
18.03409346241229 45.06545012587004 1.005041227646278
55.66077810649796 5.574836742866243 0.9933792083571056
8.027485420474543 48.54180849694731 0.9636816148611635
49.72744921721865 45.83388695206209 0.937881217895264
31.99559581186417 39.46276569155174 0.998740082733185
32.89586382587247 16.58232221453559 1.022580194639309
45.147265669027 5.200734227989211 0.9640841504506075
44.00160320848301 10.02656766959772 1.013222932885012
35.12958369689508 20.06024108364258 1.063690985527622
20.93744251501627 54.18022197120833 1.051082098521672
45.58021160987216 36.55830534946094 0.9769817873651798
38.70375420232478 44.24098971637012 1.062213346859888
10.9730465127961 50.16062751280173 1.067587165308268
32.59098693802533 3.700495730014749 0.9700678996843761
8.800337013229885 13.99011025018529 1.012623678015832
43.07914149485489 41.69620083910236 1.075971346977964
27.03437342636025 18.71969813374788 1.007473108857839
54.76900593087497 14.03597660830057 1.081795301508787
47.2044260917252 6.875849473697994 1.00099446221949
11.815797518853 11.14186860674148 1.00407945873274
4.780172683196223 49.63628305477848 0.9458057129517943
9.898314728819912 43.48392688552101 1.047900829089663
27.53310532659902 47.85031925740201 1.01705284602763
45.19208433394883 3.124092238081662 0.9963453459024534
6.740468041384811 3.35115197410395 1.064140914190516
41.17670902245525 49.81960956278239 0.9525560439326702
42.38788123912545 15.08172623956656 1.057092572105771
33.46883962092402 40.15688714345772 0.9371392805336415
31.91244357866815 19.32212893959234 1.001667572307996
12.09095489796761 43.72824112406384 0.8745282992960757
17.06825050342281 35.24417022953004 1.019948728025109
8.783309344567037 26.96656525878542 1.085883191449748
21.99802205338982 49.26120241510738 0.9661088049808236
36.51090134657495 10.19010636079596 1.006172266071607
37.37670513306591 2.125762694573851 1.05754985178083
34.41286830809567 21.55341415552116 0.9858950494959712
36.30255564269729 37.333253469939 1.054752967265886
37.54194736086854 12.7713952636213 0.9258942943466693
17.98650066134823 52.40258419206486 0.9684944128036235
28.98177912178532 30.07745555931584 0.9853769003296839
46.22448190218978 56.19907579300882 1.005966618756919
37.68994687110649 55.00779124675682 0.9594245701265669
43.66837333592976 48.16366310518406 0.9963684618311347
51.67924637472222 23.17927465596203 1.008727737033099
49.19030372248511 31.65385924496402 1.02195993919197
3.283888728024386 44.13567595329866 1.008040383644355
24.46892939669496 34.65602770059184 1.01857647284877
52.35783963434297 44.95906998354899 0.9503072814611021
40.36165414907115 16.29745700457015 1.051856801101613
43.42179585500704 22.49247941211447 1.054451988609868
21.69155520512329 56.43318054379578 0.8718669217462073
30.65406897741094 47.85719623037483 1.02841304461228
40.50171694276003 40.37462877499621 1.011942629699697
43.59501187950141 37.74270787962838 1.109263028041582
12.3965671245924 25.38899207552382 0.9040912140277984
22.92099150219978 9.510647464315708 1.013896714333149
44.16667519145025 3.33327605404578 0.9849007310081097
35.34899085590103 31.48235307423507 0.9297604039767189
47.77981007880523 3.099412178201327 0.9151732211112487
41.20312441708666 9.523043724951821 0.9429962631080145
8.956224268747597 9.399758886266387 1.018271424394373
53.75187585258478 10.80744874561552 1.157235650451195
7.337919597205668 10.22391808928173 0.9615642052496729
19.1473638835118 50.93293147670708 1.034536679754147
29.7182470256082 3.363193066959825 1.052720200319127
9.641459279992366 52.63923852780798 0.9491921294616954
43.02915940016003 0.04051572272578055 0.9270491335947821
20.95017178028364 21.37815025606107 1.138533377702206
40.08879526103325 22.30267884922339 1.045878390123484
40.72720030822195 24.29191965157721 0.8630972054313345
30.18659927378716 40.7819468694655 1.050437042303372
28.87264910334379 26.93847509982925 0.9848582231645708
52.86024668899376 56.78539433460003 0.9181615039425106
9.111041322867871 25.57849371460196 0.9889773100209507
21.21773221586725 16.02242793283538 0.9713320564308969
36.3693963556408 7.246891616027286 1.088645559260699
37.94735623940237 11.71383710657891 1.00058076682404
12.88849130174541 21.67455652108162 1.08681532513227
41.14744676470172 9.192356005400585 1.040187869559564
28.49616074538611 13.02009584150282 0.9144987673385974
11.614946117911 41.84204134011736 1.120500924188398
25.01287154621113 20.43371445705822 0.9693156478995134
20.21910876511555 18.81165675484187 0.924366608379793
46.45161194980685 23.3676961666754 0.925740348866416
39.39012409951078 16.9335537133429 1.03774965825296
17.9162357551587 55.45306778161464 1.064318016879072
46.03888020759396 55.20047806212701 0.9599043418438181
1.255114707283263 1.927371482796674 1.091479874002236
46.64158538525998 4.02248132136766 0.9099392394553648
46.45322749738266 18.1377461041034 0.9676104483880943
41.22330246457052 28.65752328078147 0.8727337975121461
10.42609991618716 9.23617398423896 0.9737096823749486
30.10929221944385 12.31034650295523 1.064652069483829
38.93837210300303 19.56090414270801 0.8957909535001285
30.23024830838211 18.06816676914141 1.083136363856645
36.43608320059072 48.14648406354081 1.01855976860598
37.68776169078786 5.560114705264621 0.991173873293109
51.88968308544237 38.94287639807112 0.9727127294095315
19.20374786351051 54.12907159986397 0.9582553795030928
18.78719896347597 8.656975360893167 1.053986430698719
34.24103396350566 56.49012016853789 0.9025328653908908
7.487299407127918 44.66713387969282 1.028532292599954
11.88888367446553 46.73222130431432 0.9428388548138058
1.39649048838601 47.56692634409616 1.013800349321761
8.635093086694877 45.67083399215286 0.9149698179175314
22.77322286030893 25.15632761090823 1.14552281962572
42.40386092262522 38.20392855731954 1.036863221083866
52.01443974301891 4.60760878613573 0.9046303671105695
13.2645841470289 50.59981783460817 1.0443356031195
49.63141483284133 47.50561811053456 0.9744026255867196
56.69725141147955 42.96660116499597 1.006401079901446
40.65181847505822 11.58613505940239 1.111705589154057
2.153061403498548 41.93357323432974 1.03461922340184
16.67504776021235 10.78815449019342 1.133194470827582
35.94448212764435 15.96444618886544 1.025601797134642
42.90925514507538 9.660924443817196 0.99960037996278
47.86485300113673 48.22860797970957 1.052847108453872
32.92072482729365 26.19785310523485 1.024182462696787
36.69092705831441 12.88760888990369 0.9919560251197074
54.78037573247234 14.8636789954564 1.020758349404252
40.40396843124365 11.21682358031013 0.9197741132623601
18.462675811007 0.07901616491331541 1.070475643681353
39.5272867854346 0.9494601981479024 0.9777440073008158
8.031529173269648 25.43654190396729 1.002828900617585
27.67309072179398 0.5045520493316241 1.057947646698458
18.8556917201987 47.470761661637 0.9471473400116803
50.42421639171625 14.24057793442187 0.9235919654378058
16.41787101208133 2.487978541985144 0.9556223292879462
56.9008556082383 35.70978024588422 0.965923367209045
1.299439306510351 39.42814236713021 0.927891276129189
7.864684244554809 47.26962508599722 1.030692860802783
13.5766658897403 4.614342163137319 0.9880897089147191
34.28472493555617 19.41795339780764 1.01239764778144
9.55552332874179 53.14041668229756 0.9847210849141457
51.68703546081066 13.24708561098533 0.9863145326212224
3.668326118340868 8.097333208237464 1.044361343286456
22.33791114265933 47.72716816734857 1.004869551176852
56.58052105204226 13.10759165375847 0.9654723800097671
22.33994797586461 47.44986316582647 1.043229107170162
48.99510342022176 23.63938728237496 1.027094468906557
32.97035576215496 37.7426897509688 1.241903582937103
18.92396889716571 46.54702167843796 0.9466710806648229
55.59799295784812 19.64175684966229 1.041443192106037
30.08678499752972 8.153516286589911 1.066917859055004
15.87525315716642 10.46920893968512 0.9258376788266187
53.22258566795968 19.54357927550728 0.9860893948501689
16.63612175902171 40.90445331712461 0.8572689245576368
18.25905096403279 16.21664278452128 0.8520361333894557
56.25792171399012 21.49706937908059 1.016206236019412
42.99138025566534 29.13592719386142 0.9756485467053141
9.87861694483022 12.07538211395749 1.055276660184375
8.508757643172871 52.23564888547903 0.9321493461262511
14.87740570859863 52.83099871120928 0.9817449955450416
15.2602668876109 30.65957924055847 1.054161808595794
41.12878818024359 32.02908438305793 1.150153738020082
50.6790993202846 2.695330328166173 0.9542239423017094
26.5318638372849 40.61182864271655 1.090001328016734
29.62807666539591 56.03382982268642 1.000700807456957
20.53089920176701 45.95520181858689 0.953637252234209
1.021925520162063 13.68231241855878 0.9794420408786763
25.75769453251627 16.42569545303737 0.9759568867247882
6.136191323928624 48.50190824619583 0.874662799439782
44.33290693086241 38.79271294166926 0.9168333163297726
51.67317629962842 23.13940564596066 1.04224187351721
55.1684900290186 6.607332253645795 0.9099173081502363
38.49729480803818 0.7294571822180679 0.9634005268080869
21.54947529945033 43.45441717023702 0.8754809818323931
8.708907069502821 51.17755196484623 0.9446591737131184
23.06355029114687 6.019146141605054 1.046003961576095
0.6279304510112528 24.08547583785163 0.9337342616669881
34.98601830284392 45.4591531192228 0.9707823605282833
24.97056371391312 41.12220965331523 1.067212215228485
5.135806685842484 24.29396826973835 1.028430055357265
30.29572270964073 56.80898298547091 1.035693995149341
35.61094741225752 45.60186394471762 1.045898518757918
49.8312879497331 17.10824219375301 0.9684505781359442
42.20532064708198 10.88079639984332 1.030009767884393
53.20825842637953 50.9142277165848 1.018415121228011
5.586956349009162 28.12189865583643 0.9576638425475393
44.71565153436533 6.214886800020415 1.014551164503938
52.87626318720927 39.73031877480928 0.881931371833656
14.31560242330451 32.8373245260852 0.8592076860686102
0.1312927692808643 4.529051252421481 1.042529456234101
19.2603920680752 47.56466668497988 1.098117768853719
14.97958167408573 25.4978517035478 1.062247974384668
50.33813612784172 0.184902294625017 1.078016634002504
51.09913003775251 41.43699649462337 1.034060299781478
28.24289989389614 56.68608638676167 0.9495162542504955
5.900973160239389 7.766269617605149 0.9358314409038325
23.37566146970525 20.66072822113555 0.9142611040220681
3.391046969402137 52.27526483744163 1.087700519472785
52.08924918299972 34.62437553872558 1.023691089973175
39.15342679114706 33.98706598812112 0.9862437752035131
42.78520861071777 29.90643371311316 0.8550491134383651
13.49072855826967 46.83798711599688 1.07434093756158
47.44959091742038 6.828864686111391 0.9917782432546959
53.37525921378995 41.12201944837441 1.091095971893335
11.26523548889218 24.6181590811434 0.9563081778930297
40.57671048286218 46.70907896883277 1.11500825364982
31.59040025695711 6.952371952567423 0.9623554080249027
26.20429660948194 13.76085413282777 0.9572096305739075
7.825327455450467 21.29354576593896 0.9774084743260918
16.51408769167685 30.53865643615772 1.075527535397497
56.53906736361751 2.29929627585192 1.005621997205915
24.2510354897245 16.93581870754055 0.9513856922673882
21.23545989498285 14.70062640714488 0.9078212694927225
41.52886542795639 20.1399425808992 0.9746836610333902
52.38036875397916 52.79410094339126 1.040610637677176
19.61823155620053 28.33481214490477 1.085875536675025
25.89755347831992 51.20863181315764 1.106279317023719
6.758694431166488 4.491480680411439 1.092867747960198
50.02821477457332 14.58402188661696 1.12022184685142
37.13602326211334 42.29911413802724 0.9747240841795375
14.9521008557417 36.67509059918816 0.9526314216907623
11.07256335163143 11.84944590360366 1.075479880494595
35.33300971255312 32.30802324661428 0.9620879388808448
43.56637255221902 11.07893773870493 0.9972000258175967
22.23763566056156 38.94674127965548 0.9967123504588494
18.13521578914263 26.49127021175403 0.9961575410606657
38.33054949405163 44.03276926746256 0.9023820827983721
23.30012988266541 27.45859642953546 0.9359188480537896
21.10921427193527 16.32834465723873 1.053036907377561
0.7417890768227117 22.17864155172307 1.039048015315436
32.19335485631291 15.69388993256441 0.9944108201869327
34.09108093757698 12.92629547599996 0.9828977069262638
31.64121117379573 12.42409062358741 1.026633687829871
12.2702212232492 36.75941939035403 0.887208036660483
13.74743255448874 19.1432598788027 1.016698713383141
45.63453009055673 28.08570618046713 1.090118037332476
18.91541761109392 9.33443206238301 1.049089016979917
36.79302849191848 8.812654017383537 1.057993377986715
1.543892124455372 21.8356467815282 1.01652929486477
17.97957116038518 45.86802045761981 1.106838992982145
50.69201483563148 52.07065209796217 0.9960281276835574
7.494742721549581 47.02863465623401 0.9665048507862867
26.52450949397148 22.01652642479936 1.107873812828341
1.775945788610701 35.576758485556 0.9301010326819706
0.9379905694806905 48.53110252811159 1.032835209660482
19.61680868203603 29.3748244137386 0.9672227980159681
55.90695272242043 7.3202484274843 1.049793593692733
16.13290244486784 16.1342640319533 0.9038038639838343
0.5356279427817221 14.83979718053704 1.07572406914709
45.74004674597646 36.39951642015927 0.9524419474203025
33.41793670711012 39.43206158160794 1.149113547760467
7.765287564492453 38.96491121312832 1.065982671791814
25.2408872704212 34.28979705846393 0.9620768046396433
25.64697166050178 17.02251831862262 0.9792972643169917
54.28848595464997 36.10637846314646 0.975520943600198
8.48120287688505 5.501991647995073 0.9537536521951495
24.2255430641703 23.07157478438298 1.067200556173921
39.20583881633628 41.737600778573 1.071980736135278
55.19824271611787 0.625784049567666 1.109358397335236
37.02530046972693 5.705453708630732 1.005578441861887
26.37035099061688 11.49546896130567 1.049674805254936
50.46038017443399 9.158593566696435 1.109454702828613
11.42543558703057 54.44181781236167 0.9991822876823537
3.199201238900051 24.87577840214399 1.022902370868083
44.53248165479511 0.4876871670073304 0.9291363676284723
56.62951225490752 41.61852489440633 0.9509196663669677
35.53493452655847 40.83148506415611 0.8721611911249022
25.56908581618643 23.17521309301966 0.9581401228454579
18.36655739246241 54.85660284424974 1.012425071205696
9.887326796952321 44.4797628756984 0.9611897033632713
13.61949204775481 3.347706971386311 0.9935032186136484
0.7895247572052874 52.86716321057973 1.047269171296483
52.55489099750057 3.988725996105338 1.098361900302714
4.476413189655363 24.72509845147147 0.9341525443913962
34.21489323266544 21.8693949933487 1.074350600904978
6.487919861212336 15.72339269366273 1.120872581456912
17.67589052518638 31.46489026465681 1.103229649029165
54.64010335767647 51.8307234290199 1.034754149812773
41.10157918562255 7.753605859705064 1.018918224850758
44.23745937889323 3.109908061618874 1.025424519789499
32.14339858765872 0.8569514001053532 1.000906879954094
25.90187906143343 7.247139790210472 0.9290525569451932
24.6489181875479 21.456770058934 1.039829127266346
4.544142684686995 15.71227900251387 0.959293091121211
13.1169582252004 38.75903591735243 1.056001923139327
15.60344137838271 44.06959388361759 1.023324076857988
9.028809112510089 33.27933193011178 1.081135883132755
19.52430827148459 16.17458747940817 0.9422166534962605
37.32369855154478 3.625887430564448 1.075416430408116
48.28952316906746 11.16565269146378 0.8315043054480689
33.65618787783021 23.43292173018349 1.047460335681871
52.21467676023705 37.92448317954526 0.932664369545344
47.36094270104586 19.86359492124226 0.9342388504847244
45.684431813976 54.8907615122808 0.8967494517725448
14.67782936556164 4.287873192358703 0.9609739780302625
37.56720512247048 3.49483946454471 1.109589923889911
9.1996136271393 0.09151336741238524 1.074447702821072
3.717400797976833 43.59762028306612 0.9635241362908935
20.06959196835272 52.00692399358699 0.9331723552616205
36.83958273047562 13.65452243092215 0.9640754514580503
47.71036024564428 27.20052543152148 1.068359276428333
28.79733391888315 41.77357207367829 1.015887412662087
0.01700932766171607 46.10642143530139 1.008690625555841
43.99718292103949 20.82381435941151 0.9887061570894868
49.98931433399642 28.95753826385249 1.013417090506659
32.4523777283972 53.73006649116523 1.104585463093481
30.64803279733659 52.12180469889278 1.039561388165669
38.7194249554162 6.322970611659331 1.099509120193273
29.37235758890042 36.4826979299461 1.041405169750971
4.466725717050362 36.97893521514671 1.064602154834984
10.08885859329666 37.98484309575746 1.138296313282269
22.75841514289305 30.08755797384659 1.020912484275938
27.99261392093851 28.90440016328562 0.916601655866716
49.72821452269713 11.77831342293802 0.94005409209653
43.9473350792878 37.25866736018037 0.9433092386565178
33.98873382480291 15.98286565019882 1.086184885258447
14.52151748003509 20.24211246810952 0.8351193529053356
32.72364033885469 29.61383351106841 0.9447981639536877
13.53286009399819 21.99221530835713 0.9515155530431771
1.971150496961153 22.59102526614025 0.9261318565708824
55.98442890680602 32.04169914314603 0.9861840640198387
5.129257090449919 32.46983169925857 0.9508821131728794
50.64724421298469 23.91825620593422 1.035394187447119
35.69656962887224 34.40696359398168 1.04511192963105
23.63412606931949 21.03140245519178 0.9209972364913037
20.86497233568922 30.36256735090286 1.039171808946952
7.569136290610365 47.43005541545807 1.012742499651751
20.04388892652648 9.616084279313723 1.026563016960536
5.284991937822193 32.54605559937006 0.9242881067191211
55.13708089205301 26.60009899716829 0.9968482987829288
39.29784160447206 2.614298643830371 1.029512084788529
35.08413034308894 41.99018723330935 1.03676794053143
11.34535487431351 25.54375885778282 1.091785019795332
2.950722451764495 51.99977198522527 0.9993349292158938
11.07332695837753 56.75739885343118 0.9566049415738636
21.450162414671 18.65472899920062 0.9370900498347354
6.917659603952272 17.53338657344383 0.9978712115906271
27.14947085275756 7.232497539945179 0.9632587420312125
2.507604103306124 54.76514096966253 1.045076749369181
3.258983612646807 15.70818296061278 0.9926292022030063
41.21358027412257 38.34311398227844 1.001919620228649
42.60085965162183 9.837595265283062 0.926440047755608
24.06378806851049 53.67418660999936 0.9669499622478533
44.7617816737675 20.68058682730449 0.9291081317123172
36.17402410980967 9.211944061895807 1.075389217433552
26.74533063533964 41.28282142862809 1.055981612323134
13.053232217698 53.89480151463989 0.9678600063460749
51.65994245775973 6.003958969844486 1.049716677427011
16.20552131636325 19.02518237150516 0.9901737602979773
34.73336533211794 44.00402082316765 0.9720404590389612
0.8076189112885012 35.43173549949738 0.9460924156168882
7.495751556239907 25.16381562322556 1.028664391404317
17.53208701663282 31.5595396247504 0.9661769686514617
51.24595954606587 9.599783853907038 0.8358759821803159
47.80766796265154 30.41998365587554 1.024154302294585
16.51166734309479 45.55705857768518 0.857568006477694
14.42580516469935 29.56489958733549 0.9680885160371956
45.1257359348823 37.11180249699941 1.019736114572853
11.94508310311711 4.331257224702862 1.123903385003539
1.739544475329828 24.60338109154412 0.8914649937463583
12.3020856470345 41.30250044693356 0.8654762494076395
9.46631604361642 49.8299598595267 1.058710013939431
51.3573768545675 31.30431827684134 1.079139017712723
40.90410213074838 10.76470890443991 0.9604707893630337
19.02332000342352 2.715830046551223 1.057450171440659
48.2728886242364 55.33349783175322 1.101325565079884
8.099886933853798 33.72474866347608 0.9432330341203812
0.5568800668962672 12.97353597589468 0.93221665228103
30.95522874684782 24.35264227369458 1.020107829476094
48.95602336523869 2.145971770466292 1.087932223053786
16.99727364256851 24.25389618158988 0.9504536342803198
17.08385601457388 16.3011858017655 0.8404862515450057
0.7679079630262721 37.04089698290494 1.015741580219981
47.80560588734485 23.9278421792797 0.9718015622252614
44.38784014032587 31.71329852785603 1.008620767874229
30.04679635960925 10.56271645965181 0.9686539721064878
12.38547737495298 34.32141832463509 0.9924574136904121
50.54112339277804 7.345219395284177 0.9281105688200605
39.19556448478045 24.49635211308317 1.03433176180142
0.191125308718125 23.65388500767475 1.203518586172533
31.18542237867854 17.18839897782933 0.9624372297695466
12.43041715418474 44.41989665358322 1.027752126065585
45.03253421328614 17.33493933004091 1.162353298726328
41.26278153586331 16.47974686114106 1.013095690146603
10.55143860194433 43.72561106166133 1.016950913823228
54.28832754785583 7.525952974113614 1.033122820468849
17.91965325964599 4.076666823158351 0.9083634476404876
11.42188621844253 15.94354596777984 1.028223524006328
35.95712876550719 43.11974788742128 1.039532600840375
9.773632895096034 19.16841895467062 1.085197970408425
53.33665305205465 0.681414084360662 1.064176748694667
8.673051288199169 27.72806746127459 0.926250300134616
27.40853834310944 53.70558550148531 1.03893868519095
15.98019192506568 43.09516417751795 1.190675203322119
16.05139936229745 11.12066749768363 0.890170410956019
18.64662047179724 44.61305237217483 0.9869119618417069
17.41639373331163 52.39460198133933 1.000311802511517
11.33814792257647 35.03095773702066 1.025415603523489
14.95802783917544 56.32114449856856 0.9711729583312915
18.48956342669649 10.51586483675794 0.8904488346894768
25.41307481863214 33.78721373378635 1.016428146633226
4.515281195060947 20.91304489593629 1.064712692439147
30.79171160831661 49.57828801291915 0.9428337546414536
21.90407631355528 36.39368188492659 0.979143490429716
49.43060133486549 37.95547567585272 0.966320543972345
51.295202586006 9.160969854407464 1.06830129837508
6.737052766483767 11.71159629277494 0.9290713509666888
40.84183950156059 55.50790408370453 1.067798067697868
15.21486423034913 55.02105131280658 1.114338391548116
8.53691612302182 48.65263961006544 0.8844311535820198
10.49164139083197 2.04142267584867 0.8830363177597386
22.95446759832765 56.53047732521336 0.976064457397825
7.585210572269378 43.36795755818856 1.002928582478125
22.76163944311516 55.29651579088369 0.932996396412125
10.44476253513469 13.27598882572539 0.9633303787661144
22.43695868013285 24.1575689516764 0.9829006785312601
16.45156138737293 26.99253051587964 0.9428458493691144
55.50934171560655 1.101114451466647 1.05597346189181
11.83134145095541 21.74890650703987 0.8883334487179811
13.40154609056262 45.29718352588694 1.08658884032407
22.4096802763686 39.14031180745936 0.9295718721911779
31.73210543288482 44.53670356214824 1.040674721199188
40.3786035433312 54.49374487599998 1.031539636343641
10.76973367518267 3.25373548513918 1.020250732958557
55.56333119960657 33.20669235531552 0.8795475104454162
3.19922284465247 0.3797551264892123 0.9902754878639038
15.01633019233883 46.08547311885538 0.9428186108017088
47.18658757032202 26.02138676867885 0.945355605634881
35.27457841498525 24.99212967883429 1.024647226814652
13.28931317817853 11.79932461902468 1.021854054393838
30.81643631300723 16.5934192634157 1.193624662861675
0.02392895474281579 10.86133943771075 0.9419929630212862
29.38932277606303 42.85714828123206 1.016535226313481
46.11088379291393 3.248036689240502 0.9662244294245501
16.36574878001853 16.52218820318681 0.9207685968727328
16.90194332967603 33.27925946855883 0.9092227301582823
8.650444743526375 31.09198864739946 1.088530007163088
16.75563424395194 37.11847517086122 0.9770311132361665
1.30234435121638 47.57207055695917 0.9926337246398442
33.36139477154305 3.083224904296559 0.9564722086945251
35.0559698194526 5.750717521063386 1.042730004640205
45.90977397230909 35.05125695189985 1.066297371367219
42.98871202486973 5.275522752327622 0.903928856969917
37.53090071656317 33.49093914706769 0.9793491390236947
42.56737713216216 27.33583206652469 1.110043059922825
52.41534183147147 56.15713342705608 1.029705171801784
32.18377225388949 12.1709760754234 1.080216517179988
2.743046605839881 32.98750303219422 1.125093792776659
34.95193347658586 5.802342555393625 1.025644049090927
17.0640457691923 54.82594067176149 0.9253508802856087
17.97877848938982 5.973819741501389 0.9495040649498977
11.24934249382901 27.45064275220532 1.009009705487117
8.219131762263892 36.08983689737033 1.070518327228975
12.58077601789533 24.49340836913018 1.042621733335412
16.08586454535176 44.90874745226873 0.9655149459839175
44.06588087932481 42.35793314471745 0.9628227999826173
23.67218242570394 23.34148945069941 0.9695870594732704
56.32899248289363 53.79598325295187 0.8591375988682264
32.21757161348014 56.51112584374432 1.030619828081293
34.7492290240476 25.17335724373039 0.9504600106236181
38.92907974493181 52.72800751343743 0.8838017843195597
56.69549802769697 42.39651947906079 1.022462645794821
42.25692009425579 7.91462976341817 0.9182347515399634
53.66466224224524 34.06713236778376 0.8671610260478948
48.67635970035398 12.75052676105431 0.973480759879191
24.25173313787753 9.04176067283459 0.9935077640053459
44.20845373589939 47.92391556358147 0.9347123824867353
17.33914459512529 31.71224257988494 1.011294272762782
2.848486685589183 49.55671623514812 0.9048158637512973
33.65985530831844 8.972597394591476 1.014777020064522
36.13115543040035 15.58893502670756 0.9434014476881042
52.67485189469291 15.65213240992843 1.004450163161952
12.31073267260135 17.16120821803865 0.941557074184
51.22834061236509 31.51144344150622 1.033929262815434
21.72592167590089 16.20422040587488 1.090651207268471
25.24598107870947 20.57041771550217 1.02521750838708
36.9015703508172 0.6292311757007759 1.043972859575563
32.34147375558572 29.47140788681405 0.9967933865660283
46.79743118109062 6.564842126129587 0.9515894826593138
15.53743954726376 19.56036147734167 1.114521483964619
39.04622148957393 20.23804445529266 0.894649301738927
24.63414736447583 25.51354573458132 1.008782373960162
28.0935662417177 36.94488003707718 0.9474007688866588
45.92027492538107 36.90309456498506 1.042431637789448
42.44009339783345 10.64619657473927 0.9859728836500774
56.6238513885177 21.35329602302671 1.035592051276635
39.37247511948109 36.5254217393349 0.9241475110466114
33.7661366852774 54.32400095431321 0.9746538539763002
38.46680420752 23.56356783982532 0.9878606071008009
47.0208543026917 19.42628260116386 0.9547599988212596
41.456371731803 29.06707576572293 0.9256863998988537
41.50850957096951 7.29847439438965 1.058406558682771
39.80861133281542 12.60207578614451 0.9800138071091051
23.53072576901443 33.16362935684791 1.104304878843256
5.386459823877765 8.970819140305192 1.112312419792623
22.84707079122172 10.1453516637652 0.9945314879216332
22.95909903289708 44.82959798994921 1.089323358296227
22.50356239336709 13.30965780760611 0.9734654063519352
8.468724572783673 6.959934098627388 1.047151521609963
21.25499969686149 26.88524311775586 1.033326918062194
55.43152605017252 4.063611003134218 1.0753059133893
29.54697628856961 6.018044672914802 1.058371574305522
18.83850978540187 34.93343611244738 0.967892564066874
36.42721088064239 42.7617403840468 0.9810163525015859
49.08201303709392 2.274281645321418 0.9899087505803114
47.10387963527063 15.04783997919776 1.018300030006853
14.7663477350801 32.25747852644766 1.063460197887713
21.29992047152478 38.1589545380133 0.9146929929675287
51.36480907414332 29.76864504430846 1.040759616433573
20.90169667354864 9.373888333502174 1.082190866275857
6.626785712142841 19.33322269717847 1.048383761811856
5.00810312573244 42.98447562520601 0.9586251779937132
52.1321493155007 23.846612937677 0.9223361037423715
29.49494865466605 0.3451225652103883 0.9679604473081878
52.88275351276749 21.57696166521728 1.062235701062431
6.837685486691857 51.38442144374569 1.023805647241306
24.9807623457074 22.49307763133807 1.0914698126192
3.652032169351369 26.80438173134084 1.020266486888355
19.04932786154064 48.77092083253475 1.024280034675186
1.14480913949423 13.17271003787066 0.9534499540194347
2.284247205725055 14.58230847613062 0.8485626293636972
7.539977098135267 3.633911897257861 1.056966547206969
21.82981835111502 3.422730584360068 0.8583853538617581
52.21257611839686 4.82894724459804 0.8850125726128802
17.17250638090657 2.050261605088721 1.11471328409838
31.43395151730345 28.19537140577816 0.8560450384227583
1.457323050339391 50.48327937884409 0.9354148056825611
33.43430388739068 21.11110135126444 0.9731103172359353
21.17595744048057 35.71855109311573 0.9128694963936779
43.01090145111591 36.260193902189 1.124426656080567
20.8817360903517 17.14986469370772 0.9999357413107776
20.78377661750828 22.57470801266595 0.9772182877321051
31.84444379938973 45.99465017998342 0.9928883574552867
50.82359745112415 7.196436928676645 1.091294103356941
29.10728152287532 50.03696611292519 0.8645174187645005
24.84599216508027 26.14723050880583 0.890550540712705
17.26693652489546 44.81228437685049 1.063401407546632
8.92338572811493 55.3264353518963 1.016136407057164
29.41979150540186 44.61679555551 0.8986207076890331
23.876989457699 42.67094353664245 0.9479440343473807
32.58055765022549 24.62187911924994 1.03147357970124
42.3589844211745 37.22051770622866 1.033746925089395
15.99412044230575 36.18258184575596 1.046798026746615
29.21954795868115 36.76666029019592 1.044868624441079
41.75202269794048 53.90945541714758 0.8797810650264482
54.41029923987123 0.2071637842837553 0.914823498935088
14.51849439997156 6.333684941443468 0.9798818251156425
2.368978835348496 17.82746992810977 1.055234439048645
5.993750092570553 34.94953648557399 0.9459223645273044
31.31387072676507 32.64593620581829 1.089658223062987
9.023507342219123 16.67285512139688 0.9768929767868886
52.85543699369553 0.2834085204095619 0.8962647613125373
13.11902972316324 25.07498492583399 1.022148893709418
21.98444031643888 40.60038627339545 1.007181153132138
7.469067257581775 45.04112621584959 0.9566176568512348
11.21305141235378 43.78188913631341 1.075971381583231
5.874420539883161 5.163531909307247 0.9017745491046175
43.19293586080565 8.440350884776725 0.9648656349261214
33.18485260251204 17.50680656102803 1.06732466253546
34.17966168242491 53.95274100264196 1.061813924694449
10.22598772925604 30.03509864957775 0.9921100721015215
55.11008357541174 34.286218333657 1.039390310887116
21.21606990006569 20.09452386530792 1.002426607113048
8.135650081157522 22.30424484159064 0.8608894017744457
33.56450365510047 53.38394010783357 1.062480313718389
40.16582921760428 47.11480004252624 1.048903100307003
49.9410869767615 47.2705249098458 1.005166554663179
24.37243969895525 36.55382329716991 0.9900513760467666
2.057941786506186 8.458726789550262 1.10671738006182
5.411467765649533 31.98817097115711 0.9070717238679754
9.272702118508844 2.647617262158365 0.9065880185380608
27.47730955922851 54.82044022941051 1.088017431995571
48.23439550783224 35.61295964038603 0.9397021216000619
31.9968997216769 4.365064520558838 0.8635504026070105
12.57645417730159 15.16272891273849 0.9267142553292503
34.38919917977844 45.82206966719686 0.9737690371312341
45.35604778786937 36.44714096628462 0.9703492081186865
5.339881484555026 40.43959042450394 1.11388412344411
32.34023222110245 42.27371710691308 1.041514973321835
38.43050139417429 3.218842327696664 1.021182324406784
19.02214336582559 13.42740108930851 1.011209672102354
28.59013002858969 2.063771411340577 0.9243326884719637
37.11613869719027 34.02338385117397 1.006394650529885
47.38783833262875 31.18165612974281 1.115806900602204
8.738175511703908 44.66863476283319 0.9631498293082342
47.36089898522985 26.40628910735542 1.115690155587927
49.38036650064419 52.70078046978487 0.9823362673776301
37.97449755015527 12.83472828000538 0.9128165098962693
27.5381404755349 21.06865483339348 0.9072416640283426
22.3960429590177 31.87140403588834 0.8385274940980072
0.6787133918510346 50.98617298760739 1.119235437769402
28.00955681223867 28.83701083941246 1.069723059486025
39.3606207544732 13.83516512756942 1.001265306838769
45.01682125731223 9.866220869992963 0.9722586647069473
17.41709382339245 29.3167083902828 0.9285069718576074
55.72299749763822 26.66950729101408 1.019973123404082
3.478773225321794 8.568877002954892 1.01953806920987
21.40360528296027 21.92824646175292 1.034526297122212
5.521925582327845 28.46157779240123 1.102785909530239
54.54169366766777 53.29293126393712 1.188148820311799
4.68082677930632 55.22040708606151 1.035740636477768
36.01525917510281 18.28866101069779 1.066348061288706
10.45301306594769 18.37587990303332 0.9032932589284546
48.12433899013528 20.14064739557945 1.020713377195568
21.4472793207724 8.541432786985036 1.054309734024062
25.40592742869907 19.79819879438644 0.9663865913342623
56.74923028645536 19.79603341491708 0.9860763877344217
41.72427987667 9.773395125648657 0.9540466067856859
49.61441336181686 15.62116815504672 1.062843430050937
11.91409941898384 44.26364464837296 1.037332670123581
45.37651408900344 2.19320361744296 0.8431325399680387
20.48186465468345 36.33265994085588 0.8999451191744375
42.76765314059688 52.60569081949335 1.022062400829282
15.7463381885301 12.36099768586503 1.079435063788442
42.4334248911745 8.203693974392346 1.00203276094332
56.29937864062347 25.80251877140371 0.9994888208350565
20.28611306067841 41.02365849075078 0.9090281805362457
56.64482667234019 18.15873176611901 1.041264774633933
3.056633425437209 11.55892606478134 1.020923014576622
15.82492072546152 34.23399433690775 0.8898760382184356
10.63468320371335 1.592573839515715 0.9673187798498045
35.48456597024788 45.58602334493121 1.001624487867487
13.90939925467102 20.91799083487969 0.993645088794433
22.67084129511884 53.17376455067367 1.04600787063746
4.510162277384737 44.22189052320174 0.9472072787745972
44.83319940875899 48.60032319165781 0.9367003669445313
28.49368152511012 44.47802605455649 1.014332791022392
56.03695211933784 15.1814313457261 0.9119402246694059
22.98346243844529 12.78908180156214 1.039285999240462
47.02307613846989 0.1181378122969241 1.068536255773858
40.40095700342253 19.8627612683283 0.9680098161596018
39.80351380855009 5.238501879497665 0.9503683826210212
40.58275574053766 5.474355077126229 1.042612723250431
54.32097808659123 40.80614504674736 0.9162428814809304
24.21368439924609 7.080032991282657 0.9565563554465144
22.26146433700876 38.33992240919728 0.8912242826507557
36.03971829360338 11.74491894559232 0.9572784987013156
11.86305678443194 3.549262549983926 0.8536040906297822
45.92555570040157 13.52959619207754 1.036038871501985
29.10553485439417 5.238299279119027 0.9915521136509752
2.612842140073349 12.68829059493183 0.9673279431694929
29.41932589347443 6.450532885012465 0.9590191420821507
53.86302555765166 53.63301029272052 0.9481035082307094
19.88364678476175 35.79203023984657 0.95228276632353
50.55940793760093 55.92336507836514 0.9648604331968006
24.98615948389571 2.400005969870838 1.045222903696958
17.25697603414626 13.91171515775459 1.067562979354845
11.28605541833027 45.03513701634255 0.924114400825782
44.93006083691961 13.89889755840362 0.995123571238886
51.18830377291344 11.18116997470202 0.986881690913175
31.72530360227698 23.60762966638786 1.001117118935415
20.24063993256569 31.1622687625523 0.8625461377722199
40.8078146617896 40.12428671732744 1.026098718263693
39.04765179569258 0.4912481878377721 0.9175045744149257
48.07493608355286 7.033811253045598 0.8987248893300906
48.02367362241431 32.23158185567315 0.9209558023542128
6.855993309456852 35.95373443279124 0.9783587132090472
34.5964496259561 7.054485516182373 1.018237844200715
9.084057118317139 36.6480647491515 0.9526160015203868
47.82923472385352 0.4482121832893287 0.9947839076914805
26.87999055761843 8.460937583568011 1.091254470230237
39.62320634612031 12.84435597846487 1.002629438141624
30.24491720751157 49.57750534851919 0.9655960396504871
50.06875353635697 38.28651463486558 1.03971958335299
19.32638022970705 52.96000769406557 1.040136634736002
14.78086398717988 37.64210034843632 1.06177526683327
15.50348852272308 21.63685732317942 0.9677274107294295
29.21627824391065 51.19228438064097 0.9839027185351253
11.68845345298222 38.30033536222779 1.143891694583612
41.57269625345836 21.6695838271033 1.037789599268036
37.85957427036929 11.4526867845341 0.909325236549354
1.573317274718227 12.75372775679162 1.007947111470488
22.74047159205213 31.8182344822298 0.9886412307716403
44.11080345889125 55.39998664166778 0.9830737377473843
51.23856480477311 6.437183662055611 1.020230464069406
46.70909035564824 9.140858296370533 1.037425638217826
21.49909182614605 5.212578851828622 1.140324700719389
9.846546788628467 2.993993836917912 1.033311329592829
32.28721096147188 21.53500024161069 0.9614542119007329
1.946362302147952 25.86702545260406 1.022043527823037
27.79714391836763 39.80593659905993 1.026727988921594
13.68139305928787 15.44252375161393 1.054525796862097
13.7112639675435 19.01262616459868 0.9760518266333338
17.41261277972377 22.63313869975188 0.9999087806867207
7.259251088490361 11.77260706237173 0.9891898904848218
2.180920269424524 51.69118097829222 0.8394385131041785
9.08414861098125 12.02746705805299 1.119300023706423
47.49891966371747 35.50882962835433 1.057631779904423
7.846529440417201 18.29606355554241 1.073430070792767
19.22372885803866 11.01681836043336 0.9551247093747542
27.05927118941176 32.90512194386922 1.125746931596125
51.9177481084679 54.85391606011144 0.9790875898053747
41.59260258339001 12.33036086164897 1.067017853242226
24.1029679240207 26.97718491078223 0.9736136865674166
45.82019508947627 45.01643330930566 0.9498256474360817
3.028582390411097 37.39278907626532 1.026216753072544
48.42191512436695 36.59104969007478 1.089447723308815
15.09987929188641 27.21882250449566 0.9216518999551369
0.2168982905414413 33.41464549275797 0.939344721944446
44.43146387973403 42.44433534492009 0.912191484623164
52.34574909244932 13.89080599178132 1.089054520023265
11.74472202535007 10.80747305872267 0.989154414619231
2.593858009480805 32.2317767586707 0.9969879168110479
2.208961642910243 48.47952179353662 0.9568348612495494
14.71325924280717 0.175368583842818 1.014313816958191
7.22592410921395 42.50921951630582 1.006063639401695
34.81366255358498 55.6478392335809 1.036916007808973
37.56867396857994 37.200148498267 0.9908022688955374
24.40477809561639 37.78557225912137 1.054980431344214
0.2261994077014734 1.046257817673617 0.9275104976356371
25.23417759604481 52.57194850015079 1.031159978426287
42.83544567452532 26.68178583480501 0.9815843865378977
5.256521130100135 45.42930368400612 0.9807151316379891
56.3953696276971 29.8393888603148 0.9894200149220567
4.297892820228773 38.87600672704913 0.8997557976531935
24.38522621681226 5.073924891219439 0.992679360848911
10.17165616302363 46.48549542319285 0.8457000486985393
28.52590239072493 40.30043785939944 0.8474643140812458
9.454500855623978 28.75210179842641 1.050561292354341
24.3240502720345 56.28375951307069 1.104957066285578
29.13772654958895 10.15949592001713 1.157051772944587
55.58879963056594 27.87910791480872 0.9324696523793962
42.31009554039225 13.71492922153088 1.116039103352788
43.55431810838837 36.29952497142345 1.030769552599919
23.58147186859579 13.81458044602283 1.019447021876682
18.88850533724227 0.9949980638897968 1.019303810591393
37.45219350860091 21.14838584612514 0.9696359242754135
47.43827523637483 0.2675453062483786 1.071178438627834
49.01333235810201 31.78497091344789 0.8945339029875817
31.06873042651859 7.093950334048807 1.055984061923455
26.49687855015364 0.03427574785159703 0.9691245895392702
27.91338366266032 26.79829355413015 1.117451126093894
38.80060740225046 2.915015813854996 0.9819858511528501
39.21454078527844 35.0852305908153 0.9026500583213802
39.16950593011897 30.03788268614462 0.9743379382937484
31.03288075003442 6.504122158281562 0.9977107141204902
22.20639711348638 22.76820894552777 0.9461873429678812
43.02943950520336 4.080234745089074 0.9483513053479434
13.28698687035916 35.04277186330537 1.072077406073499
51.38015449344188 9.933936085055553 1.02688847976887
55.33716101541052 20.87703301705282 1.038056576781399
45.96271119777239 37.88159549556747 0.9377276766712254
9.623652556735861 27.76331857348016 0.9403287583599966
53.11824405757628 23.01115209470091 1.099524616462503
56.21264186977066 35.28774996115256 0.9931401985224551
36.3457612019711 27.08191553087994 1.052049196582516
31.76869267773288 1.552158288914784 1.018514372663851
14.57159985302556 35.87956395506838 1.023374861950752
49.4908869580789 27.85858674992742 0.9988684920006182
19.10179740474643 8.302490258730245 0.8853794483927664
38.29002870167141 17.43895839361425 1.084617266931656
0.2643173962199676 18.14223447355546 1.002910148024494
29.13983603014603 9.887969952955828 0.9583347269556919
31.01538123191119 42.02379707806921 1.046596502403907
35.94759940772671 30.22802307513916 1.059302627848329
55.49259359459048 56.65730821465016 0.8611245117525691
2.078549692909489 30.26128624578066 0.9161628098581176
30.80823809784289 11.16282539030669 0.9352180702027334
43.63965310651793 44.73057391621665 0.956410821567748
53.03306417494689 20.80894670859396 1.021104402229662
23.18040887833592 25.21258745072996 0.9707350107281805
43.35482192428542 41.20702324677585 0.9048704153465204
33.33269625405441 32.26037494477833 1.049043915726144
37.57610056110476 37.59571900898391 0.8801873795645315
8.087704129557919 36.06869412915255 0.9264953284488392
9.329980374933211 38.46249372719903 1.035093121990531
5.094927965241917 28.001918807161 1.009633598424559
39.16474419746769 40.88321319030747 1.033499602313826
23.63373997930146 21.68366220439023 0.963918345765972
42.4926089129842 12.80507255336506 1.074035248089725
44.87939160497831 54.55979612961402 1.051943557068161
38.76681937638988 12.58249505543266 1.147227755727294
6.494588447499363 35.91028993619154 0.9301457256792893
12.00135987717722 0.5066730759603312 0.8732089042846756
4.374479452788122 20.08906403327783 1.093493475587718
30.25531785574524 45.90534758004609 1.057512379560171
23.09000037707854 35.35024584752985 0.9326377858696152
14.25341191061466 56.07201058467478 0.9043754383166176
4.216773598090175 37.88715188991611 1.057160019956825
0.553955991079079 6.248281648963821 0.9801863285021012
6.646509826484373 45.43334759605739 1.08710088515839
55.47880373638068 26.16214954627778 0.9453414658783301
21.48518706461656 18.40937625123625 1.016116785364361
18.91604932719657 54.31538944287011 1.069298163310267
53.5756109750716 55.49141653230945 0.9780000124324055
44.39676411235554 5.032896443285465 1.13764756617455
5.181174651803996 4.304030473019942 0.8619187115942977
3.376041031152029 29.58323050224373 0.9522709393312887
0.3217384257920731 24.13171382021704 0.9833571678799015
30.37999546918087 30.07117760184741 0.9969422615198716
46.30904203947123 34.18807324775871 0.9465576735362902
19.76297037618373 14.44628996609072 0.9656941517535871
35.13875265798473 41.24815744080029 0.9815914671289907
17.73470438259407 51.77171554452354 1.190754924121962
25.39505206439414 14.31031533112298 1.063732052774387
12.37084460042922 46.32241881374382 1.087954320452089
41.96392660912309 37.73730150458277 1.027819072187978
10.32053198028381 9.078743775411855 0.9673852228072846
12.47168146049216 33.74519978218954 1.037838517742059
6.816377357494262 56.26348025829693 0.9511042108924198
20.03975017743173 22.783863613747 1.030940581963325
37.23015357983771 43.37883600144593 0.9445395815186056
24.05087799441576 13.08581977062198 1.059951698454894
7.857535288602828 39.8535506608214 0.9366371880349269
56.09589770813282 1.120667338893128 1.037642432660621
38.78056347499628 2.562343391851682 1.0599458959745
29.55956065727377 23.74449008411937 1.070435821134083
12.08445772439449 50.62017687671826 1.084664807891078
47.3953098088481 24.55613918488665 0.9849752908733707
10.40781608801699 34.18175401640206 0.9993944144419142
56.61322825942805 30.44756626544872 1.048275043150017
51.23214757779247 37.30116481347995 0.9153403943068817
50.28159098060875 8.690646174219738 0.9838446860199866
48.54419683504113 21.18264484553721 0.9962132746848994
2.259793608104714 38.7356956264636 1.014245495546823
41.29803901831528 33.97934737288363 0.972645549946125
7.784847140677668 24.59768388820704 0.9410890694741354
18.2178607649253 5.691223162082593 0.9098722620390707
44.42544404995881 45.58323739729041 0.9407213592450852
28.28082640342453 22.73060901729884 0.9851192119910029
13.50751102553099 41.53111322248872 1.044343626688439
16.43030475100051 43.91902517337306 0.9880333770570582
54.34709745056326 7.974501586041646 0.9627830294493038
40.64724814176897 31.00823623082053 1.042414903598787
46.50080408086107 48.43209528244664 0.9558270760862086
10.48794062272084 55.7268441974776 0.9349350647303037
5.407018254700591 16.52891181247724 0.9993431133409778
22.18311123511899 24.84093073887794 1.050189427227476
50.90261865914921 35.69062226064998 1.019811031474851
50.03697004124381 2.860585588431258 1.109374648181351
18.12334711762301 47.38406746526438 0.9877392425626204
46.99095852393236 0.5452843869781514 0.9047969921952719
38.74647387105342 30.63820663915864 0.9827551482233254
22.07030189506258 30.15944071028355 1.20836134132099
33.04399538601003 33.37170204258138 1.037394007211506
32.09854624005898 52.39023984893702 1.045979554542096
3.060847794665419 28.6586505489697 0.903354982731966
53.49958128784764 17.46486812339391 0.8534388878522872
3.934581290434386 5.871625222671603 1.048490503523435
37.07594719346424 7.330836971444468 0.9634843584464006
50.22544774283909 55.19929431108725 1.09920340639231
4.605819304290144 6.170785292131261 0.9750508696283465
18.34406957325715 36.15933992208883 1.109443681189633
9.318780605829684 10.46205857697039 1.054362466854313
16.7860735109011 56.30200220006611 0.901902629592351
25.29880141015109 17.04285156123473 0.9238169328333236
35.71935961009905 29.23338270058547 1.067566266470952
19.59824482845061 2.990423950827878 0.9824576314098816
0.3440635382868645 12.823692544747 0.968557105506439
42.76483093563692 21.49004676634913 0.8734451604649706
31.78481497512423 4.10890048235138 0.9588074224183208
19.66493676959767 4.309345435029522 1.035616546049231
9.270169467791062 16.65893135529893 0.9275019351947238
22.21690297695664 42.012575119274 0.9273573321565121
33.78008702061143 0.9362625605129928 1.014895436328355
2.684987728802947 51.29355266564225 1.062571530229525
46.66789519305708 3.874705964175382 1.166683678558306
28.04216942146521 4.273550622292585 1.024905144902367
39.22625203208358 28.69155608336048 0.987103542756248
38.65972337762813 33.14136561106023 0.8893153396401561
31.05886941778421 47.92989287196188 0.9955972255453298
51.89230436221338 9.514070648939382 1.075194840751792
43.99007006315052 17.10920731262733 0.9821862900165972
18.04546987314032 8.77260356153017 1.053065759953302
20.46472083519433 11.99495897395302 0.9604489998823207
6.28851163959527 32.28470137635465 1.104355774025608
27.02441452817266 55.64103228023324 0.9161574805266688
3.786700824176288 15.98463583550632 1.023676279061014
38.57054950975373 17.26312963909615 0.9478973552040062
50.40449525015638 16.79302923604521 1.089680996785042
11.16016570625834 43.20479218997284 0.9761800452989723
52.71886286545492 31.03593387642686 1.016496326016471
23.16167735455636 47.24550863366831 1.017864598497185
56.01811219519848 15.27081174229775 1.032765336672968
53.20210622819238 41.63491837849604 0.9799329996703917
16.91961972830799 8.444934807924989 1.007653972056745
1.131650094935508 55.75644375977872 1.022053738554337
8.635437133086583 11.74478583398498 0.9291042852161194
50.87466978694995 47.20598664284032 1.156530269770531
10.43625950367947 22.41241072323751 1.009804638912521
53.40185881471348 21.59642520993782 1.032721041952492
27.64889527840954 4.336065725579888 0.9455472930921481
14.48365647787399 50.8105726329659 1.061921121287903
24.56055912727516 31.21982606231227 1.018262002088507
35.23460490640002 5.981079407027494 1.055143678395072
14.42601424149518 34.84209399849274 1.012146796059818
50.91066839448673 22.38409925130387 0.9347301730451574
49.75209217041363 6.136800531827286 1.016781298147218
43.21562726246921 3.188351647550404 1.135832950475563
24.78477685748822 37.16641416827515 1.000601260925865
23.06520867862981 52.43367213589776 1.06128523143419
46.24424476886366 36.08405425310324 1.088061870012857
46.8386125680239 24.26196460298354 0.8832648863267009
55.48179066529581 7.918345660864537 1.009799716133309
20.38025110232655 32.19223454231035 1.009780674317305
10.03432851426039 53.98323869005928 0.9605634404665817
0.1903645685829057 22.76645643765407 1.078500775036342
40.45605021224173 15.58888138392422 1.00329867118641
52.46978800905393 12.00526144076384 0.9942360312348761
49.17167560903899 21.27157611319403 1.018669077482107
15.68823697589721 33.67415550289403 1.036296738631824
29.19444632120172 42.44195051046179 0.9716566238230138
6.058225533020788 27.67623695995484 0.9932873249276369
2.868471475722488 53.43286649344157 1.071180888705795
4.244741979169073 12.90279998998288 1.06387395089173
38.75435622816642 8.042510549091972 1.021353189073008
42.22688568300888 22.21040641386546 1.124196744857493
34.2156678546293 21.83775936758041 0.9342517418908415
0.9512385055195719 26.38734346366829 0.9431479037297842
3.061498940019635 44.92977677701496 1.070028213963432
21.57195719963497 15.81970866947421 1.056573846784106
1.261659153393311 42.64705614775747 1.020551871497005
21.44264045424882 51.62195532471964 0.9750320440249816
48.05482179161852 16.33027476227389 0.9021612208363411
37.21391191995419 41.47092694857667 0.9033763028196812
34.41637627008203 2.519737511649605 0.9407658376766399
23.92567892322581 19.64326195309091 1.085024985635414
0.3399355920683292 1.945811780144373 0.983180418386508
12.39483022382242 1.291174097587901 1.032500451402129
17.93064957900469 31.3946541838323 0.9997991965408539
43.43394248161183 39.50260677863965 0.9757738707114137
33.26901027293364 48.47602200669983 1.082774838803094
8.669829217563304 54.71165072718247 0.9515615143490235
22.02276263061108 34.15279909649529 1.091302384214285
37.08563676294202 2.236674550565274 1.033449006354774
3.370755584617497 42.04552182138223 0.985851487627081
15.68336421515949 28.10089953667526 0.8829414994214105
30.04671131681964 44.99742290144666 1.038491214898893
17.31447393135842 1.379866534089607 1.042565336456669
32.77452071792191 29.93553106111266 1.094668046168018
17.74773028900276 22.98888354468573 0.9795335403923509
48.72839128911886 0.5628828031769408 0.9879670618691873
25.38349537569261 13.75115391972994 0.9429878624541106
15.98782847029521 53.33940791820148 1.015386711153863
6.320150211602519 34.10767136845163 0.9888912163499841
19.15319318983387 8.062874395429564 1.012331585938847
37.79180533289528 51.75578586745811 0.9090670859176582
39.75320874236208 41.40064818710119 0.9772747265319078
12.21838315726183 26.25479732186291 1.079972220772686
56.19032838297557 37.39350198646705 0.9570668509353535
10.98178739332677 52.14863254043676 0.8599252007297895
56.77676591546124 23.1386338375223 1.133511510591612
26.00957574788927 25.16026126461116 0.9611592898421115
30.62939340324579 52.87761622754746 1.013153126259835
0.06466553922028538 36.9495436148483 1.077191475496849
46.64044943761101 49.13848075929027 1.005474149014682
0.5070501149199205 27.4322547439636 0.9736669604276014
38.27077139367851 26.64747531602507 1.103762762449717
8.993872531221189 50.48915455094033 1.000315627991575
38.48205842612407 52.09260102086356 1.055154734105904
9.033146188609836 49.46384581945085 1.037526269845784
17.91053873762048 47.01799942367617 1.058885179138954
6.582022574535581 43.92011448550975 1.062066043435521
47.64537210652855 45.80765409153311 0.944774370361255
39.34942653279259 47.71003764574883 0.8973716387113658
40.15421336523919 15.39764709090704 0.982586803055937
4.473194834996571 40.66126350670181 1.04417914679672
8.254487850821803 24.10067322854915 1.031865311025406
18.01493675122733 17.24836038204299 0.9249852238614569
45.88800461072847 56.07188617907087 0.9438773997999312
9.009810356893489 54.92115079933831 0.9337554966159749
46.26904328878459 44.94656211088717 1.034296253123892
53.36638519510924 4.447303950529221 1.105763717733
50.25495804206233 13.7677989223822 1.019898320415003
34.72179492084393 19.01215569535836 0.8660572893600851
34.4098028128081 30.57570785962777 0.9697735171440469
1.537271739699539 20.23970464767875 0.9203968337255187
44.3403778762279 39.95810601951466 0.9721008242600033
27.04011997256434 4.930205602632 0.9950373841084716
4.002091781702867 5.885125738980773 1.010016639447938
13.84927535608843 52.53782378022458 1.028248846440196
28.34654834184169 23.08403180124426 1.023114852434367
11.1196305808237 54.44906136647289 1.061944860490589
28.02476919955796 42.49731182702692 1.045323612775354
8.769138014767849 49.96793846784529 0.8691706136576807
1.039721467085053 29.80135986944724 1.09383805604946
38.2573159734054 5.041813248787919 1.050834561392801
0.5796370024698028 40.8226552390599 1.01547541696135
47.32040619539116 5.56373146575118 1.046819136136238
6.914211097599106 34.08038500187936 1.159024460447321
45.05953259163515 52.27644803108482 0.8740265554689288
18.36047980578639 37.3074904681684 0.9759161400048849
13.85514224686434 2.320519866571072 1.117853983983589
44.81783172014068 34.60606185002535 0.9765428839403445
34.8478498877249 40.10690313768895 0.9050546427459185
5.436094501258849 31.75529918156345 1.011867176116489
40.5752542179894 43.69341047466425 0.9050605100713456
38.8000017776154 37.37674945936387 1.085267529787779
3.084395038934609 29.12040797300656 1.055082041156993
2.601191118639517 49.85469204925685 1.081062966830717
15.39264819929034 47.66072371027466 1.047234519105794
7.06680459066611 6.491619859585361 1.060056069490524
21.88799852826074 20.92194683753045 1.018320607901489
5.801858257410051 53.62997144629712 0.9812382301641507
25.33098418700089 40.64970817167764 1.018361976631148
30.80186105650005 34.99885673820919 1.030785021976846
28.86637953336648 10.59897348685142 1.054936288728427
38.65725480097218 42.38798040262795 1.114481346458467
26.77089592058719 54.04990300026252 0.889958222719109
38.63041106035487 40.11550870356872 1.036810472800623
21.39365583397153 3.518409562072907 1.003775991850471
51.24333192559114 9.839313798509219 0.9458490978182333
26.83576700642508 19.57431608604934 1.075601198962508
48.74561062257067 49.42273901748599 0.9544939646134621
22.91148120207315 20.61199015593715 0.9892288050561999
31.27837146691902 50.99743547709539 0.9670468103703047
20.51706931717557 14.06516072436476 0.9606323243660599
56.45314112699271 54.68453526901293 0.9991231504932293
56.22422709186758 32.50184521335263 1.046757536809062
15.61735391692135 33.98022705082792 0.920459485221171
41.37304768775266 19.65480945802052 1.021616374021923
29.49412325652974 34.02178961738096 0.9352576824329438
55.19069567285045 22.9831452267166 0.929347388506393
10.89576969058056 32.34004177727738 1.0731067739061
9.234312624779676 33.80725089265371 0.9976808397691346
6.253460579669783 17.49639792344365 1.046542850260633
41.29556409795562 34.16709992809552 1.090518839762078
31.85163517056575 18.8949491069163 0.9347509811211668
16.25055041175827 44.43820641396483 1.000696991869018
21.41843343825007 41.12263492034871 1.005846286206843
51.52271378670014 28.60445604920595 0.9342367439941535
5.626245640044215 17.92971015345757 0.8714856154071672
46.99998224340379 46.22067682129362 0.9885702562379872
21.56071857202832 43.97559641207364 1.00258424986602
34.70300280009536 17.51275047870015 1.002301327834372
44.74315385229101 5.485082094317806 1.020054338909325
49.17872935634978 29.03871792370394 0.9309722249814468
12.78742309556688 14.50381716643638 1.046233330131042
30.74440047831479 29.03797350732515 1.002728552016193
3.905877809462081 23.36045701865128 0.9636583416328922
14.61662263125955 55.42859159616222 1.01373537094929
22.44542861284941 0.5911587079014436 1.055040856812278
52.28534729186695 12.4454108297105 1.007705587000378
13.34116276369484 11.37255407468069 1.092427991402919
17.00222743814915 48.0441655637902 0.8715552913184429
22.72649697015364 16.62845837912916 1.004034707458128
21.71893104711498 14.90522629996074 0.9686635868814693
18.87493023596468 0.4990781231313376 0.9979777655259293
30.49257290572514 20.8169537898232 1.157569064425944
44.17741080847448 45.60968849184443 1.066598853524904
32.82704231134944 39.14232387633171 1.02796500101794
39.73348258423316 18.25067286903536 0.9942187937914134
10.71788172736665 29.54531808688553 0.9820944285102365
40.91787216156622 8.279531359802712 1.079740481301028
15.1032100548517 12.80317668840437 1.130836620986255
29.43163506753353 46.23231138625756 0.9440930091174373
52.73493332496609 18.09881134382394 0.9828284117428948
19.55341071568123 12.47835466520784 1.063149140915602
22.98868909291396 50.04598362140636 1.042303909903584
27.44443433659358 20.47271926350552 1.007961001791742
42.59144341880057 3.271476621400321 0.8960648817609806
14.89384375787053 18.0847458132006 0.9891664997370643
36.32087376402732 55.81171591943676 1.064393704166681
11.61489258129843 50.87765751214589 0.9940007589838599
32.25379081734167 41.04652764883196 0.9941662871511536
2.145338966113207 33.71339332764661 1.132470994282609
50.47833508554768 21.69874968179444 0.9578419728119332
14.74473330320079 22.4870564213428 1.061983768795325
13.44877910541779 42.18916763979437 1.040841066232056
7.596991520187347 47.00459178025117 1.040567973446671
30.92334446912787 34.40443341173438 1.016360796845964
44.62890411989247 21.85345637139559 1.038908557445463
33.01137855649525 56.2437967011909 0.9504843550280412
40.29032432348017 55.84108278194493 0.9687538955733545
36.25389346305928 42.43566328959338 1.05620197351539
7.134412971387809 21.7462240493606 1.184924754911986
46.19925270052592 21.8791462745886 1.005854062576283
1.688254277076691 52.52895814903498 0.9258958828953037
18.76787492715189 9.285245797264038 1.039496963701938
43.68967920899842 44.79997090287505 1.0261562395282
38.50840762327817 39.17885840739071 0.8453368327490277
4.032314778786299 2.398644196986521 0.8616989852334991
25.38110841781884 19.76342866232778 0.973187832365298
18.60451141773002 46.91770703388271 0.9758819276116368
51.10709603089239 51.15898750077886 0.9473259315825523
23.12065525032611 3.138491967757461 0.9662396262469014
11.49722000933123 30.18896913816639 0.8988767202004393
25.71792726065867 52.09942307700376 1.031903174925281
22.47072011021465 11.25147713685943 0.9629646520802717
56.05144806627717 26.299050070019 1.031196590920582
48.33925772660378 25.43871370676845 0.8405231262004221
15.13500114117516 38.50117147457841 0.9862446234333266
29.48890297230747 33.73951255890518 0.8143094076459866
27.89850003314135 48.0688140644081 0.9969283249035237
24.83750797893736 43.80371155673811 0.9663005582740906
21.14713236742985 23.27375164780475 1.036376941687631
24.60069656353476 46.86505962808852 1.067111579256516
1.116536764947947 6.163817145006646 0.9634046636940262
56.23181599296248 0.1679848046824265 1.084562989221678
25.60669851145088 27.89922902821527 1.017571737332951
42.94264617187094 53.44405641520585 0.8912598479565934
34.81715984540859 6.364106371702676 1.096081277767556
44.80160118164569 5.715659852007246 1.012146146530713
8.766144954490542 24.74440473073367 0.9724061385827938
5.735326527960285 33.3668415180253 0.9654286028523115
23.43825819177472 15.72600109722745 0.8906488991797628
30.27231837123275 22.67007415819451 0.9630620491509247
13.24114782467538 41.50068441336075 0.9795456127735034
33.63441461447366 56.18379399654632 0.9545888280884456
0.2614412565070396 15.88996869180816 1.136205860932308
46.55671605214324 35.07860110191563 1.105022392874107
40.79426095392288 19.68699547307892 0.8880289408482737
46.99742636782928 33.31363233612554 1.045728908474613
15.77520721628107 25.80406310493316 0.9762771831286224
18.33910343532409 21.51053377078405 1.005953552171925
45.61903499701015 25.60916278819049 0.9647635708134269
48.67456889137373 18.8913533682429 0.944747512333322
49.06923920664435 1.26095354243226 0.9910749878026152
3.704178714521313 30.01398000866826 0.9465038518716831
45.90394870047641 16.16878341518752 0.9958834450895571
39.04422107294398 11.15802373744455 0.9834451561554963
30.84501921052347 40.52452696372034 1.064409441279254
56.15211433644971 47.88293736096608 0.8946953888821573
16.68700043935655 52.45832910363485 1.043597170306788
36.43785532351483 18.85790503577232 0.7965602198966013
44.4670678505055 20.08146573606947 0.9944989031255416
43.9482436622252 35.74630477034781 0.8991871429226478
40.26668954140818 19.71925968291204 0.9949372076296544
12.83573613261605 43.9708682559295 1.026951454062239
47.93648825350054 38.63718836551401 1.052272283018191
55.61658693739054 29.98070929990183 0.9897695893527736
32.66821449700194 51.9713056366757 1.051194887775764
14.52316862136273 9.787440165312701 1.013021211596709
5.245769242404853 46.33648248637863 0.9106283016760074
50.06807412303429 33.65266611364328 1.055042703135372
53.73413184971275 1.341616416043423 0.9140614614748785
16.28144669080221 24.38415235252313 0.9813943994967456
43.51900448813988 36.83665172701546 1.105649610985963
8.199938687588991 34.45549271509773 0.9466179022414529
7.436201988456864 11.26905216894534 0.9753168039480915
55.96021315826113 3.255393288682864 1.072279223938377
55.22669895190126 49.43245210379011 1.148080149276608
41.41586782057577 8.12532608822236 1.087236369901225
54.46180860114368 16.71069523445829 0.97666839736477
23.31430317662391 11.85518135496191 0.990191276146726
13.19679777100533 13.52728387225758 1.029880123654979
44.4325873523171 26.11319680377524 1.020854416384419
51.8653319957039 56.59442456606516 0.8940478665617086
11.37265108822503 3.065270656750198 1.041850830400795
9.881796255187037 41.48611926961975 1.172499199148112
41.11554332315714 8.842009413448167 0.9545055194213328
40.47043706871124 42.96821148366119 1.077982656403316
11.45727885628924 24.88630486274432 1.01716939407842
14.54794189918225 48.55534617302722 1.058776246759889
51.81059525525691 37.86224507580616 1.003796162526485
42.72052210276971 18.65913636035246 0.9948350913521969
19.8792667891268 37.58585407193092 1.036097559085968
40.65112472868111 52.30347818103781 0.8655950296040582
4.098409031563629 50.53292098386815 1.081639317514934
2.374930370773622 24.53110995587479 1.040490547167747
7.238779107219902 42.84536743948486 0.9615558924312655
10.73167227568648 4.592859011419518 0.9294141050290839
53.79595798430776 25.27961420141143 0.9536478552786478
16.16605793180226 46.24670187907606 1.026286583628535
52.39580678073494 1.886580008029277 0.9704816877686864
39.47243407996019 26.15939911276074 0.9540334005058211
46.52699144721357 23.12355878209861 1.060405341477691
16.65647976596676 1.25247466482803 0.9807877013525894
38.83935280695528 19.03141013674038 1.094999313795405
4.876777576225241 36.28290608678149 0.9853193959764737
7.774189877684316 15.60844985191172 0.9705019327038409
40.88806405332315 37.02397025610505 1.015255470414021
53.17670104847136 47.02992333054073 1.095251361713897
54.08246265681575 52.74876084725781 1.092316233425449
26.0863884976536 49.478269411008 1.00734091691698
7.753342954327047 37.10777493524727 1.034932528484723
3.151625796757464 54.28033440154061 0.9929863956371753
47.90573485377512 19.88781348331264 0.95438822055114
25.86697775538405 29.7450876341877 1.043417672416076
18.82321954836288 43.79600119627826 1.019540710506192
30.93346846286835 26.59740945258989 1.110203365555557
51.83320379063171 27.34425833651063 1.019873144555662
33.32243840551117 31.41590667954456 1.006669652413868
27.16466752680236 33.27033345274177 0.9253658466593733
22.88317044679223 24.80000838208944 1.01080052120164
4.907783290794018 13.41418593349596 0.9078059347516394
27.9168477761172 8.1391170081399 0.9141137679159497
28.02693049145254 6.895666779436016 1.084566280799228
48.56767026408001 9.946154111505559 1.007202058217256
36.98829923849008 56.1466063559738 1.045680724586475
47.28893117946057 11.15585652652935 1.060318782739357
38.50011486303998 18.76155983645542 1.061722398186308
16.53804162309414 45.68405981812815 1.026898410862122
21.95439324432723 15.04963134557457 1.036565519397917
11.50271750544324 32.21695338106572 0.9555303397879272
45.63113931456168 16.60299252281105 1.063217012221735
24.54961783091986 26.65982833861365 1.048308320028501
33.55549511804967 26.99324536369799 1.013895799959676
5.522702433877952 35.10172427357255 0.9776047863433027
10.58142189196377 17.37243438808827 1.007583801271751
1.411464071092878 0.8703530714243431 1.110124632619429
42.99248804151662 10.0284057511149 1.000202958159018
5.612145338492535 2.530529638068066 0.9648849452819849
12.82823758284945 0.7359562934078072 1.079496032864542
52.88381216809331 1.514382303000606 1.07466402977512
18.11737482581166 41.69607497365031 0.9348671207065362
11.17477979472595 53.54294997851502 1.081217942136423
23.53619531567031 42.79532572990065 1.043899096908098
22.83199915980548 3.920330465268497 1.028178813076282
21.29276487989945 46.47164751611261 1.094973808751288
34.28377414973628 49.82105579451707 0.873618478913642
2.84946154563197 38.93437838318496 1.074107559855736
22.80679180277828 1.561927088332329 0.9171109654608325
22.22878590190261 49.54122220330929 1.041358908327745
12.77598691069334 18.11259804345323 1.004243565162247
2.627549499565526 12.17297933212154 1.067289943004834
14.61851897398872 13.80232929429148 1.004123888775645
37.68646797336939 24.36460336687258 0.9703606482217297
36.17245509157537 25.74665141838912 1.050161056024183
50.2862757394492 48.54053195265146 0.89846927703863
55.33806073308832 53.13573728508118 0.8446725938944246
54.6976643999562 10.18789490321087 1.041706532197026
33.18488312660944 19.92645027531611 1.030203843029622
18.88331403764119 40.66659784487756 1.011394862193315
8.95770089186621 33.50183303817261 0.9938863896960045
28.39297528164134 56.00153134623613 1.014664555443986
49.92575480226695 9.079443255010734 1.021172096551115
34.82609467339986 24.14415910520784 0.8183000681899495
29.56342981223177 50.0443935813589 0.9929170052160475
41.58492550746767 0.5440183535888876 0.9670387860909542
18.98544281021945 15.05983579021871 0.8958742771423958
25.24773069342958 54.87375398952223 0.9399830601921517
36.60955745894907 27.97684777340705 0.9477900784054925
24.76156935969441 5.717938037923508 1.073780336275473
1.315203569510581 33.71927025156062 0.9144393016407627
16.41686507054458 54.51828425960535 0.8974439899407637
45.29595582014693 45.98029488277636 1.023636652244824
11.83000038137194 32.14760332188923 1.023712237599649
48.04593182077907 30.81544319159139 0.9647477569789797
47.49855037522435 15.45516980553752 1.041831331157787
10.6085566466714 27.10810780763072 0.956400736607078
3.161118658334538 46.07191715485971 1.040954802996895
44.9128571901996 42.38088973443065 1.047208011633438
52.99363609216811 42.64170989191239 1.071456026049744
26.62441282096524 15.68582565183091 1.022974015163105
13.20410991143627 52.08946240045571 0.9657055375268643
32.02157274774349 3.766787725857826 1.057711758981362
35.91439104774706 33.63730763533959 1.052974250782748
17.66701632070682 26.121830159855 0.9761596725225588
41.57699999193521 56.98066696570286 1.020953471205584
35.27367450356189 28.00901757087978 0.9921930369012902
39.20260450951876 0.5849662444484263 1.03700198913362
12.10230521722804 27.11546167317567 1.034966485183301
42.60006297267977 36.0456321118612 0.9362189004837147
54.6453177228781 49.39356955298855 0.9150151111996664
44.48303195344425 54.10848275111452 0.969121922614248
14.6162153336295 30.07440776800476 1.041984403564684
6.71171540334435 1.627072200936765 1.023745511378948
19.65243654123155 53.08382572237581 1.068336083942838
11.09670146279815 14.44105856047993 1.011618490030981
51.07330646555559 23.19900668002619 1.059483460716003
23.15735973425086 50.97773952455155 1.090951192632777
18.99865446239647 8.757422680387936 0.8705648286274114
1.150992233376481 52.11028163978377 1.016631022755943
27.49339976650355 45.63402418682073 1.028708966749456
18.70843192828281 33.17882024458554 1.043705447424466
35.64022148150961 25.42014733162716 1.025429045922913
21.50397302746027 44.59853134239024 1.005984954103696
2.52209450282254 17.56846566245354 1.134549657724484
11.0568058835607 43.76154617907552 1.089509477302312
49.20160714080632 5.130112322573602 1.023896146778419
42.16927476700828 33.11791259335257 0.9157454125033271
27.73586687247077 4.167929229404744 1.091806003186126
52.86952012212459 48.30530118118287 0.9514114214132805
31.66035166739503 45.0882844599375 1.066945199880538
21.26710467798035 12.05513770974015 1.015045649394856
18.78893092730499 56.07299712350266 1.040000891050926
43.6715284393502 12.86989020876116 0.9384287070045011
0.8613696172187895 19.33637315562757 0.9684419275062169
6.097919308160394 39.83204590335118 1.036408525139817
17.04828784989579 16.0584721672621 1.025577132123463
6.385491819766114 34.05172000781248 1.033415979027151
45.08527860608198 27.19739323444543 1.092744758205089
18.50269438908561 51.73839918232449 0.9372858634207979
29.04308313505868 51.91761064385884 1.021962945483005
6.972748353598988 6.896113705307299 1.016723498791589
49.38318493654168 17.3205440595376 1.030875644275311
30.19043429484146 48.05038730383403 1.076380854340328
55.39108653151946 20.82087305738631 0.9870440312157442
20.54747798039926 20.24309221200789 0.9620520642495023
22.23441324487068 12.72386271447123 1.000445567357668
46.7755827488264 52.65441091528833 0.9222208888801504
55.81729832562492 9.853630237213164 0.9035437899614176
4.592029392994954 8.652292698925498 1.0699627112651
12.23760330548398 49.69921219753996 0.9946161093967412
56.59532590284726 51.3456654750489 0.9846199665948465
36.53089574516327 46.78434356291981 0.9105849919817449
37.83473084021114 28.79146532937487 1.009048691304714
30.54220307084834 40.80329364482467 1.124296391665718
3.820144272791289 53.82794914945399 1.104334079266583
54.43821424359373 26.05455754420467 1.03144040095151
13.81175359609153 13.77305421641704 0.9307492177335096
45.92325973088074 26.04935690157551 0.985106054354234
42.23140569135146 24.79060430582175 1.011127570061636
52.85193582663868 15.63178448920687 1.103384081211616
44.42324981858174 8.054137363589433 1.119833864215135
17.4899602851318 20.70372096109377 0.949411729228205
17.53167008400507 39.68747363876899 1.096740107577503
47.36466210212775 27.08348192138759 1.045622075166624
26.41087650759652 45.35657760657211 1.044672334056451
41.53088561889291 35.59190130447592 1.032413994620055
49.36495552089296 14.55080431632269 0.9965313487713421
24.39199611655995 55.83722190830727 0.9892802482535192
4.904814145483456 47.66795025051942 0.9843999299614971
37.44230898304018 0.7567499455794459 0.9779355078688075
34.44341661242927 50.72298455830803 0.9638383009008602
23.00838063937071 51.93337689756108 0.9562329270819974
16.24348142894147 31.95837557686417 0.9695713885168652
47.94511369985766 6.608143531069226 1.007221122300154
51.64726824203844 28.4527339793056 0.973241001016639
23.99651144491346 36.17815386093135 1.036321963133584
3.302074374771712 32.96942671480096 0.9316498861190576
33.2851702874923 17.72877986763082 1.046071928176021
49.68715544449498 32.17218042266191 1.027883884952505
56.136795247503 51.72901294274676 1.004563923617105
23.18174689550965 34.80862573245942 0.9963774039910295
29.9622173239301 30.22638217929116 0.9229993678893283
29.63597298396564 34.60754213603565 0.9960896312800993
9.395799512693564 27.88278567040469 0.9793465675792224
31.0344125023272 50.4983021717045 1.085162001812378
18.96709612895134 34.94278930637184 1.000796382664219
16.29458269630307 6.379466389482593 0.9527116800263443
4.897568866097168 49.57975298379537 1.091177500300779
42.10840470022913 16.79540170160839 0.9772801471561173
21.29681603810602 41.24519992118943 1.020503815064701
35.02926338418818 34.70616151332211 0.9035547289961806
9.917556031568701 7.991480681575593 1.027180149021969
15.4744910548788 37.56851667657891 0.9368348579523619
14.95777990387649 24.87029056757236 1.030476547819966
55.67502909092001 10.79767999928337 1.056401064686004
17.42850412913994 1.752421079088198 1.053925132597991
8.131887468570792 44.62339106976213 1.115899653037601
26.30283980923837 32.2401337256842 0.90860006560203
49.03553542729259 55.04484274985494 1.028069293534416
52.65644440411425 3.559950018562353 1.170841619259721
38.26611155842716 40.07132908053293 1.129263969815731
38.67718846987802 46.19865525104043 1.032162975914088
26.76717190107665 35.37934677879296 0.9898709770395908
22.02197006578649 35.21847422151755 0.9310401992165833
17.70418901774296 39.23110278892848 1.056759686181845
24.65023396194458 35.1326931468829 0.9533628428201616
11.85577997232591 49.11541133658747 1.027560954934541
51.99944723537166 38.15861978156428 1.011582040929303
49.56986426448909 16.39108046302157 0.8060351084182985
26.79231661734745 45.22630864206064 0.9218763473511037
52.40144336056031 22.3744060189344 1.092261918830398
33.61540842690291 13.10563237830327 1.027130601347277
8.641698527914331 3.094105470969391 1.031336626951051
37.70444395938163 3.641145736743298 0.9684499285850878
32.3886196307785 33.82258949048006 1.017165068410943
21.45106945813218 2.180936248125944 1.103330124067331
2.127025887894922 40.96091453636107 0.9483345223296858
42.61924197972717 42.14444463473951 1.039105481156355
45.58343020341519 39.29100380851468 1.112530713447244
50.21800838327874 27.40176252434112 1.021834281435105
1.725084069056941 54.38167735113841 1.064797401605465
36.9349090354214 49.96340962078581 1.052498178882231
53.0575150917552 23.67515393331421 1.044486934418724
49.21775330007903 37.31024034428887 0.8029271472035826
14.13282980822624 50.186212386557 1.011901573236645
26.78730917898347 36.18172794076695 1.011800819141872
20.14264247712802 20.20755425291488 1.173403310681975
14.05877967507522 4.6927618606448 1.045466989635075
30.04397237628883 46.03762391537317 1.039196916613306
35.08005354464056 22.82014091956436 1.135867927371811
20.20181824416007 4.641799597368482 0.9379466132932388
29.76854723448332 6.172528191549949 0.9912063586689981
29.84768212486416 42.43616046078324 1.071424208137
6.136302617442004 1.582825026746292 0.9665698387830916
51.76903741330329 36.82984254408155 0.9250338944615596
56.45086039297789 29.3573497130337 0.9698842660908475
49.56490396594857 22.80295728603516 0.9331992049653126
24.28626473075071 45.80749743655673 0.9037238827889422
35.26809926390094 55.48913954081439 0.9829304721333258
0.3076542887406676 13.3481528085415 0.9311402410328526
50.1532904487817 41.51109867799612 0.8579378603611918
29.65634444805623 22.92183765672233 0.9765415926512494
48.74789995641815 20.53130899441024 1.079999548861359
8.310912043000997 54.88420260040285 0.88974168483968
18.1533350260711 16.88317143445982 0.9306074966344828
55.18328795218062 17.60419539250629 0.984634298171693
37.19769826261219 38.80542508689939 1.012636232351753
29.73042279609033 4.483962966820208 1.035838383804123
15.7539933401877 5.881021760814368 0.9988082204324137
53.66472947488759 16.06164762892837 0.9115398816256974
41.07619250615881 12.38246499159488 0.9220882495762597
2.485108533634389 13.73253692767235 1.063640338014205
36.6072885364328 27.05220260473536 1.01998400517763
13.70004437104801 44.91820057943379 1.140914043369231
6.271645960990175 43.08974020466662 0.9313442294589573
52.69734985320706 4.454933886628101 1.006720423246284
11.38239942322597 40.89163383324241 0.9875942214089903
23.74329603451458 41.1128222193163 1.00629404722
39.28841215338949 4.129590140250321 1.004647129307758
0.2372403187850678 35.95314160173439 0.9054221738111392
53.92715148391535 4.267430248794811 0.9130107636801277
31.84887990627851 56.41226001754974 0.9335821976657174
49.5809954207302 54.60725573944266 0.9619885517539861
37.20538513278839 6.281039765235521 0.9745347818462491
42.09521818398275 48.79710227986663 1.015290611276356
48.23153048950785 37.79256801064712 0.929243118238435
35.81709989338047 46.47373501931957 0.9804349338259333
48.747257809037 24.19269669344309 1.025492851569008
28.32228683369341 41.06719386953264 1.123961588211257
9.988811537618195 48.5135246028721 1.013311973680521
6.328223012540593 13.78092205467677 1.046963743503071
45.53567119200513 55.9092184332708 0.9842850692216998
5.190258198506319 53.91363408645319 0.9025311374459339
30.88284660963474 47.28547638248907 0.967700583792396
28.07804439313619 41.96277253281454 1.087054426132879
17.03984315928064 50.80848335139849 1.072344816884598
20.0496397195615 24.11217189492293 1.066361842906209
15.38013584091334 48.37192655325492 0.9878170893081583
39.88545115612701 11.71297449558646 0.9209325091447541
32.28491042660778 35.66640600779392 1.036478503761748
49.44732806247069 35.63113435154368 1.067074628936547
37.52235187241917 3.835505803504728 1.009427821608801
0.749139889957914 35.25503725942924 0.9839950099784817
32.99808642687187 46.45987625627772 0.8708414193611672
54.88461417140654 24.01985685854212 1.034036058954661
13.26620054397089 38.16683248903921 1.018410129660566
5.279004357419445 23.74445860448501 0.9230247664106086
24.68776681678731 13.45837012187502 0.8588677496028896
43.23962395416555 15.26680777700004 0.8854663909141055
6.011449822230008 35.68695199009355 1.018293375421958
39.52245779359828 55.27013277833822 1.027254181767116
29.24641173903198 40.27159768355619 0.9418552293812295
29.73147391329123 33.8945843697966 1.012564225003934
9.320628959369207 4.154122649298107 0.9222367843531659
45.37207561981495 36.53830227141189 0.9987887026674576
40.88588266860967 50.6510799772344 1.036445175971144
19.79448324199509 2.386491332848785 0.8809213075657946
47.54760249357093 25.8059330642251 1.085060687931409
12.33973475887428 20.59590108999792 1.06290377889551
39.71567734736748 41.58614649790626 0.9882983875928864
46.8306446638101 33.59897268684533 0.9764877728684154
50.13543170184616 56.151273649722 1.079938455085311
6.35651672741236 8.927074843983666 1.046406013745157
52.00931594148712 51.72859234722731 1.036758279981203
45.37967232446171 48.74813796474977 1.084327428797009
44.4688480424084 52.48912239702843 0.926168574296641
6.002206753940418 18.31751955408487 0.9974999984984284
32.74472110334072 44.07565007688275 1.027874834590672
29.67060233357856 11.53904994043477 0.9584662491090862
1.71958880253117 19.50124699738866 0.9636347144367782
39.29429404078717 25.00903734798033 0.8627356872827741
34.8181928339499 34.30360998227429 0.9273977731159626
13.1988085392857 8.117301993126656 0.8780454089298754
15.03170788755254 0.6676565816941004 1.006518988575745
9.114800697246007 10.28557878326884 0.9451150280633801
49.6938610312966 41.85952180058673 0.9387055299348673
37.93566662489235 2.614579943294907 1.003771552148156
16.57182994092434 39.65525542742352 0.9483582837330051
34.51027593180084 40.76834756125153 0.9861417565959267
30.60097053162799 16.80456994604532 0.9888402237732828
51.10817992831961 28.5150146044395 0.9890393027574145
31.70273328838066 7.306988467605313 1.076276803105791
7.974645049299414 40.23874096117855 1.034018432806443
48.91045383406359 12.25801705208515 0.9315013579471175
42.88477630535363 19.90482469550559 0.9807463306182161
2.765868597554913 15.82875391506998 1.120759131691847
18.44333388490758 41.50943466346219 0.9647428167183986
23.35679064987078 40.55916082559114 0.8685710668157876
17.67163650117425 33.10489329607454 0.9368199993956816
28.23942110232982 11.77981642949386 1.086277510365446
49.67659554010098 27.06144994639859 0.9363133044062096
24.49096540617336 41.58704934762188 1.07790212036087
42.61230387893147 4.863062833837728 1.079469698110816
46.41499128770781 28.49708015774241 1.076047519425193
44.32583409935508 49.70549222533847 0.9862763010250111
32.8823950811673 5.76916795771996 1.010860420288389
46.3283287833111 23.43421406738191 1.002237502868445
0.1062522596243081 13.65583714361109 0.945014860286575
46.76073043968562 14.49389290646366 1.075663894816697
29.55770521683512 51.38063831365697 1.056918848404578
35.63286275865178 10.11264278418973 0.9687385076829079
18.70596003379019 3.123828164825136 1.056479457177442
5.888489839568963 31.64486727055389 1.088000033762411
8.809076141942793 30.65637736891228 1.049220502744141
23.36186959425075 56.70812221044121 0.9906608118963329
1.904078172475136 0.576796429966016 1.01986796868775
4.888244099397326 10.26548232802445 0.9967631368977353
16.83144896190215 51.64897453908295 1.09134392839719
46.02961285273992 42.19542250511955 0.9808999711597437
38.03366426612887 24.66247558484901 1.091839492906754
0.7650513056502917 13.01617973252022 0.9964584849302931
27.31975337877858 6.653541145219254 1.040828112868834
37.30991854067423 11.48677410580533 1.086490994369166
32.26373973547655 3.671788108382275 1.029164804552364
4.248584538348291 10.14220423118314 0.9109533907243231
25.40022483719523 28.25959506223891 1.008016852960964
38.52507739026336 26.02721339418889 0.9134683219168451
24.93744347567551 6.284452598208772 0.9361413855417265
48.47987510332832 53.45003183905502 0.9425097448993134
38.62953188672174 43.7879403660949 1.041532670364423
22.4320153689161 4.115451112908987 1.008640620606286
3.608248563300934 10.09306237199021 1.072731758056105
21.57983647779554 15.50802034256422 1.06878488350465
44.58995521235743 32.77473279404209 0.9436899485624191
20.09813481294463 52.11270145751196 1.077880216488896
48.3645320243037 1.623212176665297 0.9001842159362885
7.907664801416763 36.55628237154162 0.9397728155979115
30.26903177530926 56.38753990474508 0.9039981142860875
43.17548027083998 29.19597029648533 1.026058869232142
21.31439927188419 19.97117800497039 1.108406480128477
24.08662911787938 29.75892625132526 0.9832956292947946
53.83947703933319 7.330909724967047 0.9463913913145088
22.83893006753127 1.26704851457246 0.9211724913200996
51.19404631117082 15.51476829150448 1.023367209609584
33.59083135267293 13.20372307822282 1.058630041678938
32.22368474082261 24.95536335043393 1.008127102382942
41.25733882387045 22.73460005630487 0.9955307196459131
32.91988193752238 14.52637057263701 0.9240840887581553
26.424934234668 8.297620205347249 0.9752638240895531
38.12216639151897 47.73933350655219 0.9240213236929565
34.48574814735248 52.35542732819702 0.9991724559801741
37.03177033086855 31.32522516014298 0.9896522764584401
51.97591220074143 43.93858496189983 1.073899949998289
41.04003538565712 45.08150046601961 0.8780153819040939
1.285223517699737 56.27325301257579 0.9500526671654087
42.58623008876398 16.11215879913054 0.9961204861286832
38.84675885543542 28.55673446299356 1.056530726511487
41.36993948527143 3.968898789942683 0.9249320812021244
12.26651899528993 18.60509694954618 1.038086703930373
1.534207173406243 40.53531720560758 1.149267161176434
35.8907445072619 5.90971135995803 0.9479535075742881
10.3451804809017 38.57708153388327 1.023662193147207
39.67598768634535 14.07787233874103 1.022320117071232
8.773250698937685 40.96121120404509 1.022900221614843
0.07336997663293499 8.987977850245301 0.9848241265626301
21.2030496472507 38.92012885861105 0.9503636858464588
42.88902764855373 18.02764289780876 1.019581540097008
16.36786279937619 55.15554667038636 0.9033196009946651
38.69086384945123 5.510680876444411 1.074191519796676
53.92202534662654 17.58160835671314 0.9768944452048294
56.15868989059641 11.03896725598675 0.9814139481896291
10.35692495915896 6.261038492089621 0.9669668575115115
29.27065334016022 27.81422668966196 0.9792287737459665
0.5361539127939167 29.34402331679316 0.9125288549375711
11.26415214886151 17.34691687968882 1.107413874869711
27.31219269256675 54.15317982395793 1.093424736536086
52.3087264678016 15.00729959830982 1.042309063707453
4.58212549126806 33.99959029071014 0.9851013391115095
51.58119864742327 31.93837271115667 0.9955948264016101
8.771356612337454 50.73988853801968 0.9460795193471125
0.0009270035666073689 48.61079444345589 1.083295836890426
19.51351062418591 54.40434948280656 1.077951282029625
3.581022634441509 9.190889866645863 1.119849322101105
4.790838678735699 4.117176547235426 1.082164575889258
25.85638013382274 49.79906535884322 1.062973471678316
1.939960098331776 53.16857285293219 1.034767920711599
39.84862834487512 42.26097159751736 1.072782886144825
52.32181947413917 44.43075383614318 0.9125527476450257
45.93490464749509 13.84176050910808 0.93618082866647
47.77817266005006 54.70626125983254 1.018008250017523
16.83454283132895 7.582576024151676 0.9283223310239171
25.36630704410668 36.34805345551486 0.9599970879977303
14.47743346378088 18.1155040967816 0.9695436486823619
12.68512468863517 53.01234667376259 1.008693299301648
45.81141200606312 4.648507413756339 0.9776713927859507
34.7100776753901 35.76365716232157 0.9377903594474507
21.02462873329624 37.28484676372486 1.076547626629333
4.98945980332301 40.28519062152374 0.9308716773377795
12.29117620191126 46.02463899088308 0.9729430537465324
44.81322194440906 17.2781017088695 0.9167829947551169
19.25339145923657 38.53117453890442 0.988795622681148
4.800962672476174 21.96193880120383 1.056413612682094
26.61044621496016 54.78275703675242 0.9785000204922664
29.37603181431816 11.57347350454585 1.039670616306268
48.85832026827071 20.33092280725526 0.9761647704389883
33.68585116913815 44.98296695434627 1.018508847975722
31.88578627392919 5.885912915638608 0.8860026976297745
35.52140247752956 52.54411824724829 1.047151431186404
41.56875721158868 2.16430334894187 0.965455583503905
8.090680361767616 35.87993977306408 1.009355790341485
44.66855579832036 22.5555821706334 0.9566383816053722
15.46790472439858 49.46951847079653 1.039350265313776
43.08189314933582 14.1279671867974 1.089522927339126
33.32334112251333 15.45792493711129 1.080432273246319
8.858585484725696 17.55976093307126 0.988837258953663
11.99572693370084 42.54443668040653 0.9937227530574169
16.35723895363381 37.42851413480403 0.9359229098652887
32.1369271074128 51.87864143116337 1.089112601323474
42.69122008406148 17.5413895670983 1.022157422468325
48.65231186088748 50.7819004458291 1.126152398045362
17.51008474291772 43.18653538226454 0.9921705703798311
33.55940358273657 5.027605688212256 0.892263571522094
19.15557287500965 55.05046059053878 0.9176306131081334
35.09922166918368 44.8570135663529 1.038049795779209
5.416774472881469 1.710991650685199 1.044837349544123
29.50224380777322 10.9595023337563 1.098479817597454
48.38801649510302 3.098932923329497 0.9969479755157294
40.7381241925704 24.36064882406995 0.9925506956952813
41.90203839116825 41.23925329616259 1.075861497319136
20.21124469591828 38.32336773133062 1.072504648281193
22.41325284327066 53.70384058482193 1.028710068959346
34.11641070950609 55.97265642600723 0.9223696418688222
53.89399074152764 53.71317480072062 0.8991909511104054
8.744032714396731 43.609255458512 0.9311897180309678
45.3202471091972 13.17322573586052 1.058405567820293
25.1203095475772 16.28225292511389 1.085111637498641
40.86897484020748 11.9681272571758 0.9456151423429252
12.20017693992712 25.77101323137573 1.007905734034155
7.094380936163655 32.4011363952426 1.049938359040556
23.34129698962965 29.50763377943432 0.9823188292073097
28.48029017889886 30.83642322655601 1.000381448874292
56.30123785012459 47.09424331043579 0.9879097208921337
17.62828227627477 28.12473107973334 1.133784620589556
40.65162574856152 42.74859182385197 1.05022868983776
2.2569178134468 6.788169826747929 1.056328830947326
28.45516690912432 43.12589268019698 1.084896250791059
11.89690588503001 14.96367763726212 0.9319473103673936
16.06676551143954 18.99128682119366 1.036305306730168
48.49892060062798 19.46979098602654 1.062787764535684
39.86577017366223 19.97921075298414 1.024641088483779
10.07345406341993 45.02965658718239 1.050372968131954
35.36223653581098 53.88087214803364 0.9687790156844909
24.35927213419195 9.125413952453721 1.060419360223861
46.29145161262316 8.010897856210777 1.012683341778025
50.69523210203985 54.13092361629518 1.057028792082392
40.48660544421831 22.15039901116416 0.9375115675175798
14.14500894963043 7.571394197908879 0.893518069769724
4.280570846181629 5.643929523715717 1.107555038861704
25.62314027669986 20.34739939651796 0.9899719120249993
26.3133489905453 35.69659434011979 0.9697634518802259
7.94763647855615 3.873607335553322 0.9639731147670775
45.83219326279694 1.642868554053301 1.000784505960363
23.79326756521746 41.26134719525527 0.9736560892359662
31.5617012351573 29.59901042543305 1.067747296338662
51.47151879708819 50.56007827332247 1.02645634011654
56.33967562501304 55.75208964326982 0.9982979182713526
42.89843063657099 24.82714807373804 1.022251716961661
46.72826020546642 12.2117796005736 1.06503790297325
54.97950379596069 39.72967115963328 0.9006393019173601
36.03794749781394 6.979105355208323 1.009979307687716
10.85271271730434 40.69562204121408 1.015055993047502
45.62845253042339 11.85724364261015 0.9501611974202692
53.11859086440811 44.57612195684394 0.9519984268792718
42.02073052107391 32.53366016155745 1.096566850466066
26.09373843487992 35.68407895587575 1.094780492431419
35.24433893488922 25.29774620537541 0.9838311910294302
50.12489427911346 51.79319994374793 0.9484973297675111
33.35454917203381 53.64863669297129 1.082308921871666
32.97158545859698 11.7877930131684 1.018051390540252
54.85712525754102 27.83501423701412 1.043169002798091
20.56708159091281 24.54505699991484 0.9539329415481785
56.82354961560273 16.68567242877822 1.048383301264543
49.21933261687836 48.46558228762149 0.9406141487111334
21.33652940175335 18.31307102521559 1.016344182220076
43.610817230591 32.21460098177874 0.9992140491225739
20.72363790810278 36.73571150970446 1.04560310310807
33.38434817613305 19.9063169788133 0.9973395726112955
47.32010137910028 9.134193691487514 0.9739856116090581
20.92198673119861 8.641462085601622 0.91151412655935
51.12670104816868 19.69536369419441 0.9574378286170526
7.097193187613596 37.91838162481709 0.9792269016584044
30.20239429976903 6.920742776673633 1.019302562315346
33.78915549106391 13.10155228856092 1.021347956829247
8.136457669146573 3.938816708018452 1.013442719728362
36.15341768979719 33.40605853330626 0.9908534962814539
31.48298638289933 6.161218562238486 0.9213619309823475
26.06753556759448 20.80434696600043 1.007562631388736
17.0015282505199 36.85187242219777 1.048421166901969
45.4933345077994 38.22273479878098 1.080137629748283
0.6188786493702226 5.84463451516099 0.9648830702989908
43.76301613997808 17.0824663984042 1.025986469356026
14.63681464020014 41.3670701935734 1.147851496391634
19.50338984211133 39.32691450665096 1.05169304523501
40.13401182747167 32.18581046731482 0.8818259699167171
8.591869000621079 8.557175762745167 1.071502782631337
25.44864807950735 39.07611461406393 1.037629873855637
2.880461553521669 33.42603857229745 0.9802574066881078
31.36805604275691 46.97649533067667 0.9463062461868469
28.19923010291496 14.96843217684349 0.9120471192320805
25.70602503917461 15.07930220155013 0.9056851959369104
32.16176862649702 37.32131870711284 0.9657857420018584
53.83611137272609 34.56780825488633 0.9965551755226725
13.76300334779686 6.226546049689197 1.110768012226064
10.35348269033874 53.89701520181122 1.076862920652971
16.1844446659947 47.00422554416779 1.047834527849624
52.98484785947243 41.63309274550205 0.894276877462529
36.14927636606119 31.96080168521069 1.003813108976378
45.83539672700474 10.51733238227541 0.9602616120684855
30.37872290628903 50.13652709225962 0.9896981739927477
18.15338243132149 56.08474794546363 1.031094817349099
11.55378909807363 40.37759792030677 0.9488783930186006
21.15920515226163 8.389900444257027 0.9432488614224135
36.41646862794481 31.70840949644726 0.9709479233042499
14.10890743607139 46.76995131828355 1.057884832553427
34.19762338846811 44.78986936425319 1.000254045310623
42.52548949724319 30.18247124794054 0.8817777610941606
42.59182940264783 8.572238449273742 1.007853268009535
46.56663128760021 31.42722612965257 0.9241793619430447
34.61217635758788 49.46829376438087 0.9580194321103281
4.640455342661801 52.76555878890937 0.9709446480748239
36.60344526060086 3.106830754832751 1.037244872444876
53.23388255677833 0.7626503863197986 0.9550474053636651
8.645011772701988 47.91319985357728 0.9466268795759439
45.8876981753333 22.75391923531607 0.9108840566205643
18.27518318839147 14.88077453378624 1.074350350797871
5.282992184759579 3.800672685634658 1.033926560495833
18.40650228802417 30.65507515783192 1.090547550909479
43.27819271724587 7.973133575624383 1.090161527086913
54.8360573131759 24.11751716868836 0.9273282853948667
35.46003640743906 46.38909896993502 0.9094661096319704
49.49592975131046 33.20768433539555 1.057095612357295
15.82613205435971 3.992660923857549 0.9817794463217469
51.90586077743482 36.27467118961489 1.085416577523406
47.22506306237777 32.58901192275295 1.038571786543581
36.75674046285299 30.70742122442807 0.911158163623128
9.188107343012517 23.03493318009886 0.9204683881198705
28.40269672889388 1.157616626079016 1.056900856254907
53.96488627556939 26.23875401552709 1.142054926292728
15.62785295891941 5.248935599927295 0.8832822526238677
47.48840432450567 8.123782683687184 0.9491144264080627
12.11644363408743 28.84359294960442 1.022836949657298
30.78568017938439 7.022304384979561 0.9748197125331862
39.61131630773252 4.886058122797897 0.9314727769012645
29.51098949253139 30.08110273772902 1.025206299242656
8.614134922909614 43.69358478053174 0.9591698397231206
15.51932962682067 17.80224229246483 1.132594565041186
55.35750107949483 29.03753717198853 1.049185290926478
7.369968651966177 23.63263484771952 0.9881150542271733
28.88157044764681 51.95086412641726 0.9480778624499381
31.12160432111547 10.33819038296966 1.04256752211129
50.26035236672514 47.3000474452507 1.128044697367569
53.06182389988649 32.87166864791497 0.9927670508599858
5.952771385643991 2.122949859184655 1.058527322754712
10.38472176826779 14.5669063085536 0.9855136314304603
32.36914860101843 55.545052600347 1.096632769486852
23.10393582196158 7.44179949743757 0.9099772110768818
36.4793366694261 44.04623591529496 1.104573954449997
45.09407174917593 40.94179649788039 0.9614773168131026
35.89266059775495 41.16566184729601 0.9383069811490027
27.31383255324971 37.1580610764949 0.9112092240054964
12.20914170807653 20.66406214268136 0.9948779999062044
56.79566330453179 8.270965581420327 0.9635373038269014
54.10471870522235 44.22850071556331 1.007490863820792
17.05540848479393 42.92125334493874 1.034465039684345
41.46630591874305 36.23648793261334 0.9746881283987892
56.86635660979262 21.14257312898644 1.023346297744774
20.28748972401372 18.23286654391925 0.9725774226593338
5.767638700440358 56.18015034831136 1.006527795648593
36.33821139826356 29.80223819371417 0.9628099657610075
42.57708713951385 48.54735310634009 1.022744700404233
56.81831868776042 47.00203110044917 1.036014265744331
37.35451926354064 33.66209760851324 1.019759635826114
20.89059829753386 9.545941734940717 1.069600391419976
20.38049126061634 34.02315038164293 0.8880787962985923
38.18254865667902 34.17817932608452 0.9806777434223236
2.749559598858263 1.470038354150037 1.059076978286233
27.61181245493321 27.17575669250254 1.09116321233281
28.53575315397966 21.07811276478605 0.9990243867996169
11.08014383869252 49.90302634700343 0.8933551659246534
5.01616939716794 3.570677088839317 0.8051899779305532
13.11661882378004 47.74275554984005 0.9145304805617717
2.929918076344728 15.0871176445331 0.9854565897193601
16.9239730219934 21.57892301100256 1.028459108313122
30.14711945929896 55.10652167867242 1.00397233349035
56.57656005936514 51.16814820709087 1.024626382407644
41.41387738399854 0.2267487087411567 0.9904019051060441
37.21514880946611 19.58953489670043 1.079015409932952
53.18830362948976 8.750901936903084 0.9459716464679323
37.10497377864317 51.74779152672169 1.033263759202027
1.639837033413275 42.12114317581111 1.000645330280368
11.02791087051291 11.43508743934105 1.034468680105916
19.74485687247704 13.95782894685763 0.8792146953241511
30.14738531091594 43.44617810586755 0.9818550817835401
36.91333258613633 3.294504770214905 1.054305159299887
36.19118385491482 41.12925981736242 1.098854386282925
29.83858310377159 20.60506121237067 0.9468855061694856
46.61760817590059 21.571157309027 1.102165110957307
41.40584046878192 42.80591177884764 0.8254573005363993
51.54272249180019 10.42703302457325 1.092813669885658
19.82127960390471 53.18255955175616 0.9838771396484418
25.18466084785045 6.576087044354569 1.037424320837159
29.57483565880677 44.92951772032749 1.059709588398937
53.97580609888574 27.09591858000304 1.071807498168775
18.84769475173563 33.16698992725787 1.028175191121711
53.77205113962854 52.58118692346904 0.9758885018585662
13.50258337450334 43.38965928898643 1.089161061507687
22.98191194701097 23.73829353309157 1.003268500895569
0.9014364764566704 42.80319155091568 1.036777316180231
3.942939743838711 45.10551393269818 0.987353791684767
3.025699721195595 33.51777540264548 0.8759427558585389
32.6148161187837 36.29895892194424 1.11387849526432
17.24091704107864 18.15803494078947 0.914414154175643
45.25395352079251 38.32391350219208 0.945929218000256
47.38371304067956 56.47913191815798 1.107440650328463
52.06031881508432 43.51277473220265 1.01036397438964
30.54542344275183 12.21266299449497 0.9494374499960974
50.20630204687188 46.40014110198251 0.9958985864852086
0.03811562621878256 54.1492417907106 0.9599017366320391
30.66701719335607 10.54068660807828 1.00946747083943
26.62343111290756 6.281833285597076 1.037608358330637
24.43986822638654 9.315864280478966 1.0448911957629
1.081071240865193 12.69382174717906 1.017508957451177
12.17295363879435 20.64996911382767 1.016785433295743
35.62054840876746 7.233272427335974 1.064762557135959
11.90696630901981 22.13300189475203 0.9708043190027291
55.98705286438905 38.38625435269729 1.077399517705897
27.78639542813711 25.75962049689126 0.9896075728582344
46.34259664888614 5.29205040973241 0.8460960700796499
15.83273701781069 55.4468669837559 1.005862872491338
26.29144712783929 5.672382547833204 1.034713258953931
14.98824682831217 43.39228635206459 1.021565628438282
6.425137074862205 5.628024584440526 0.8891945348214281
26.27799369826819 13.47761901583412 1.071137610476854
25.83136314099252 33.44073751775582 1.090847033359823
25.02467988618868 34.55055717637322 0.9682882559775827
10.4103004575755 24.01173272403503 1.059143419444422
16.20508758221058 43.72320693066493 0.9026403459067385
4.89142582513924 5.547684204554038 1.018810012053667
25.55729804679626 7.847994331665334 1.073998556501292
32.16172867974347 51.84874517463555 0.9457845021973541
45.58006050231869 28.50862370781071 0.9263513573321471
3.865230116464771 52.00519760372359 1.115826576280843
13.60328829083745 3.414641990519428 1.063867586575904
52.19991973936554 39.43465145837266 0.9049608789230502
27.71195002119613 4.880059394463925 1.074516840956669
52.39406775654949 38.12225047877163 0.9003865131539458
17.25405580701961 45.09687970070954 1.002273137895124
55.05408616319955 22.14548163215885 1.003553970375811
14.05060707361 11.43771468821807 1.037225914515664
48.49501577229007 2.630667575928693 1.034367148509944
54.63586517965228 17.08298668828001 1.016486754301924
34.08254658574357 11.23915344394704 1.015325834358495
50.6738049023197 0.3530082136173771 0.8432609647194669
47.12597690528537 21.38575489697315 1.015829214038655
2.508005375744777 34.12485972658026 0.9737306647421443
53.85092386782678 19.76206118276439 1.054460442606486
41.90754281492324 15.866303279468 0.985391296522895
41.97435345499513 40.76788611652697 1.106669089185485
14.78995809787417 49.11877230513784 1.061502738116766
51.32940592539003 6.284973843621543 1.014066782179371
1.64521970583369 49.38530503417612 1.056623837275227
51.35873100969881 35.72776629157726 0.9954740327228043
8.010232590143676 54.29826338044287 0.9917481050247546
15.20936790211563 55.13620949542905 0.9201377668937182
40.65625410417852 21.19202365316079 0.9027092837434847
54.56729523677718 37.5071779454626 0.9363741665869187
32.41218792340354 25.86162762430572 1.090965982723558
35.65533791699229 17.38654135185599 0.96407814026595
0.2782325890279527 24.41947181216416 0.9541255977608069
5.842275400572585 51.60763851441799 0.9813427963484739
28.8833828092941 32.3496653616194 1.001473712625257
49.97702031581524 23.24211381899291 0.9150309069566925
50.89974217438127 53.30784143614948 1.086649436401021
17.22387373876938 12.58376042525459 0.8955953897277085
38.3873057884105 17.72986888779787 1.038837932875034
34.1066067675625 13.79949368527135 0.9477093786352441
31.18603506367003 53.22101022639359 1.050142391343394
26.48544777998955 31.46426765269798 1.066637639211099
26.07190614057328 51.34492769434346 0.863171997046286
32.91943848874394 54.95528897641007 0.8294868550485122
21.19740276886029 37.77202470915952 0.8817588854189548
22.49793757195489 2.295876249808761 0.8769846465534217
17.96369050767445 5.757224196920742 1.004505135045237
29.67156676234285 56.35099629608495 0.9323898064434279
13.15048995481361 10.07858957027951 0.9843970944673681
19.54011818791745 44.33652501848365 1.007560534422093
18.80079264463894 26.94008180868816 0.9904227406732811
21.35328914846912 44.87269881175491 1.033801626494921
42.82798776162229 47.97960255899448 0.9905373456245743
23.16918641522955 7.025390503939889 1.099655188200994
9.321266753748649 28.61131616756847 1.001460696627926
5.064803680435197 7.924984439706888 1.029015148081403
23.27897904546884 6.658569339969461 1.089954926618735
39.80346802240399 52.95054580781169 0.9905868918012866
16.36915065085941 22.2688374725491 0.9740268418657186
6.496580582808973 22.66875042098982 0.9821097014677597
49.60883225622067 32.64769258892522 0.903887252328738
13.17007201266013 13.89384173270959 1.025952762998923
4.873444265161382 53.08960664136782 1.001340597474529
6.023450251679612 33.62507150677269 0.9358894304838314
5.236387647798465 46.82153428244476 1.064604961435093
23.26970147167784 50.93126650663617 1.088397010845957
0.5898358200629409 6.671246077246613 0.9773127697178943
42.49922629841567 6.599401429574658 1.0483064131115
25.75945702044268 29.33095780868593 0.9551293158676424
10.49678305559642 32.25603760325166 0.9849307271972275
0.5534108041568709 44.60854045935373 1.052784820131037
54.43887908497773 13.72348284335969 0.9986360375780859
12.72154259109941 6.375826430682012 0.9677183193545623
23.44890589939845 18.74499286932172 0.945486901196001
34.08970990129267 45.23728561179586 1.03089279369726
55.02717075731008 0.3594113464278222 0.9332510765064892
46.9080918635745 39.75838793849498 1.10781360312215
28.56619488939931 32.40731813544748 1.041592969628263
20.63526369195211 15.11724636196962 1.057012463470729
13.85895982936908 31.13204674754853 0.9785281961029294
52.92323324360104 47.92669479592084 1.020632177767434
53.46720851839856 50.36211232857877 0.9011911713575786
4.345417114601199 44.17031751255054 0.9309333316831535
36.11671307315897 44.34631507859859 0.9945900695343401
32.58360066385176 50.40312474472594 1.008445849550649
13.56583429433677 14.75215272919841 0.9894737559496277
54.51054066769338 43.86426844627795 0.9944471234008089
35.88124426681606 43.86833003576302 1.018308732111527
1.985576371189941 42.25123032287286 0.9999295989649408
30.6485547063167 49.35886036295391 0.9943209448511449
40.28555513233205 47.57710687377355 1.066591669632727
19.93390025195382 44.93573274506988 1.045138643850843
5.307452922364442 49.89211469883664 1.063302761797404
27.82562932457106 41.4241660220661 0.9264894401989092
54.63058896997505 12.8220303882016 1.121237513128003
16.60470803017016 11.19642326431182 1.195277724776015
14.6703493956804 25.08472378509339 0.9468695209555386
18.76704998024136 50.55159368903916 1.038265636039577
50.06810164780733 13.93863016550365 0.9660663194051372
32.41055077007532 23.71665632758134 0.9938367317979795
50.28844427749907 46.58304563424691 0.9308731982825478
17.09755597268117 13.2223445029102 0.9414272445681766
53.8776563680161 39.82623130168125 1.015424411227342
55.53636822921055 24.70328566604447 1.133451196194366
47.90486897803138 21.88098624063702 0.9220439429852074
48.59682834176199 7.50957698165885 0.8737551858517562
39.41235856870765 47.74775892717194 1.06194392972602
44.2557352177127 1.179408522406318 1.022472960675115
13.14741917753006 23.74927973968409 1.075984398096203
1.084110511971689 19.44490967944493 0.9749903360788491
7.594899292380968 43.54673366646596 0.9731430572252187
16.01153836818949 4.472555633854379 0.883975254667609
29.17584132644154 50.62336223880917 0.9823117081162945
50.32270452441774 20.08071027793023 1.065363897027816
27.59028728613178 48.58175798439503 0.9367007452532282
4.090544245713644 10.00264582829673 1.059138748890088
11.18205435070305 23.62886944814998 1.032270233823328
47.55506847545275 2.520783346854515 0.9625022888146975
23.14739733242774 19.53979195167301 0.9968350149702002
53.45298898706817 32.17535264611959 0.9455915889874126
18.72208628604286 45.91861515767808 1.003130887551987
8.520443913303522 45.09505125419006 1.012439304948118
38.71841346645654 53.78922622641047 0.9661386024527414
0.7769954911326037 54.22276194590273 0.9981560858486933
45.80451993029775 42.79930328521845 1.14183596425704
38.36992860556111 28.13403678877933 1.070026869136191
51.762906263472 24.70065122409754 1.018779346566058
52.07276632966137 52.75922989601234 0.8354511701992817
54.83966406706705 51.5505361829654 0.9977730880448555
40.88262134133029 51.29265302759253 0.8875844695855879
55.34054130704168 45.44797511512785 0.9864423141897359
2.708313235411566 6.860985193802502 0.9360491109492645
44.55727043354756 15.26143978268906 1.014445851451602
2.964061137272073 45.33426592468017 1.050148312140502
16.70154870194455 1.288721632346847 0.9390286028264594
27.47212346199533 55.07147730750566 0.9413070174037993
47.62346026376982 24.18566465805548 1.002267765582701
29.31835740819497 42.6962265668885 0.9740345219805114
52.27203244169803 47.92167729787607 0.9479962000859286
12.07721162218471 21.99792124424033 0.9826921066992781
17.27873809648619 43.9889226756007 0.9851767606967872
13.59452360151081 4.836008503491063 0.9757364907629078
1.23140491555976 9.871823103573091 1.038196894735677
16.02328579268571 28.70352837755509 1.02312792652467
33.32123456165252 55.56676067484857 0.9719442584393766
12.63170887186737 5.639591969847489 1.037007499862438
6.361088228580117 48.30204319828285 1.115862692355103
50.36116204707006 1.633120643735454 0.9571648159122663
23.63104188797578 43.93509587176847 1.019918479872355
15.85612654539576 34.07693822080127 1.012462153433368
21.06586086985928 7.949308110843091 1.061451596449859
37.97087314537301 23.31622332814905 1.103178345089086
38.05078748848791 25.73929776518573 0.8440454378773655
41.01297067711734 54.07407330771632 1.018627174910216
47.52303173650197 55.15182639339558 1.115348135687588
36.40365267424083 31.78601895169635 1.114068339500335
23.08806212343651 24.08959183985814 1.017819691988505
44.3978615465564 5.311782593052733 0.9024062498031716
49.2468784648212 45.38409202796598 1.005742227234621
45.10584165533345 43.60166297415349 0.9247004957314076
51.55097108499658 2.489829762135553 0.9728031346412259
32.48792585334179 19.05886393462255 0.8983796977350839
44.79816169980828 17.64394795971175 1.034850710106485
10.61278659646063 42.2409878425491 0.8669937730435266
38.17344207091883 54.99733185954268 1.130047303662584
49.10275214403065 25.57130359093254 0.9891013439442954
36.60020702546472 52.55599289087392 0.9600326814906623
10.01480960148145 24.70604868079817 1.037253713972464
33.8777512059909 33.7086269234813 1.130872727552745
34.02359600692223 9.365677032789996 1.110877375515866
28.29852127577109 33.51717697108033 0.9485791166587485
25.80664037391853 37.89874029713624 1.121399506061869
38.02199105500336 23.93481154736821 1.010488471750675
37.22039006241615 12.93126076456684 0.9707240455204798
10.92859259756682 41.05072396902867 1.059234509009746
43.96513569772483 14.23770702361954 0.9867834504637525
9.793699887950766 15.69625114402559 0.938884791530314
48.27139140398772 48.95135575297817 0.9843285801104048
25.65998267645947 24.25361336919182 1.087597271548628
34.51481961622593 21.42747350802062 1.068441640598809
44.1054482316158 6.586467971367048 1.161788274155917
15.61145528108415 25.12743928661916 1.05487203650726
38.058700051186 22.46925137027598 1.004558294776974
14.2256774237499 48.98729264875282 0.9852000214788803
24.75615584466427 16.01869953378043 0.979773117429299
27.89766802587438 16.0275472221093 0.9707711748573796
41.17668980554524 33.63003796321807 0.9421473231191178
42.38129878387847 18.69150939522847 0.993468379526859
19.11071933298871 3.050637510628736 1.021127005430446
26.49619337706649 53.04710626837197 0.8989643202526607
2.633574213196325 49.46185923156415 1.036284648494754
38.72908089530146 33.15485373193158 0.9587325356514649
55.62410510220756 2.519381972271661 1.079547311352914
11.77507354215489 5.144080414969512 0.986967555699227
17.3454972968183 28.46635093841066 0.9692310472775796
34.01877272176499 45.24316532269268 1.050178822542851
6.370850710836636 28.6705879395225 1.059497754516407
18.61886594519898 48.7521495212578 0.9630419235544714
12.04163493730204 9.472816641196989 1.058958819963509
19.7270149270664 38.53782834091123 1.027201287363514
41.30835085469687 34.33298260454693 1.088867733340549
53.65633173829705 39.93245593036173 0.9327297527149382
45.07653634533125 40.56255967056498 1.027997258283718
26.43147844189381 5.422033615606852 0.9253405398200162
48.78819917039396 18.555493964141 0.9989324325371604
23.73432250727635 3.829834107696001 1.112288253528413
42.36766244860723 33.54823351490695 0.9964598633934361
40.03875628534647 37.50713237165805 1.005368892007455
14.37568316346765 26.01008143928371 1.122620170021633
6.411016892833177 11.03201487522201 1.032783381563062
19.46342012913125 54.0190737149767 0.9565709413433336
26.82594111367406 45.89489857102507 1.006588710110647
49.34514970814118 53.10630629542577 0.9834189330140007
38.37766041251722 37.78422885378088 1.045147894831665
28.12655100604824 11.57649645189592 1.044905041041444
48.7603892226519 56.15486163792892 1.006451298828813
32.70309512629318 38.07659017158513 1.030419674098315
14.6351839898318 17.40482571088002 1.002585449138967
43.41490717670643 16.56564137924725 0.907155832807192
40.04288202852145 52.35744454635188 1.00430408862112
48.40120070213508 51.81762556536944 1.077798431375091
11.50981563213738 40.74635038373356 1.091559102510666
2.458533086561846 9.37275318213401 0.9590066739675182
31.99684286722766 30.58508411915278 0.9197298281696704
29.73994573053901 18.98708352026859 0.8722054215136708
0.8852836815106141 5.443040830289498 0.9155806042847964
44.53133482464186 9.26277369133326 0.9739001491734109
26.78393953097236 27.57421682662061 1.002732752962237
30.08051895773063 53.99673647247103 0.9413659013479644
2.267926289359073 21.48171963332301 0.9706641699581329
5.228069990513879 39.7382938455503 1.040478754635945
6.665217992693753 26.75864922802833 0.9137959453459323
36.13140241016234 1.801424438507028 0.9924571602480609
39.70883519840838 0.08065204419226016 0.8971700816188735
19.06773556446085 26.44394018335451 0.9811566890958729
17.8918217326942 19.13140925631458 1.06308026722143
29.34970740803969 29.49574265279609 1.069392162987059
50.00246199173967 56.13364693901206 1.233251409159099
51.61941667535315 31.01453558169982 1.034851688086011
51.63219804392764 43.43377866010823 1.064002474585383
26.61891726246985 52.97665407693789 0.993510044601929
3.581246575145631 5.750319646089487 0.9859704823233314
55.73886270250141 24.89870728128529 0.93840418169238
49.78067517410064 16.63068443519561 1.038104109626902
0.37037270905933 16.37982391909688 1.094756348771283
7.240825628508267 50.372834700799 0.9558256723142213
47.99551490368113 44.2600800973643 0.9729262647440862
37.46126349198691 42.61493155249158 1.045639894335116
29.04871021259982 6.066893155717707 0.8701292723081232
31.95372954381338 55.22078269171565 0.9649522550471196
15.31225024830189 46.13457972935149 1.043154542067228
38.05264542393975 8.092925395859837 0.9903546281795826
42.8380084246574 6.13563684706373 0.9358297617969067
41.46258585409382 50.07883405316566 1.047587333655038
33.11891800403544 5.510752409003094 1.080082364433388
12.94434413590671 5.167628190092569 1.042487155978854
3.388410855265525 12.10203424287123 0.9561544406700441
46.47072045946062 54.58584762391907 1.014541203397887
46.56136288147483 6.603386523017374 0.9929332058667087
9.947625001402397 4.873613103234029 1.173567199757406
50.26856401249234 43.06822684736374 1.1241509147068
35.9378714309716 4.846209550670446 1.132529433088649
16.94824379354168 20.43702093345906 1.0301911033281
36.91212991015619 33.15591328970898 0.976338367016322
39.75929981272635 27.17833282015209 0.8684189964956135
31.34710586832236 35.49726606509521 1.075214542099105
37.00049645546847 34.26163557929063 0.9509082718267695
43.11819129116749 44.63936369290546 1.107581517096221
51.78670250474787 35.32892858764573 1.104366129264645
27.27457232646391 49.43802774159146 0.8876630611227526
43.46668188528469 2.146142360356702 0.9510521589385527
21.20151372775506 17.43298235928313 1.062912071084854
37.87000331928488 21.38455453020732 1.084574363626056
14.30567081100572 55.10071113803457 0.8528552090467056
32.56223666228458 43.4576471771382 0.9247087470642946
9.518797504491545 12.56273309121036 1.04552473505821
0.202096784115814 55.52653652360967 0.9853248019429778
30.63856101065807 51.98879928886369 0.9836995515163149
44.42682700391246 56.94220527584767 1.003164421813551
1.311588321957545 10.63509793329756 1.065040677965101
12.78124029365426 37.49902312760196 0.9512443121171666
5.211252566525364 54.25366494024809 1.080552613332478
18.63821947045541 32.95445145990441 0.9455779756245192
41.18196699730212 9.496266739208375 0.9117102924324909
31.70141990282639 5.581658719378365 1.007046032139877
52.91865810608429 41.22021740731793 0.9187647531611848
36.85720617643427 18.34648859470454 0.9290814203672282
15.16447733303741 10.49576716054965 1.037447315942676
11.40890047112894 0.7621148343952907 0.9723255672342198
48.96214766705508 12.72048879308649 0.9711449024337006
0.4987590003287229 24.17845306134711 0.9756178738732295
45.75868019450395 5.710011566854088 0.9339230231187025
48.79126745266434 40.07033747205061 0.9778583189366958
40.36191227676436 32.97323442342376 0.9749076912090526
42.43424532582716 24.26802408754268 1.034964047073903
18.96299305323651 38.35290340536875 1.028674698253081
54.99084424133918 45.34544764475219 0.9333326966915153
55.45387348507246 13.15532154783389 0.8954350915562744
5.397068672998374 23.469363069846 0.8729694881260377
48.12694203207592 51.15574889404501 0.8934661292952059
1.563209684362267 20.97064206282172 1.004540284935436
52.62939747917903 41.92512198766932 0.9507857104209269
20.73102519089869 20.95226721975592 0.9297274813300188
54.3768342120465 18.72186940569518 0.9215413845875724
7.619868986131562 37.05245494565575 1.013013546126869
18.38904491969805 20.17114516262484 1.107605393571112
44.11963410681096 39.58693525129321 1.047610967467453
7.829012032518635 35.2465761123442 1.122012722882409
47.80563611947262 35.30589380315779 1.075181604858274
0.9790287054977513 43.43503357210896 1.022736005711824
31.63103523600429 18.53747205926919 0.9928848220341432
37.30102695073049 44.0950609874423 0.9929727706509195
8.047328180655525 33.18375561953697 1.001869357433663
19.75392154732436 17.34504304516364 1.063907379724358
25.4839727149736 36.63433224970211 1.001421375608298
31.68356744650918 43.87301763467165 1.109663245891359
48.46036922301183 36.06167862986293 0.9980994206340723
22.17168760493942 25.20305331526466 0.9344419505439603
3.508947118422458 17.04909397803671 0.947503751213328
56.41235729652101 23.73996288270688 1.022067997783309
42.27743496851876 52.27302609396774 0.8826229564577918
18.13845346688221 21.08435634946654 0.9952301226582172
54.26811196900351 16.05899975637859 1.051126196397269
43.53082471924407 26.28257523257405 0.9618732170255787
5.916907455733469 42.37367970374118 0.9588095007650401
55.88781504234663 5.722384868060418 0.9959922806148214
49.64749638719833 42.70748289847164 1.066083967638916
6.182160216468461 14.81918396559506 0.9695161919710241
27.7965076900071 14.41948330561606 0.9141784266927677
39.30131946704412 27.20886498652811 1.024471986723991
1.252257465968028 23.4368811568417 1.009171726897327
49.5463447042491 19.39071095939293 1.044592335867579
45.57649263347336 41.78934947531175 1.041173822312163
4.910422643139224 32.10731732617473 0.9564503826293965
44.1221147603924 16.98883213707657 0.9411614353175459
0.9742145775697262 43.00992977619634 1.053478676514489
13.13041138934456 15.35871336579263 0.9869494469326222
37.92881112495848 19.31257160581302 1.080630548412552
41.56479712136314 0.9744050213947916 1.006651628584587
6.258830617768146 23.86611656186456 1.1068052121313
21.13943517214592 29.43552750043363 0.9978748696012882
10.85515796293279 13.68577984985233 1.008811983097246
40.16574494455277 7.447625379752194 0.9743018486207602
12.51004836638926 51.23766962589588 0.975962139165416
42.64209290297799 33.93771876810943 0.9072682651651779
19.24370308417999 55.77250429232256 0.9348958067632871
49.01186154783324 2.649872966413327 0.8874722358124869
23.44873451322724 55.27069216560139 1.063159250947892
42.68896899823517 47.6554247269665 0.9945828899749802
24.06753199504108 53.54412696116796 0.9862841136088419
51.92052243040899 6.878407286889109 0.9737146391114303
53.29650149508217 35.08626734841907 0.9544181374257618
29.32393694777225 37.37419294676473 0.9671933649728086
8.43871296171039 40.5504387107447 0.9475213328807179
49.85331013046825 9.784589559670811 0.8810866196383857
23.81278507123365 10.93838600206114 0.8823657943473583
13.58825896847446 55.7076535647305 1.034884822736017
14.09533875812559 40.10424852329504 0.8681848320104308
53.32843469098603 35.10087777399499 1.026851555831768
33.30096048270397 48.24895712139502 1.009808987578972
26.3352244432714 56.3053177275254 1.120476282925405
38.40401183925756 55.65916141758634 1.075643733940493
39.20960010178834 41.07607842566263 1.033731560273367
40.92353066565634 56.69775755409978 1.018376307303606
9.4823470872279 31.52913435899147 0.9276220812686685
44.71522677164302 41.74126613873116 0.9694345427600813
41.40773426341253 33.78857773625691 1.015185481322881
4.233427439459333 15.16740748713138 0.9966607878778082
48.81081922529769 35.24757032201047 1.072451877361476
0.09419019804065591 18.14604366856909 1.113071005222211
16.80520505961273 14.23239867074061 1.068452920905594
28.34092683826616 56.01480516140107 0.9739885150439662
37.55396074315252 33.75652501860472 1.022470976973477
49.93617591491722 27.90774169466819 1.093423874463808
32.35686140430945 19.46774499559204 1.125455400700492
10.17367327500771 36.59028884376878 0.9501272883065235
37.15215094767145 27.90343774384979 1.012680049867978
31.86616931244087 28.96297017296914 1.01030181805175
47.10901384153823 40.70389606231074 0.9334649338828562
13.45856154777974 6.914218874608268 1.051113972186459
19.86176907590673 5.772672309900016 0.9292957370502781
10.73130057180827 54.92177983462894 1.076323340246783
17.38952483022098 49.33144117674392 1.055760036608254
22.67845079334381 52.0246773129444 1.00215216856461
31.7935719139844 29.07912306956906 0.8211579067010329
3.527411012224579 21.90258572897994 0.9489746539367119
28.81680460358821 10.71931383838845 0.9303489250789719
1.785460919507528 34.74582861305486 0.9386953873126112
41.95465086677794 52.22391170646246 1.034643300320835
49.05724273205606 4.816419916141974 1.005133547666126
45.87670527998205 20.12772458099188 0.9886523566068701
32.48579306829991 11.55515607332585 1.006259229644155
14.38575781434111 38.08051692418778 0.8783330580859179
0.7537267858878368 46.17932972832552 0.9716470478478418
21.26711038465943 39.89872003435098 0.9111348166002718
33.66197296402509 23.05257133070965 1.078075867315708
21.90197808710019 0.03196387925742375 0.930105171918154
49.85974243369873 6.856628927335436 1.014383107853251
11.6730488700201 53.25245960208236 1.025466475253317
44.70552846961913 14.41124862079101 1.079727074843977
34.53897320178289 11.89260456193825 1.12403737924732
45.13738979638433 49.69137506917649 1.119149809876207
48.70247731250826 40.93153196057842 1.020302659620531
46.11414448316868 2.784392716728334 0.9909521635147001
42.68311275107931 40.53616399715476 0.9892008645366664
33.43382617199506 3.327661345399759 1.030048594348734
3.359625224657182 17.02196500963623 0.9951429026681738
5.192433186430685 55.61550083691976 1.139333766766219
23.22671234152592 8.815703852482002 1.139432125467751
43.16737646803603 11.36410211136756 0.9985015192624731
13.88724972209299 32.27897088848007 0.9677276297917818
12.07966291954725 5.589727008058563 0.979650486684694
11.57506224400134 51.0572325024089 0.9243714280979447
6.620857852800217 45.0088884159964 1.003738395512637
43.34469267509165 0.7445190724658403 1.042384827429603
47.80504549145933 48.53712588806503 1.0778319661151
25.50275220140012 5.615186573758343 1.075806931718192
48.49504247423962 11.67012864289346 1.048672506313804
38.91678493046983 30.86653840721889 0.9739215548136708
25.28109228437817 50.99644787655978 1.094488396242355
52.19025525273302 44.83038519314974 1.057866240095269
7.57628896253942 6.76531747019166 0.9217119655076933
51.77420591273075 36.2725115168246 1.056857618642562
44.98022729716274 38.11889856127971 1.087914829364514
29.65602442280204 36.37705049867604 1.102779033501773
28.52926840238705 38.05863236731786 0.9041053598808293
20.73797096253278 56.1077829953785 1.011480958686556
16.53292920837781 12.23301341022971 1.025175823329381
5.235134806127816 49.69469656874179 0.9109838846253975
7.378756300722601 30.51622709050599 1.052430116354981
15.00782217085726 38.88139964494919 1.051938202815276
31.66540690914979 22.58411115993937 0.9563174648128737
36.7812580018217 40.42092302787161 1.050111280203289
49.82553609499034 24.76148527244175 1.0312782060995
3.546758034521135 51.19584601195336 0.8378464934345913
9.219617156414136 32.07602643690818 1.124004701882319
42.99376907152765 52.9924493152613 1.041111473822582
38.93243094577102 2.526698253362765 0.9091307603587377
42.40503912624207 43.41767244758908 1.045550717737371
43.97682459558212 29.09618351845824 0.9630400768284318
10.97758313686474 4.918101046196232 1.002443091783802
24.56875792637875 56.62430027854829 0.9620676695233155
40.04522327987721 11.29666169280962 0.9842476675936209
29.11150117409951 4.585044842485825 1.03818546071705
55.78089085443918 50.35884553350454 1.116066539980634
7.734285618986136 31.03536918062501 1.06524476656554
27.02781846934362 15.11592442966808 1.013747196654078
53.25475294387655 35.25328116829194 1.013943026208122
48.71387869991077 50.23130611341042 0.9240169887455383
18.7113415117894 35.6907032689502 1.071893196391637
37.67535003538958 33.30507274219071 0.9783150543471708
53.88213674811746 5.244107935225641 0.8874261574166378
9.594123836883401 15.97459627407351 1.037928157867024
26.64992403874636 38.70562503752561 0.9208218028731735
14.36388421960356 19.34053194445583 0.9645017949027594
4.147997922798618 22.09816986513239 1.022786093214268
15.82622452910348 20.40371956788177 1.056441918949758
52.44741583636376 12.08097747298003 1.040756372641553
53.50498891039984 6.085988048969763 1.034285260159465
26.06158267849199 18.83247848918311 0.9972911878246888
10.28542281840249 21.57516451253331 0.8966768320981432
44.04152052618634 36.93534688369154 0.9652159452542026
26.94169358720151 51.87249719578423 1.061601652437506
39.74284360825217 20.31759471228234 1.028506695461929
40.72131428016411 27.65140441230098 1.003900705943996
10.65004561033568 39.37831501633782 1.036266473040708
29.7491944258796 27.43007611969024 1.003315754252022
4.110680196485799 55.81077713091428 1.019307712785974
54.09286444638524 17.52875046736037 0.9656470860638151
12.46703009236 7.378287238245032 1.050869386274561
7.109712234749325 35.03813339492219 1.057936404937953
3.029378246529669 34.05140584849352 1.115454138918842
54.36900056077587 5.114619140100953 1.011411197133511
41.34128999213748 38.09031481439728 1.057960139335699
20.4686298307351 6.691110788235027 1.010525553984209
50.01602774998919 50.2178242566147 1.039343031509075
49.02860136098629 23.38374151679862 1.008629845623158
56.28741192039448 54.57631117923945 0.9434075269778331
3.758563551939355 54.20897662649349 0.908105052052623
19.75942806795213 48.07219770041863 0.9803334046909015
26.11033106879812 42.62305937643305 1.133779096774169
3.920546124652283 56.02096163296186 0.9698772885875881
4.135580773062808 12.73657119680968 0.9998840734473781
39.37986149982543 36.90160435200744 0.9865795716008249
54.87064249574702 45.09491692161882 1.042343479356244
44.09764356496634 54.1580543895988 1.024397445104267
50.53833070329313 0.7762896943726995 1.014786985148054
15.13236837141792 54.29689425523248 1.006968078606693
45.36909192910841 37.57894745076958 1.028873168846743
4.760936715528805 14.47942297136384 0.9224487465281638
13.5003846043257 51.59728800533213 0.9792685794436041
9.971029525609236 17.63596537738851 1.016055250208054
15.80570049761129 48.26569789008503 1.030125964521195
4.844186838178051 13.67634296681562 1.067059975256572
10.83439732987173 22.03184283293404 1.025786958535439
43.82332132515652 4.372728006622162 0.9698187927364806
1.669622235311951 20.79339887471562 0.9935282767201978
36.84748610940179 47.03871419096306 0.990971030321943
50.28990569165438 18.0185217401099 0.9448418265528677
19.17164107839188 3.260935217263612 0.956403576525775
52.61182624269828 33.19205682035166 1.156385106034915
41.56726625541563 47.81120857215077 0.934158816762518
14.04930969329984 18.43752119431157 1.109954869915637
14.10835887822712 24.88370702317157 0.9302900682773767
2.887369846872692 30.92605726510568 1.002372866513846
27.07089542926796 39.73485595627449 0.9987837550524165
24.34327878120508 25.48290859185295 0.8385313120224986
53.01759482781291 17.63318444631676 0.9449187625352994
20.89411966358038 22.15591744946126 1.062077378924489
41.69473618673847 16.50594590627865 0.9972417139745503
7.317154451886729 15.67031590671759 1.033089576484189
26.63496914209564 46.39406088757983 1.087412315108489
7.831582055348708 51.94520328657013 1.066984283318441
8.567985832024359 48.30094608259432 1.014836907320231
54.57844266368935 55.76425333682646 1.038788206415856
11.75047810038108 24.64933806641462 1.053440812434115
53.09257982116778 5.842388047763327 1.126768419540711
1.198158121760077 49.110174622438 1.096330743830297
7.299410502100089 44.36969218420316 0.9701222756152525
9.855505876641491 48.99414668883855 0.9288659763363259
23.87379605317199 44.89111822000291 0.9578969435383721
0.5868533768629903 4.710640434972309 0.917164247144752
56.65584372154243 37.14338286088006 1.000311010112147
56.71938151480601 52.53272718495351 1.019457184032064
51.29698052177996 29.71828182307923 0.9920564276840295
21.94716221836729 32.79608978833821 0.980136789195773
38.63847783610154 6.63168947474644 0.9561985823089822
10.14991660888769 5.114050303638936 0.9791788179943778
49.4837424878421 4.186783805110857 1.043017669519843
9.443473799826332 53.35938055178121 0.9947585731801056
7.552173041064373 36.26406000473725 0.894502225217556
15.59074109773652 8.139026417927363 1.065057559294623
16.55746185013906 40.6305441347093 1.051804315499201
24.30952098747228 16.27684336494507 1.094143960748395
13.57466749035505 30.46025181490008 1.052365080267728
14.99560650670696 35.52182970872234 0.9794055130658521
53.56157172171472 44.89481941279714 0.9432406693606361
27.06082733443977 6.711488330602408 0.9789502567922685
24.16081546813287 42.49261220427817 1.063697648780056
25.5788890414773 33.60428926795921 1.079549550900109
4.303912145692814 46.40416579712376 1.086966212623168
17.23321297123712 19.89465326997203 0.9754989949638282
41.83845754565599 31.37031238403652 0.9635204154173094
30.37749743013526 21.00172883877611 1.068550305776308
51.46198065367619 31.64324357437121 0.9474194646922254
22.47399462921265 0.7183222038291033 0.9823030058990585
45.61314161662624 22.13320874196161 1.044076625129571
25.74705465498709 38.62201130651962 1.033582281996546
24.11462348425511 12.10420301980535 1.023570038920093
26.51215939107917 5.966616213771801 1.007804201115947
52.37078201089557 10.30656898408503 1.072693268150078
50.71072480674401 49.913974199404 1.135086257287707
17.35466875292112 48.78946565500901 1.055325465687902
24.34429058867707 11.81664938005463 1.085885067200587
12.53497158388373 18.50509063690206 0.9762420661550475
8.853851515731705 1.14811317396728 1.05411772751969
39.77012448048691 27.16361338373442 1.107672066826573
27.50877629383876 6.884747964742011 1.021771469998448
12.85136417851381 32.34117241638767 1.00918583842978
27.83700722168992 8.222146162866682 0.952484961375756
1.136120335727986 54.16222382204711 1.096692256474193
22.31924820519949 8.150748600322171 0.960967319394705
46.25054242101058 12.88716483064329 1.037732430307687
22.68648184262518 12.6832516238481 1.00913041985476
31.18834228729286 11.55930156426472 0.9649606928265002
36.36956660047619 14.82664166615654 0.9609472051846452
41.99025504989095 16.66898402882227 1.07368137890717
26.02443901916241 24.25807142688803 1.054181522762272
56.59924386981839 41.52692693543012 0.9226630761153243
47.09794936054291 42.24698527029109 0.9986658872490044
56.38481832313575 32.92437277544494 1.137182762558854
25.85498388197971 44.92769256510199 0.9463919787871967
0.8148573957452818 9.480687054097972 1.061211220192664
27.78877792683839 3.520307417735601 0.9632584999088165
16.8037618537451 4.239816716983829 0.8886511565778143
43.21139810896078 1.79401687709336 0.9137342423683908
26.05208833052408 34.59872048608899 0.9597359816263172
51.11164032579941 25.65133217379978 1.086567683823546
10.89831741754819 25.20030630575507 0.9361493161943559
32.44365938261322 50.30752648334369 1.006338080502311
26.23189923224593 22.44919730371292 1.047784350777224
19.75617021776558 13.02610444371873 0.9143677366071606
22.5067914978167 8.343501533541597 1.097790285934127
24.09133505778915 10.20893195188089 1.038919826837172
34.28063900642127 27.12438360141794 0.9336948772308417
43.41076078331599 20.49203708883935 0.92376549885097
32.72787421696255 54.97048880903539 1.001505943883253
41.91828201521108 26.83951454276196 0.9498321905900609
11.04910420256159 34.52013837384067 0.9899931775479658
29.24423568939987 43.49276358517481 0.7923606635160159
18.3212412378384 54.0595640628876 0.9475481648521683
48.28764644138871 38.07741145560397 1.001719632444693
1.64843906911483 32.59245997788033 0.907509770318912
37.18587155509082 25.73977412690398 1.047567692629406
7.910718140150755 20.0820309096398 1.035792200310229
17.63087687763892 51.32147892346674 1.060674938837885
1.641040426046141 16.3019422154417 1.04058851357243
44.51976616518561 43.55932244125722 0.9489958433371239
47.60325182490202 54.19056096076526 1.043020935056238
45.66172549531876 19.8474875143019 0.9297858421683383
45.68593662543499 2.004565730693082 1.071223850582527
13.54895436230533 36.97358304028101 0.950924428300248
8.81595306183023 41.73041628195458 1.116823862717842
56.22708284679199 46.00182461692106 1.040695117863066
36.50831789314203 18.38090852246662 0.9457643791337433
5.110505659650316 54.13919477078095 1.046049825543009
43.68847212693117 14.34342787197951 0.9576668403034234
4.986515873571166 31.20823826557409 1.045769370255926
45.31853359254008 31.01155082928555 1.031685380243794
11.35348962589795 29.00185811193747 0.9464139822113868
37.01300929161395 14.0884010289276 1.00549319830382
27.68451833337756 45.82896235344418 0.9983617716065172
34.83078697036522 9.289007666655355 1.028175833983541
11.94007590363737 14.33910483696456 0.8668461520163481
11.47829960774551 40.37230366159803 0.9903463349999794
5.735155221417153 55.16677173467669 1.031027356422804
1.84964372676315 14.72483530767487 1.001001134447021
47.12448398495302 47.16817734584593 1.082635067060279
1.517399835641216 50.17645927387125 0.9003554821073627
40.28722278321498 38.53040915379786 0.9834584841176985
27.35937148069934 6.083677587138339 0.9799602800044935
37.88334227021939 5.19015842452187 1.042888950802995
19.52926328802913 43.04260149600105 0.9735963178794024
9.873999710601755 31.00756289577464 0.8779047162826221
29.17433460390863 24.13063663809124 0.9802510814257122
26.33082602700723 1.549344551074013 0.9901788627514934
16.27417985874888 12.87360244331584 0.8232398903772524
18.34864709961631 5.010565995709303 1.054774905570678
41.24789328791569 15.86897588980802 0.9140696454932024
30.69514177818557 24.53511604458798 1.008734448839035
35.50685716118051 24.75875649776252 1.0239129813809
44.04367969466545 16.39019940485721 0.9587563419269771
9.213617552171284 49.47817823685621 1.002291036222836
45.4589664444602 19.08761726277304 0.8921017474803909
34.69677219479195 52.66007570999678 0.9602946813338418
39.00450818706513 4.027598195256478 0.8937436755540843
17.62722908874379 50.55671507518586 1.026238357817257
18.49416611552898 31.97880514291059 0.9567956662601718
47.84778103271861 4.770539357685736 1.004319768345055
27.27717544803264 45.2471660497818 0.9706244265893949
13.00592252100162 29.7742211067929 1.018402487863467
22.17423198752768 42.9548374698287 1.115920163455146
35.43301568014222 20.64955247316954 1.14814253058859
50.475466802472 1.918756759687679 0.992279228639681
54.57883246968446 17.52793220920858 1.165444473862159
32.19983716597773 51.78825270421256 0.9316156622751661
8.271852797489545 39.90878796992301 0.9798387034450435
0.9646201901904401 26.76601891301853 1.029610960818801
29.5080782899205 5.735374092466838 0.8861371690842068
36.81055715391904 56.78525373795314 0.983830787672392
5.569286294080916 6.988462636707566 1.061005366383918
52.31531969938209 27.74351828160859 0.9965484686682334
2.131367794764865 28.37631578667849 1.074451915031861
48.15545822780368 52.60683459723687 0.8451825582577492
23.77907354141542 27.87390501605063 1.152603278629764
44.206814432613 55.97891073393585 0.9197227216124513
6.386815848940432 30.93401051775274 0.9753495007579374
49.39716125717254 7.351436039130872 1.021139363535323
13.0201284093876 19.20201096274052 1.13479150222355
29.99336143210221 7.002668525093546 1.052756328613375
13.99113116180111 37.05842922816911 1.098922934662844
6.306166007791723 6.934431268337383 1.01696155132367
4.044368399793454 8.605819627924738 1.004244001249674
25.39867538092596 27.82344194120888 0.9140833809590263
26.80235264860203 2.141882337695864 1.043133821243979
22.0938630742458 33.18916849754246 0.8919244569091113
40.54060456321603 33.77592225967717 1.035301803375278
21.77577862179642 22.93205837203751 1.019262808347734
42.13406936132073 36.97739138592844 0.9341702465804874
41.79857555627756 26.87717889010775 0.9800587262883034
5.724137986416062 14.49994302145203 0.9353720023681621
30.28373892245988 41.03488506797463 1.037183211123508
49.64070469589937 38.61841155989953 0.9025122146411596
5.151549236919521 29.12042933987474 1.009756242572225
31.2623116775706 16.3177644211416 1.064188242565098
8.143070383064016 7.338204533019199 1.08092891399089
41.11412679269636 52.58456737435635 1.009257370856808
14.61573331831756 48.0981567465226 1.011354552764831
28.07554810590835 15.17904993527525 1.000755826361033
26.62698154320334 43.61558721801992 1.036159838469896
8.461792284837827 19.69289463976999 0.8962097562568965
48.06253265638954 38.74553120729771 1.019745075822046
42.90068036871994 21.22518776647057 0.9901337192099128
25.48891371697603 37.12458171561574 0.9956530730407063
53.00583500787887 48.20355672026218 0.9254761947391515
22.83570218404555 10.62156829965374 1.030099370173304
10.37137095274933 10.37726154615044 1.013154331171097
11.39522649831848 36.99835249595267 0.9944876633608881
13.56094210434749 5.454641049008184 1.044810079497186
45.05687779144239 4.623474734194332 1.035931138314971
8.905743569557435 3.273810759314248 1.027810430663314
45.15314190283098 51.80642393827738 0.8938680260016781
31.93100562735042 20.67808817777694 0.9714203948538029
13.39328098781094 28.37335173756506 0.8605573478370021
55.62448660033964 21.00608319416925 0.9391297150491011
11.68626763563895 21.4601887578425 1.066116399425318
17.67636532088573 41.99902244657233 1.009195536695222
4.365242622031477 29.0715918192042 0.9803082298658601
54.4355749708766 35.5583170203298 0.9952822699300568
6.812732435210018 42.49245276231898 1.042433411768933
34.2771102349633 49.08753535062426 1.022018406226885
54.28671545083016 22.43025211125158 0.959296894001524
36.07230773105859 18.82496488970936 1.093320712125269
42.46380212784922 49.46558871886953 0.9704227616231166
12.9482996342463 45.82280320107136 1.030663457072005
31.47013353485154 24.63456726988525 0.9921292104654601
48.09680747524686 22.98779096779776 0.8562019977273591
0.03094909900377928 13.09418239122917 1.039213073328931
48.65249941155896 31.15861478920962 0.9937267029105922
39.95897680565668 31.83429116608309 0.873592007089991
23.92182649016465 22.45823490501299 0.9626465027385378
39.66633915187155 10.81578575252359 0.9515787506289477
29.64075064223294 29.70775098293449 1.078097950526588
11.20423557525698 19.83906724296467 0.9555400944640232
8.661870444036028 14.64193485846833 1.119363171247995
48.78710247938852 18.94486240294988 0.9217309787402727
46.90421968274946 11.83652733584704 0.9664246653078397
33.39744176640988 46.93516878175324 0.9812531445010655
44.40169285163362 16.58320913863518 0.9975893017856128
31.90193890961909 27.3606696307476 0.9502383938883755
22.53169329535761 27.26309582323911 1.06086318326359
26.15511254740651 9.775642150442881 0.9319075090016832
24.35851343784412 27.29680085009746 0.8850710844731419
37.29712931546249 16.14561589068995 1.153767506092621
12.87337651190971 2.952708455711933 0.9608891747738869
26.08105169100736 37.80408626552862 1.009061054788287
40.84341417338858 45.80479568233937 1.033046934951616
35.67142987608511 28.44017081821345 1.001946537482135
10.9787652953429 44.70500932107912 1.029430384697068
29.09509816118288 50.46215842872027 1.036868873416447
16.11735285917174 12.2695009872641 1.031464052154033
18.02682941734178 53.41448217463423 0.9240372441008142
54.45133135069689 54.97038359379879 0.9996963024913947
43.41437560618593 10.3247078626066 1.098402246862588
40.21709608482993 9.821585960137465 0.9854165341755186
34.32088516155299 18.88852593437234 1.08453317100029
20.09164907927236 36.96502341980349 1.082808993722858
11.7642426103187 31.07041437461526 1.118831944861485
24.53257280333553 12.5810202372172 0.9631758304307889
31.58936936528858 40.64992566250727 1.073666780811801
37.06440783714149 53.26563812897803 0.9872682883978814
56.88469145301948 34.51573916129569 1.016962851794623
44.8404470239023 52.15911371920217 1.026060275663415
55.79449432985601 35.96924112549482 1.121885995508258
34.59425207674236 1.806215766261432 0.9574321233422636
1.883860310951183 15.85600882855058 0.9412112017577174
52.82103224835407 52.03546601535541 1.106064384058826
53.0459237913815 20.49106493615129 0.8993657023970564
33.07208519991119 10.48417612560288 1.093943175472857
4.228422204138908 0.92260639784979 1.002906343209686
54.18824452682782 2.985066334710022 0.9942295779998772
18.8085692025761 48.42426619651926 0.9883429018146298
43.58337988917873 45.07862769722875 1.00948750825187
42.61825735197321 43.36161818092764 0.9566120513408366
26.35695255750648 47.4455458640333 0.9630925172168923
11.9098036964004 28.24081286845767 1.030384980027754
22.61365185054655 26.11129987710682 1.032017362488408
9.84074256515165 55.68573705045773 0.909966069179211
56.60834347485022 39.69585093748562 1.050507646887175
55.36199483711366 53.79658797513535 0.9413030057595179
45.22085417165461 31.96505063956839 1.073470314004752
23.81958023962545 31.80423403429065 0.9284754030380769
18.16585221521829 32.89497209754538 0.9682703889076792
19.54142549519494 44.52280477272478 1.087029823803964
15.76361761463975 29.64207262761987 0.847850240749233
26.63225629303244 8.97993984677826 0.8752242797196752
55.24218589684097 54.37831139256168 1.034961933205736
42.96004928693178 8.08292843544992 0.9885851591426219
22.15209323128317 52.67239189132694 1.04716896234774
5.251376200584405 20.51408806839683 1.087763230659549
22.89734411234844 4.504232294626642 1.087713743303
12.49406801932215 42.94102242260288 1.016703198214304
18.83599452014826 33.48349538142024 0.8874199200344748
18.18272498072252 42.17651245518425 1.019380859541519
14.81858505626143 34.56698086604801 0.9268182807995907
42.92628244214053 46.58324459827656 1.019717818466272
43.96155599083824 37.37577953626205 1.035667153949311
49.25139677443141 40.02560440731496 0.9302576643661575
34.91757804756871 28.1669760854761 1.024708233989855
56.11497447272529 15.6022301291126 0.9751472470603535
20.10646242373924 21.35087808982976 0.9247516465368112
7.953340981133906 34.04853230996455 0.9955737920023716
10.5320276648421 13.19352327855002 1.060832316127419
11.96584792992372 18.46675223785767 0.9916807483147595
53.03373310390568 33.06614828951012 1.090389787594813
16.36767758446172 47.44946335323596 0.9768106848796119
27.82524286295531 9.486013349837629 0.9896214314301701
43.35483795607222 30.75654766231614 0.8711748091053723
38.93922866226138 1.807081376578231 0.9078745401724518
50.21981031364752 38.05420313498666 1.010935282448865
23.42749844744219 11.01986264810891 0.9691515923751322
14.56430621285192 18.4382967452697 0.9505935738841855
31.63182002381972 49.77504610585749 1.135129062028493
43.56308611555168 21.77168587118931 1.090762479931378
54.83783416069943 35.92715667650437 0.9268741939977079
30.04628254615063 15.07245073610565 0.8901021416011392
31.62807307142209 48.44796744149549 0.8500517233801322
47.66406240950528 13.56730173368347 1.024944305841063
51.62150486867014 10.66436029722186 1.043820265647097
42.96049305422255 54.68802653564514 0.9809488230974457
8.70788918375405 5.744440439503845 1.019617494316723
27.82628822039174 46.51708733314513 0.9590674009265323
39.29213341245993 17.40386043274955 1.003679224898413
24.22979408885809 1.851612477959885 1.02423959275727
37.14007898566317 20.03515940626858 1.145390488748962
30.9184875809208 4.698543045063756 1.013200604816792
19.11386238602636 46.40155927809028 1.041655582747745
20.19432264063243 13.7353672281538 1.031367304133248
15.54280714343433 20.1312829210103 0.9728732075998938
53.99049424146791 43.36909536382607 0.9968116764516172
45.82720358149484 48.94050366661535 0.9101207316669399
45.23512896487262 13.05699764381023 1.012514513121755
35.12462589336774 31.57088532558218 1.016669345781888
18.2827707623517 15.26470485248822 1.092991658408496
54.74781899561538 16.10975838411122 0.9324525582752995
19.56288226347551 16.86168135509904 1.020180612459113
30.59704858325284 5.577237210970948 0.9587885542021963
45.91202059896291 42.02044234705178 0.9651778227147326
21.64505373344061 36.65112666117545 1.049117209250571
6.740599162290152 9.880182698313233 0.9990845387613495
32.10360063244757 16.39876202465909 1.036516921088736
43.09745505084165 26.70964533775563 1.027333038035819
23.20952071864601 27.68177896816366 0.8312075161746535
12.28216477170687 53.80656930189885 0.9769863083212339
38.82701162240794 30.08230716552693 1.004010960025223
5.649013059981639 43.97873689047002 1.046770699428595
1.778832359602131 45.54114610028507 0.9913775465298017
33.12406282738041 8.519431521892283 0.9968487705997537
9.052146828757667 53.53732008744838 1.031799562792828
53.66493733071952 41.15574746120523 1.05154296693324
10.86539277241816 21.53610245349635 0.9287708613651755
45.82309527686941 20.82747040308428 0.9023893438658271
50.35243027068322 51.09346253568933 0.9965650451081197
38.67533555099524 5.634595015847402 0.965437855998475
6.828780359974495 29.72704343345344 1.049426807951731
45.01665886911408 12.47779344649883 0.93379583382613
8.950729586161081 18.4846126569829 0.9529261005883883
0.4538972831582172 42.07479241354149 1.02752675862488
10.90697951936488 36.05619103417555 0.998495763508654
52.41254616920489 7.571916823541707 0.9329105126172363
47.33430917856018 31.07733126779894 0.9724067520544386
29.88473070826602 36.1574044554296 1.033489334657248
51.86213503445598 28.82629656271371 1.037273953005346
50.89182695741385 42.76216681895878 1.029681523946623
13.19840076388717 32.1949905232503 0.8821654317351342
43.6900583182881 22.14913035004825 1.017832233074425
7.223922763589734 20.68364738565108 1.025282087469292
43.01918168320282 18.13090228295462 0.8571058911174365
46.78035608063468 16.0371282850565 0.9532416664654286
51.02910818300634 19.66508676235801 1.091794801277685
34.19114174237063 15.29589426903794 0.9465213029643577
14.17179028837559 28.08296869978447 0.8695622086045827
32.70974563700601 42.00197678105998 1.003312865726349
48.74226183711657 19.39980392875141 1.025561761194237
6.543759530197717 14.37502986815527 0.9608015663652572
6.105512376458157 49.56294121340054 0.9362036183413822
30.99466903926556 1.208751284148894 1.011280862299212
25.79712768494949 20.77502509335756 0.9286987348038749
40.44011185571556 12.4404123096915 0.9074873364419503
8.760145668760011 3.873871090297527 0.9223129302577692
14.03425608437241 20.2278264207895 0.9561827297703734
12.89013487840543 42.83783210154522 1.08026038068753
27.8398088560625 28.51735957177233 1.038840183285519
7.999684444162848 34.99091598717073 0.9430373025390212
49.365945855326 20.04473696558026 0.9405712236947769
7.106385187761106 24.87187800643587 1.138590837521213
26.08062929058477 51.68721544681453 0.9623260202070533
1.876079293841533 43.32650888633286 1.059953193724532
55.76692119602436 23.27359695698768 0.9393075663634425
46.19006223985463 53.55282723137775 0.9849697131182585
8.510523555106728 23.25914045249072 0.985615291077081
28.58765399343691 21.40065846005485 0.986108799721508
10.00053897546629 36.93678141009844 0.9866152844226643
36.880111299865 18.00022341962914 1.035308119306445
32.5436674205324 7.293643199509775 0.9785292679203815
13.86407280148197 39.65005260829351 1.124786558232567
20.75110680877748 1.246150496530417 1.040643438145029
34.44137601016153 22.62718610261902 1.033256340698351
7.94337722563342 43.33958055234495 1.026131623042701
15.22842422883419 54.13343946548805 0.9566051586466527
5.493267011592755 48.40293133882943 1.122166895353657
47.71244902290052 34.08092100502966 0.957721951721392
36.74620296049221 22.32378400644464 1.103497997565373
40.80435219397971 51.67390033121868 0.9307677906818734
1.967543504185762 30.00719267037101 0.929600436904167
55.99807219626292 34.13306473667411 0.9539034967965212
35.37921525974721 47.20272924387955 0.9170938841855332
42.37636508111672 22.9518746160678 1.050335818110984
9.291455168412744 54.38598074456024 1.024585846099436
47.4531817456955 49.18386295213544 1.046324324920258
40.58679426442217 12.55173831132787 0.9873784151528042
30.02736973577522 53.39038406330644 0.9504270873771402
19.19451278457163 49.10736282221384 0.9385945260701545
37.79482647534219 2.998864952008643 1.076043505799281
26.94513901460224 18.34495670969829 0.9596473539617701
22.8818713677497 39.70649224832025 0.8243973007800115
24.21296121702202 12.06677795484046 1.049202332182951
16.79024302297749 33.50441638543476 1.138563906098436
3.189873472875857 9.275073575449676 0.8604597747158842
43.84378627261323 33.21724323519377 0.9857552131794062
48.31230893000602 29.48311215289082 1.079004254765958
27.85883537533639 35.09357203035316 1.089629946629
23.84237866142875 53.36619751172429 0.9900385862297013
8.550676625012736 46.72425002917845 1.078720038194713
47.98533663013267 8.981911172616254 1.03285360106062
13.11531305597877 15.198297820612 1.029860739750827
48.70271423258945 30.50144780031473 0.8416984863864339
37.14898084762925 17.39099351707426 1.016879633161566
26.66606709252394 48.63728203421332 0.9661996773756852
16.55609752915618 32.33152470473737 0.986629810790525
0.1914951015224192 39.15453707201152 1.012767285865965
37.72749538613832 28.05033047685881 0.9495001074413547
18.25605036563056 41.09048773725074 0.9733873162998207
3.514751341899276 26.80672699064329 1.131646222282549
16.45153930385203 21.80007434347648 1.027483932221924
48.56935224801737 29.5668523598308 0.9163866611621253
2.472408412244361 28.70108639667793 1.044741161286036
43.11948914924613 39.6213892598736 1.030105121536839
22.96024358037871 15.75814700627613 1.027281312330157
39.55026689197415 39.51634110953488 1.008191622898595
47.76072434278239 48.28116681253592 1.084793460739738
12.54703207944847 28.48821970237802 1.020762900756898
35.6367735590957 37.58754765502529 0.8530162433290943
13.8856288925212 39.15152490099497 1.022351298448414
21.7389659498534 23.84581392297792 0.9708808832749199
9.500440975884182 13.30831817132808 1.026265716422493
18.19989953665058 12.04584864296291 0.9975315564517702
38.50646395492669 7.291979423860078 1.104358063990095
43.98304864484027 14.13979814114971 0.9594022287140829
15.90159542667754 34.74377296107997 0.9998568611596901
6.231992636915293 24.75246221653766 0.9356950370386118
1.243768634853777 41.86876619601099 0.9823402407435062
24.02029107046327 12.73428446414614 0.9694105144957309
2.82976415978268 45.75925702031667 0.9154961933246566
2.067575165102061 32.99276466993278 1.04222682353085
1.829018275639516 27.99393468536154 0.8611848400332639
40.03978332832445 13.38430331991255 1.055352468716776
27.32089723615018 42.9986168290482 1.050091572789415
28.50771722174609 4.834059446972822 0.9756104412989134
7.510821807436097 44.40931264842363 0.9278711755261648
15.85794012800694 45.80982504496809 1.051324517186937
37.68424895111669 17.10170878940341 1.11273010689545
32.23110631677839 54.69888228489965 1.016909146547996
55.75854328682578 35.06087047656107 1.043160268933244
47.39107561222794 45.52571444377569 1.094404319569443
11.33140631733993 49.22009388786745 1.069252010935537
12.24901167361485 56.559432430919 0.943595789493239
56.59354902878103 39.56990893630773 0.9409239441669877
32.94093260259411 14.06576645517059 1.075120853650614
22.2786193044291 40.4517544100302 0.9879823811755916
50.66627675744997 34.06779009572593 1.02677902995263
34.43472802100457 24.34486794534366 0.9273035625931296
22.04375023024331 18.85059212560327 0.9675468452203088
44.72670481434404 8.501889482374251 1.009352181768606
54.02760395269264 8.520640116893054 1.036303770826993
27.33787428789673 13.54725302874448 1.019245458761659
13.10668545966348 51.32343482799988 1.040324200156784
22.15679489781931 55.66473471963067 1.033929702032134
38.54948188390093 14.20558025185279 0.9035349488296337
38.90306564928175 34.93302300196748 1.147326642600506
12.00081307115071 8.973327504458524 1.110009584397406
56.91421032553269 32.09286196301359 0.9274381462751708
50.94345408861686 6.365866656585534 0.8906272731607914
30.45985003815025 48.13268788816998 0.9903670185531021
56.65332800506304 11.82152134451155 1.123521525990358
41.03470699304469 51.38321380428188 0.9557023112722555
52.80612714579614 0.4746432115671426 1.063864908061543
14.66292967771316 8.536628294054712 1.045878045554024
22.7422085459075 16.42432279764876 1.011178330786304
31.14543456358157 54.28080805590414 1.02860497010265
6.254135560362663 48.90787547682779 1.040025315311179
18.23910957120318 24.89329740260415 0.9465929783505644
31.25916405918969 44.32568604421135 0.9521023341564288
3.315251521447325 15.74281111580451 1.028220949888496
54.35179330424955 21.97273979288188 0.9990344605180518
52.98923942772171 43.05844188344592 1.060195410958718
43.53308509501306 53.20087170098017 1.029772216425448
0.3319948144871717 21.05434224338007 0.9814977926504206
37.47866504102883 23.55871779963314 1.07131522445081
20.35501141629881 29.47233019232393 0.9910128340914919
21.38020566915171 27.9440750055686 0.910667782185519
51.50244440580832 35.24604167521282 0.9700698956170356
22.57172769288147 43.44189018683596 1.127076972396818
41.50441958080252 37.38486767485033 0.9622386990512367
36.23271462332118 43.76226296451048 1.041160758919199
34.04149183400045 32.22195402450019 0.8765329877927779
24.01732057147535 16.35378988988408 1.012620459209859
11.78030553170494 24.34931538596252 0.9592402021700084
47.42351877289988 17.88679717429299 1.014938184926079
27.75230656738966 10.77853018919869 1.033506517497466
37.38767716586016 11.73933303576863 1.070546443575066
8.401346954238297 31.89012154512579 1.021743699553475
0.6517299835811043 12.55710237732022 1.020068939606941
34.9698757799202 42.15614956438362 0.9863653568736779
54.22490160550219 29.17468464894904 1.070965564064062
11.14260837814892 31.26639341295995 1.014245878942235
46.8458272702274 28.41395924492458 0.9724492546997029
0.3171030894467156 1.626132775389651 1.015208169551899
5.819721543146168 43.18679340378698 1.039998979375693
55.61203242354655 33.57202811053583 1.040730612113424
0.7104927993894056 22.43064703998652 0.8992994374585834
9.243122277428919 47.69586751037085 0.9521622641743606
3.252969861148377 48.92850843953365 0.962611095574106
52.05100182539364 53.19493991331893 1.04951563864644
25.36962456226797 27.4514622578637 0.9709445902041597
23.54229679077039 29.7662632357172 0.9562259721358324
1.180222454099088 11.73187852033036 0.9505098441742608
15.01425680984475 53.94349708498618 0.9762120492782413
40.13029046223047 48.06914619313048 1.065030704657044
54.40600646352675 37.09561402867344 0.9207066513561923
14.44861476097657 37.75079878268335 1.039683657878506
33.86595356271879 23.69173703840549 1.087263824731041
33.58658929941551 31.69963615420258 0.9997591614369261
39.75309460878051 28.63759109826646 1.025513334558311
20.91349447607691 53.26420060324678 0.9994395757606698
26.5134107198163 44.45579126684731 1.140288843673509
0.8439153013024084 27.21068626652038 0.9632539737095049
49.66006469757299 15.85817211114716 1.110793651104733
36.69215049068078 7.284473787194338 0.9646410674855925
33.186324607202 34.09815692766484 0.9507663288075492
45.53346345039711 1.828702576844349 1.051189426577692
50.9774293466366 22.39941698657321 0.8492749080534566
13.22400318236277 2.107028888122658 0.926085981214303
54.12373174080799 52.97709779114327 0.8365915856714076
52.03904625309587 51.65811446246603 1.105348138134493
21.28250835849089 21.55245694636947 1.064195833975843
2.480643097069414 39.95782100407305 1.036218016014636
17.52365843743256 52.1407077946424 1.084467503684517
48.96231560267616 13.44421081591594 1.105556739017197
12.60630050702314 36.34240341854394 0.9725614672215689
38.17110599538829 20.6482706999631 0.9981656068800978
23.53918094399347 6.69154558409543 1.050339300153842
8.798574472218089 40.1960980273765 1.08877482447856
32.74028191749951 39.54319445860721 0.9971044180787674
34.20130889453055 29.4969141411115 0.9184946666189783
49.33178511696485 16.3152145707585 1.048352961189458
56.27303560137425 37.33354477599894 0.9819755914729752
46.95313598213398 55.08902871659446 0.9670338383882648
33.59717229595276 13.97370211452884 0.8340509246258373
40.65523298022115 46.2034728029759 0.9945368180032591
47.34323676039615 31.48721150191837 1.006558041293593
30.97434503351075 13.88241770438963 0.9143096173002502
50.64560183074586 46.97733155823188 1.072413821212108
0.2428093209130733 26.38588372170268 0.9171946129862638
54.16521189229805 6.721834858284255 1.004216232924745
37.95412924464519 46.49699698272021 0.9876046632761336
41.30942517021178 22.310085030417 0.9975585827269914
38.09756033266781 31.26256112580307 0.9654662737584292
1.473583263565592 53.99628601642153 0.9889821904046916
17.08264898559202 42.12881627032944 0.9513163380192364
52.45489060387709 33.54299555325089 1.039535295400454
41.88596602058316 26.42923563738784 0.9765003969213932
43.4759469574671 41.07101506184368 1.081824662515557
13.04205463828615 43.71875627838017 1.040350107725335
52.17597138191385 7.622110649301722 0.9482284868608499
49.28441551340949 33.13010060001635 1.118324811940499
37.63154997286924 14.99167646281034 1.064285206509838
12.6910938749514 1.030663666795317 0.9218351813722122
55.02694968321684 35.18327231946554 0.9432963318088998
56.29349340884643 41.22670844952889 1.024748969135502
21.17761962356866 8.195117207334897 0.8650585691434238
53.53271591222506 7.653566554493069 0.9887350634770884
51.37232283287324 2.723031052724938 1.012360704129583
52.13735115255106 46.54829418824441 1.03757847460402
22.67839476171806 7.464249307505902 0.9571509935460958
2.743231555327415 56.57251094494598 1.043419426238629
14.56418738121362 1.583875931605639 1.063595664219399
41.40544519499198 32.66481071508714 1.066260026850617
10.84808300800998 15.04204647896907 0.9227149012250389
23.65910330119501 56.43010984614031 1.037810282482421
29.89810262522572 30.96805008871856 0.9452838847345182
49.62392451130968 26.43081851090808 1.081260946235123
36.00558903487659 32.99393944954218 1.061425590596081
44.61308783321319 31.14294018742765 1.03041983668441
18.56470680030282 45.22062837296195 0.9931501735477637
5.422478816203065 21.30793838217293 1.014600985044341
4.682719883826897 2.357326672578848 1.010427050743252
52.89913683100563 46.08816510536157 0.9118694810308182
28.520559930485 45.87022042221866 1.034108045038672
26.68973635355464 52.17966323168001 1.039241467271524
36.6084705091121 18.1984328404993 1.082613512262649
10.4482168808804 29.23239499387908 1.03239411438304
14.12245174782465 23.63484038628398 1.025400925750719
25.0637729470915 1.73553955449515 0.948079485960091
37.65042575618737 23.61977419611987 1.016267819204281
56.43150877879537 42.33314564001427 1.057967000653573
31.42131071883315 3.999238256364706 0.9938631584661818
6.978335431301192 2.941870649318151 1.016765084588559
55.12153388099816 38.16978889385694 1.0693219435473
13.14823860356037 34.73000436356757 0.9979454213551843
6.962399330903962 43.99747308576362 1.011676747987634
15.66628900853279 21.08485107872861 1.041452094011879
22.82039063322376 8.41009401921653 0.9394399617261602
31.33606851395968 22.51415969641607 0.9110529517490997
27.63040757581145 5.40300712287566 0.9818227391286903
33.78247764137689 27.06191632806413 0.8907046763586413
6.758816739897624 29.37089734262363 0.8947559192605309
25.09933413104123 56.62827541848099 0.985277880310835
37.79806428579523 19.18720773103983 0.9373620539131429
0.9508723490642721 37.16628602015147 0.9587247428055913
24.1637590793724 1.449952250556067 1.028637958668707
28.99812278523954 34.79607255141999 1.027738879212973
43.20616659717921 16.51608272014003 1.016273261300648
17.33267311487937 10.9587479638675 1.102510300711067
16.36175511328585 3.461263780231245 0.9886598880822546
15.02499701875495 7.097907876175785 1.021572934477356
29.25537135789887 12.97965903020448 0.9461033211192564
9.78845624615832 54.35470551548279 0.9492549043641982
20.57557350097949 50.4059987344807 0.9363630192462086
35.01463310467761 21.52644585004376 0.8474360428933263
29.43971755655469 54.73604380746188 1.041050132879838
22.24824859725695 1.43784034179423 0.9267223798200199
53.25635378680022 18.73828292951839 1.01402180979724
23.94434552357734 13.5890268751369 1.07015153724055
1.552107565827718 46.05878600667175 1.003795735543956
54.08439546920564 16.57710461112536 0.9945672405792266
16.28489676317428 6.783119760818369 1.044854047877098
22.76677072968649 28.89283118531705 1.099044918276691
22.29882989325506 0.6251782125910642 0.9606988918470949
7.868790054167057 52.87111462134454 1.104980054825669
50.60715842880642 43.67172315654891 0.9156617602739026
